timestamp,voltage_v,current_a,current_average_a,discharged_mah,remaining,scale,time_remaining_s,temperature,voltage_cell_v[0],voltage_cell_v[1],voltage_cell_v[2],voltage_cell_v[3],voltage_cell_v[4],voltage_cell_v[5],voltage_cell_v[6],voltage_cell_v[7],voltage_cell_v[8],voltage_cell_v[9],voltage_cell_v[10],voltage_cell_v[11],voltage_cell_v[12],voltage_cell_v[13],max_cell_voltage_delta,full_charge_capacity_wh,remaining_capacity_wh,nominal_voltage,internal_resistance_estimate,ocv_estimate,ocv_estimate_filtered,volt_based_soc_estimate,voltage_prediction,prediction_error,estimation_covariance_norm,capacity,cycle_count,average_time_to_empty,manufacture_date,state_of_health,max_error,interface_error,faults,over_discharge_count,connected,cell_count,source,priority,id,is_powering_off,is_required,warning
1777227498781000,16.2,-1.0,0.022342278,-111.45478,0.9999466,1.0000058,nan,nan,0.0,0.0,0.0,0.0,0.0,0.0,0.0,0.0,0.0,0.0,0.0,0.0,0.0,0.0,0.0,0.0,0.0,0.0,0.005,16.18,16.18,0.98888874,0.0,0.0,6.0133185,0,0,0,0,0,0,0,0,0,1,4,0,0,1,0,0,0
1777227498789000,16.2,-1.0,0.022342278,-111.457,0.9999466,1.0000058,nan,nan,0.0,0.0,0.0,0.0,0.0,0.0,0.0,0.0,0.0,0.0,0.0,0.0,0.0,0.0,0.0,0.0,0.0,0.0,0.005,16.18,16.18,0.98888874,0.0,0.0,6.0133185,0,0,0,0,0,0,0,0,0,1,4,0,0,1,0,0,0
1777227498981000,16.19424,-1.0,0.022258436,-111.51032,0.9996586,1.0000379,nan,nan,0.0,0.0,0.0,0.0,0.0,0.0,0.0,0.0,0.0,0.0,0.0,0.0,0.0,0.0,0.0,0.0,0.0,0.0,0.005,16.17424,16.18,0.98888874,0.0,0.0,6.0133185,0,0,0,0,0,0,0,0,0,1,4,0,0,1,0,0,0
1777227499181000,16.188242,-1.0,0.022169592,-111.565865,0.9988203,1.000131,nan,nan,0.0,0.0,0.0,0.0,0.0,0.0,0.0,0.0,0.0,0.0,0.0,0.0,0.0,0.0,0.0,0.0,0.0,0.0,0.005,16.168242,16.18,0.98888874,0.0,0.0,6.0133185,0,0,0,0,0,0,0,0,0,1,4,0,0,1,0,0,0
1777227499381000,16.182241,-1.0,0.022081096,-111.62141,0.9975319,1.0002743,nan,nan,0.0,0.0,0.0,0.0,0.0,0.0,0.0,0.0,0.0,0.0,0.0,0.0,0.0,0.0,0.0,0.0,0.0,0.0,0.005,16.162241,16.18,0.98888874,0.0,0.0,6.0133185,0,0,0,0,0,0,0,0,0,1,4,0,0,1,0,0,0
1777227499581000,16.176243,-1.0,0.021992961,-111.67695,0.9958725,1.0004588,nan,nan,0.0,0.0,0.0,0.0,0.0,0.0,0.0,0.0,0.0,0.0,0.0,0.0,0.0,0.0,0.0,0.0,0.0,0.0,0.005,16.156242,16.18,0.98888874,0.0,0.0,6.0133185,0,0,0,0,0,0,0,0,0,1,4,0,0,1,0,0,0
1777227499781000,16.170242,-1.0,0.021905174,-111.73249,0.9939146,1.0006766,nan,nan,0.0,0.0,0.0,0.0,0.0,0.0,0.0,0.0,0.0,0.0,0.0,0.0,0.0,0.0,0.0,0.0,0.0,0.0,0.005,16.150242,16.18,0.98888874,0.0,0.0,6.0133185,0,0,0,0,0,0,0,0,0,1,4,0,0,1,0,0,0
1777227499981000,16.164244,-1.0,0.021817736,-111.78803,0.99171066,1.000922,nan,nan,0.0,0.0,0.0,0.0,0.0,0.0,0.0,0.0,0.0,0.0,0.0,0.0,0.0,0.0,0.0,0.0,0.0,0.0,0.005,16.144243,16.18,0.98888874,0.0,0.0,6.0133185,0,0,0,0,0,0,0,0,0,1,4,0,0,1,0,0,0
1777227500181000,16.158243,-1.0,0.021730648,-111.843575,0.9892998,1.0011903,nan,nan,0.0,0.0,0.0,0.0,0.0,0.0,0.0,0.0,0.0,0.0,0.0,0.0,0.0,0.0,0.0,0.0,0.0,0.0,0.005,16.138243,16.18,0.98888874,0.0,0.0,6.0133185,0,0,0,0,0,0,0,0,0,1,4,0,0,1,0,0,0
1777227500381000,16.152245,-1.0,0.02164391,-111.89912,0.98672295,1.0014775,nan,nan,0.0,0.0,0.0,0.0,0.0,0.0,0.0,0.0,0.0,0.0,0.0,0.0,0.0,0.0,0.0,0.0,0.0,0.0,0.005,16.132244,16.18,0.98888874,0.0,0.0,6.0133185,0,0,0,0,0,0,0,0,0,1,4,0,0,1,0,0,0
1777227500581000,16.146244,-1.0,0.021557517,-111.95466,0.98400784,1.00178,nan,nan,0.0,0.0,0.0,0.0,0.0,0.0,0.0,0.0,0.0,0.0,0.0,0.0,0.0,0.0,0.0,0.0,0.0,0.0,0.005,16.126244,16.18,0.98888874,0.0,0.0,6.0133185,0,0,0,0,0,0,0,0,0,1,4,0,0,1,0,0,0
1777227500781000,16.140245,-1.0,0.021471469,-112.0102,0.981184,1.0020951,nan,nan,0.0,0.0,0.0,0.0,0.0,0.0,0.0,0.0,0.0,0.0,0.0,0.0,0.0,0.0,0.0,0.0,0.0,0.0,0.005,16.120245,16.18,0.98888874,0.0,0.0,6.0133185,0,0,0,0,0,0,0,0,0,1,4,0,0,1,0,0,0
1777227500981000,16.134245,-1.0,0.021385765,-112.06574,0.97826576,1.0024208,nan,nan,0.0,0.0,0.0,0.0,0.0,0.0,0.0,0.0,0.0,0.0,0.0,0.0,0.0,0.0,0.0,0.0,0.0,0.0,0.005,16.114244,16.18,0.98888874,0.0,0.0,6.0133185,0,0,0,0,0,0,0,0,0,1,4,0,0,1,0,0,0
1777227501181000,16.128246,-1.0,0.021300402,-112.121284,0.97527313,1.0027549,nan,nan,0.0,0.0,0.0,0.0,0.0,0.0,0.0,0.0,0.0,0.0,0.0,0.0,0.0,0.0,0.0,0.0,0.0,0.0,0.005,16.108246,16.18,0.98888874,0.0,0.0,6.0133185,0,0,0,0,0,0,0,0,0,1,4,0,0,1,0,0,0
1777227501381000,16.122246,-1.0,0.021215381,-112.17683,0.97221947,1.0030963,nan,nan,0.0,0.0,0.0,0.0,0.0,0.0,0.0,0.0,0.0,0.0,0.0,0.0,0.0,0.0,0.0,0.0,0.0,0.0,0.005,16.102245,16.18,0.98888874,0.0,0.0,6.0133185,0,0,0,0,0,0,0,0,0,1,4,0,0,1,0,0,0
1777227501581000,16.116247,-1.0,0.021130698,-112.23237,0.9691143,1.0034435,nan,nan,0.0,0.0,0.0,0.0,0.0,0.0,0.0,0.0,0.0,0.0,0.0,0.0,0.0,0.0,0.0,0.0,0.0,0.0,0.005,16.096247,16.18,0.98888874,0.0,0.0,6.0133185,0,0,0,0,0,0,0,0,0,1,4,0,0,1,0,0,0
1777227501781000,16.110247,-1.0,0.021046354,-112.28791,0.96596813,1.0037956,nan,nan,0.0,0.0,0.0,0.0,0.0,0.0,0.0,0.0,0.0,0.0,0.0,0.0,0.0,0.0,0.0,0.0,0.0,0.0,0.005,16.090246,16.18,0.98888874,0.0,0.0,6.0133185,0,0,0,0,0,0,0,0,0,1,4,0,0,1,0,0,0
1777227501981000,16.104248,-1.0,0.020962344,-112.34345,0.96278954,1.0041516,nan,nan,0.0,0.0,0.0,0.0,0.0,0.0,0.0,0.0,0.0,0.0,0.0,0.0,0.0,0.0,0.0,0.0,0.0,0.0,0.005,16.084248,16.18,0.98888874,0.0,0.0,6.0133185,0,0,0,0,0,0,0,0,0,1,4,0,0,1,0,0,0
1777227502181000,16.098248,-1.0,0.020878673,-112.398994,0.9595823,1.0045111,nan,nan,0.0,0.0,0.0,0.0,0.0,0.0,0.0,0.0,0.0,0.0,0.0,0.0,0.0,0.0,0.0,0.0,0.0,0.0,0.005,16.078247,16.18,0.98888874,0.0,0.0,6.0133185,0,0,0,0,0,0,0,0,0,1,4,0,0,1,0,0,0
1777227502381000,16.092249,-1.0,0.020795336,-112.45454,0.95635223,1.0048734,nan,nan,0.0,0.0,0.0,0.0,0.0,0.0,0.0,0.0,0.0,0.0,0.0,0.0,0.0,0.0,0.0,0.0,0.0,0.0,0.005,16.072248,16.18,0.98888874,0.0,0.0,6.0133185,0,0,0,0,0,0,0,0,0,1,4,0,0,1,0,0,0
1777227502581000,16.086248,-1.0,0.02071233,-112.51008,0.953105,1.0052379,nan,nan,0.0,0.0,0.0,0.0,0.0,0.0,0.0,0.0,0.0,0.0,0.0,0.0,0.0,0.0,0.0,0.0,0.0,0.0,0.005,16.066248,16.18,0.98888874,0.0,0.0,6.0133185,0,0,0,0,0,0,0,0,0,1,4,0,0,1,0,0,0
1777227502781000,16.08025,-1.0,0.020629652,-112.56562,0.94984055,1.0056045,nan,nan,0.0,0.0,0.0,0.0,0.0,0.0,0.0,0.0,0.0,0.0,0.0,0.0,0.0,0.0,0.0,0.0,0.0,0.0,0.005,16.06025,16.18,0.98888874,0.0,0.0,6.0133185,0,0,0,0,0,0,0,0,0,1,4,0,0,1,0,0,0
1777227502981000,16.07425,-1.0,0.02054731,-112.62116,0.94656277,1.005973,nan,nan,0.0,0.0,0.0,0.0,0.0,0.0,0.0,0.0,0.0,0.0,0.0,0.0,0.0,0.0,0.0,0.0,0.0,0.0,0.005,16.054249,16.18,0.98888874,0.0,0.0,6.0133185,0,0,0,0,0,0,0,0,0,1,4,0,0,1,0,0,0
1777227503181000,16.06825,-1.0,0.020465292,-112.676704,0.94327736,1.0063424,nan,nan,0.0,0.0,0.0,0.0,0.0,0.0,0.0,0.0,0.0,0.0,0.0,0.0,0.0,0.0,0.0,0.0,0.0,0.0,0.005,16.04825,16.18,0.98888874,0.0,0.0,6.0133185,0,0,0,0,0,0,0,0,0,1,4,0,0,1,0,0,0
1777227503381000,16.06225,-1.0,0.020383604,-112.73225,0.93998337,1.0067133,nan,nan,0.0,0.0,0.0,0.0,0.0,0.0,0.0,0.0,0.0,0.0,0.0,0.0,0.0,0.0,0.0,0.0,0.0,0.0,0.005,16.04225,16.18,0.98888874,0.0,0.0,6.0133185,0,0,0,0,0,0,0,0,0,1,4,0,0,1,0,0,0
1777227503581000,16.056252,-1.0,0.02030224,-112.78779,0.936677,1.0070857,nan,nan,0.0,0.0,0.0,0.0,0.0,0.0,0.0,0.0,0.0,0.0,0.0,0.0,0.0,0.0,0.0,0.0,0.0,0.0,0.005,16.036251,16.18,0.98888874,0.0,0.0,6.0133185,0,0,0,0,0,0,0,0,0,1,4,0,0,1,0,0,0
1777227503781000,16.050251,-1.0,0.020221204,-112.84333,0.9333706,1.0074584,nan,nan,0.0,0.0,0.0,0.0,0.0,0.0,0.0,0.0,0.0,0.0,0.0,0.0,0.0,0.0,0.0,0.0,0.0,0.0,0.005,16.03025,16.18,0.98888874,0.0,0.0,6.0133185,0,0,0,0,0,0,0,0,0,1,4,0,0,1,0,0,0
1777227503981000,16.044252,-1.0,0.020140484,-112.89887,0.9300604,1.0078319,nan,nan,0.0,0.0,0.0,0.0,0.0,0.0,0.0,0.0,0.0,0.0,0.0,0.0,0.0,0.0,0.0,0.0,0.0,0.0,0.005,16.024252,16.18,0.98888874,0.0,0.0,6.0133185,0,0,0,0,0,0,0,0,0,1,4,0,0,1,0,0,0
1777227504181000,16.038252,-1.0,0.020060096,-112.954414,0.9267435,1.0082064,nan,nan,0.0,0.0,0.0,0.0,0.0,0.0,0.0,0.0,0.0,0.0,0.0,0.0,0.0,0.0,0.0,0.0,0.0,0.0,0.005,16.018251,16.18,0.98888874,0.0,0.0,6.0133185,0,0,0,0,0,0,0,0,0,1,4,0,0,1,0,0,0
1777227504381000,16.032253,-1.0,0.019980025,-113.00996,0.9234247,1.0085813,nan,nan,0.0,0.0,0.0,0.0,0.0,0.0,0.0,0.0,0.0,0.0,0.0,0.0,0.0,0.0,0.0,0.0,0.0,0.0,0.005,16.012253,16.18,0.98888874,0.0,0.0,6.0133185,0,0,0,0,0,0,0,0,0,1,4,0,0,1,0,0,0
1777227504581000,16.026253,-1.0,0.019900266,-113.0655,0.9200983,1.0089575,nan,nan,0.0,0.0,0.0,0.0,0.0,0.0,0.0,0.0,0.0,0.0,0.0,0.0,0.0,0.0,0.0,0.0,0.0,0.0,0.005,16.006252,16.18,0.98888874,0.0,0.0,6.0133185,0,0,0,0,0,0,0,0,0,1,4,0,0,1,0,0,0
1777227504781000,16.020254,-1.0,0.019820837,-113.12104,0.91677094,1.009334,nan,nan,0.0,0.0,0.0,0.0,0.0,0.0,0.0,0.0,0.0,0.0,0.0,0.0,0.0,0.0,0.0,0.0,0.0,0.0,0.005,16.000254,16.18,0.98888874,0.0,0.0,6.0133185,0,0,0,0,0,0,0,0,0,1,4,0,0,1,0,0,0
1777227504981000,16.014254,-1.0,0.019741723,-113.17658,0.91344357,1.0097108,nan,nan,0.0,0.0,0.0,0.0,0.0,0.0,0.0,0.0,0.0,0.0,0.0,0.0,0.0,0.0,0.0,0.0,0.0,0.0,0.005,15.994253,16.18,0.98888874,0.0,0.0,6.0133185,0,0,0,0,0,0,0,0,0,1,4,0,0,1,0,0,0
1777227505181000,16.008255,-1.0,0.019662924,-113.232124,0.9101162,1.0100878,nan,nan,0.0,0.0,0.0,0.0,0.0,0.0,0.0,0.0,0.0,0.0,0.0,0.0,0.0,0.0,0.0,0.0,0.0,0.0,0.005,15.988255,16.18,0.98888874,0.0,0.0,6.0133185,0,0,0,0,0,0,0,0,0,1,4,0,0,1,0,0,0
1777227505381000,16.002254,-1.0,0.019584436,-113.28767,0.9067888,1.0104651,nan,nan,0.0,0.0,0.0,0.0,0.0,0.0,0.0,0.0,0.0,0.0,0.0,0.0,0.0,0.0,0.0,0.0,0.0,0.0,0.005,15.982254,16.18,0.98888874,0.0,0.0,6.0133185,0,0,0,0,0,0,0,0,0,1,4,0,0,1,0,0,0
1777227505581000,15.996256,-1.0,0.019506257,-113.34321,0.90346146,1.0108428,nan,nan,0.0,0.0,0.0,0.0,0.0,0.0,0.0,0.0,0.0,0.0,0.0,0.0,0.0,0.0,0.0,0.0,0.0,0.0,0.005,15.976255,16.18,0.98888874,0.0,0.0,6.0133185,0,0,0,0,0,0,0,0,0,1,4,0,0,1,0,0,0
1777227505781000,15.990255,-1.0,0.01942839,-113.39875,0.9001341,1.0112207,nan,nan,0.0,0.0,0.0,0.0,0.0,0.0,0.0,0.0,0.0,0.0,0.0,0.0,0.0,0.0,0.0,0.0,0.0,0.0,0.005,15.970255,16.18,0.98888874,0.0,0.0,6.0133185,0,0,0,0,0,0,0,0,0,1,4,0,0,1,0,0,0
1777227505981000,15.984257,-1.0,0.019350832,-113.45429,0.8968067,1.0115988,nan,nan,0.0,0.0,0.0,0.0,0.0,0.0,0.0,0.0,0.0,0.0,0.0,0.0,0.0,0.0,0.0,0.0,0.0,0.0,0.005,15.964256,16.18,0.98888874,0.0,0.0,6.0133185,0,0,0,0,0,0,0,0,0,1,4,0,0,1,0,0,0
1777227506181000,15.978256,-1.0,0.019273585,-113.509834,0.89347935,1.0119773,nan,nan,0.0,0.0,0.0,0.0,0.0,0.0,0.0,0.0,0.0,0.0,0.0,0.0,0.0,0.0,0.0,0.0,0.0,0.0,0.005,15.958256,16.18,0.98888874,0.0,0.0,6.0133185,0,0,0,0,0,0,0,0,0,1,4,0,0,1,0,0,0
1777227506381000,15.972258,-1.0,0.019196648,-113.56538,0.89015293,1.012356,nan,nan,0.0,0.0,0.0,0.0,0.0,0.0,0.0,0.0,0.0,0.0,0.0,0.0,0.0,0.0,0.0,0.0,0.0,0.0,0.005,15.952257,16.18,0.98888874,0.0,0.0,6.0133185,0,0,0,0,0,0,0,0,0,1,4,0,0,1,0,0,0
1777227506581000,15.966257,-1.0,0.019120023,-113.62092,0.88682175,1.0127355,nan,nan,0.0,0.0,0.0,0.0,0.0,0.0,0.0,0.0,0.0,0.0,0.0,0.0,0.0,0.0,0.0,0.0,0.0,0.0,0.005,15.946257,16.18,0.98888874,0.0,0.0,6.0133185,0,0,0,0,0,0,0,0,0,1,4,0,0,1,0,0,0
1777227506781000,15.9602585,-1.0,0.019043706,-113.67646,0.88348866,1.0131154,nan,nan,0.0,0.0,0.0,0.0,0.0,0.0,0.0,0.0,0.0,0.0,0.0,0.0,0.0,0.0,0.0,0.0,0.0,0.0,0.005,15.940258,16.18,0.98888874,0.0,0.0,6.0133185,0,0,0,0,0,0,0,0,0,1,4,0,0,1,0,0,0
1777227506981000,15.954258,-1.0,0.018967696,-113.732,0.8801565,1.0134957,nan,nan,0.0,0.0,0.0,0.0,0.0,0.0,0.0,0.0,0.0,0.0,0.0,0.0,0.0,0.0,0.0,0.0,0.0,0.0,0.005,15.9342575,16.18,0.98888874,0.0,0.0,6.0133185,0,0,0,0,0,0,0,0,0,1,4,0,0,1,0,0,0
1777227507181000,15.948259,-1.0,0.018891985,-113.787544,0.8768234,1.0138761,nan,nan,0.0,0.0,0.0,0.0,0.0,0.0,0.0,0.0,0.0,0.0,0.0,0.0,0.0,0.0,0.0,0.0,0.0,0.0,0.005,15.928259,16.18,0.98888874,0.0,0.0,6.0133185,0,0,0,0,0,0,0,0,0,1,4,0,0,1,0,0,0
1777227507381000,15.942259,-1.0,0.01881657,-113.84309,0.8734913,1.014257,nan,nan,0.0,0.0,0.0,0.0,0.0,0.0,0.0,0.0,0.0,0.0,0.0,0.0,0.0,0.0,0.0,0.0,0.0,0.0,0.005,15.922258,16.18,0.98888874,0.0,0.0,6.0133185,0,0,0,0,0,0,0,0,0,1,4,0,0,1,0,0,0
1777227507581000,15.93626,-1.0,0.018741462,-113.89863,0.87015915,1.014638,nan,nan,0.0,0.0,0.0,0.0,0.0,0.0,0.0,0.0,0.0,0.0,0.0,0.0,0.0,0.0,0.0,0.0,0.0,0.0,0.005,15.91626,16.18,0.98888874,0.0,0.0,6.0133185,0,0,0,0,0,0,0,0,0,1,4,0,0,1,0,0,0
1777227507781000,15.93026,-1.0,0.018666659,-113.95417,0.86682606,1.0150193,nan,nan,0.0,0.0,0.0,0.0,0.0,0.0,0.0,0.0,0.0,0.0,0.0,0.0,0.0,0.0,0.0,0.0,0.0,0.0,0.005,15.910259,16.18,0.98888874,0.0,0.0,6.0133185,0,0,0,0,0,0,0,0,0,1,4,0,0,1,0,0,0
1777227507981000,15.924261,-1.0,0.018592143,-114.00971,0.8634939,1.015401,nan,nan,0.0,0.0,0.0,0.0,0.0,0.0,0.0,0.0,0.0,0.0,0.0,0.0,0.0,0.0,0.0,0.0,0.0,0.0,0.005,15.904261,16.18,0.98888874,0.0,0.0,6.0133185,0,0,0,0,0,0,0,0,0,1,4,0,0,1,0,0,0
1777227508181000,15.918261,-1.0,0.018517934,-114.065254,0.8601608,1.0157828,nan,nan,0.0,0.0,0.0,0.0,0.0,0.0,0.0,0.0,0.0,0.0,0.0,0.0,0.0,0.0,0.0,0.0,0.0,0.0,0.005,15.89826,16.18,0.98888874,0.0,0.0,6.0133185,0,0,0,0,0,0,0,0,0,1,4,0,0,1,0,0,0
1777227508381000,15.912262,-1.0,0.018444015,-114.1208,0.8568287,1.0161651,nan,nan,0.0,0.0,0.0,0.0,0.0,0.0,0.0,0.0,0.0,0.0,0.0,0.0,0.0,0.0,0.0,0.0,0.0,0.0,0.005,15.8922615,16.18,0.98888874,0.0,0.0,6.0133185,0,0,0,0,0,0,0,0,0,1,4,0,0,1,0,0,0
1777227508581000,15.906261,-1.0,0.018370396,-114.17634,0.8534956,1.0165476,nan,nan,0.0,0.0,0.0,0.0,0.0,0.0,0.0,0.0,0.0,0.0,0.0,0.0,0.0,0.0,0.0,0.0,0.0,0.0,0.005,15.886261,16.18,0.98888874,0.0,0.0,6.0133185,0,0,0,0,0,0,0,0,0,1,4,0,0,1,0,0,0
1777227508781000,15.900263,-1.0,0.018297067,-114.23188,0.85016346,1.0169303,nan,nan,0.0,0.0,0.0,0.0,0.0,0.0,0.0,0.0,0.0,0.0,0.0,0.0,0.0,0.0,0.0,0.0,0.0,0.0,0.005,15.880262,16.18,0.98888874,0.0,0.0,6.0133185,0,0,0,0,0,0,0,0,0,1,4,0,0,1,0,0,0
1777227508981000,15.894262,-1.0,0.018224036,-114.28742,0.84683037,1.0173135,nan,nan,0.0,0.0,0.0,0.0,0.0,0.0,0.0,0.0,0.0,0.0,0.0,0.0,0.0,0.0,0.0,0.0,0.0,0.0,0.005,15.874262,16.18,0.98888874,0.0,0.0,6.0133185,0,0,0,0,0,0,0,0,0,1,4,0,0,1,0,0,0
1777227509181000,15.888264,-1.0,0.01815129,-114.342964,0.84349823,1.0176969,nan,nan,0.0,0.0,0.0,0.0,0.0,0.0,0.0,0.0,0.0,0.0,0.0,0.0,0.0,0.0,0.0,0.0,0.0,0.0,0.005,15.868263,16.18,0.98888874,0.0,0.0,6.0133185,0,0,0,0,0,0,0,0,0,1,4,0,0,1,0,0,0
1777227509381000,15.882263,-1.0,0.018078838,-114.398506,0.8401661,1.0180805,nan,nan,0.0,0.0,0.0,0.0,0.0,0.0,0.0,0.0,0.0,0.0,0.0,0.0,0.0,0.0,0.0,0.0,0.0,0.0,0.005,15.862263,16.18,0.98888874,0.0,0.0,6.0133185,0,0,0,0,0,0,0,0,0,1,4,0,0,1,0,0,0
1777227509581000,15.876265,-1.0,0.018006677,-114.45405,0.836833,1.0184644,nan,nan,0.0,0.0,0.0,0.0,0.0,0.0,0.0,0.0,0.0,0.0,0.0,0.0,0.0,0.0,0.0,0.0,0.0,0.0,0.005,15.856264,16.18,0.98888874,0.0,0.0,6.0133185,0,0,0,0,0,0,0,0,0,1,4,0,0,1,0,0,0
1777227509781000,15.870264,-1.0,0.0179348,-114.50959,0.83350086,1.0188487,nan,nan,0.0,0.0,0.0,0.0,0.0,0.0,0.0,0.0,0.0,0.0,0.0,0.0,0.0,0.0,0.0,0.0,0.0,0.0,0.005,15.850264,16.18,0.98888874,0.0,0.0,6.0133185,0,0,0,0,0,0,0,0,0,1,4,0,0,1,0,0,0
1777227509981000,15.864265,-1.0,0.01786321,-114.56513,0.8301678,1.0192331,nan,nan,0.0,0.0,0.0,0.0,0.0,0.0,0.0,0.0,0.0,0.0,0.0,0.0,0.0,0.0,0.0,0.0,0.0,0.0,0.005,15.844265,16.18,0.98888874,0.0,0.0,6.0133185,0,0,0,0,0,0,0,0,0,1,4,0,0,1,0,0,0
1777227510181000,15.858265,-1.0,0.017791906,-114.620674,0.82683563,1.0196179,nan,nan,0.0,0.0,0.0,0.0,0.0,0.0,0.0,0.0,0.0,0.0,0.0,0.0,0.0,0.0,0.0,0.0,0.0,0.0,0.005,15.838264,16.18,0.98888874,0.0,0.0,6.0133185,0,0,0,0,0,0,0,0,0,1,4,0,0,1,0,0,0
1777227510381000,15.852265,-1.0,0.01772089,-114.676216,0.82350254,1.0200031,nan,nan,0.0,0.0,0.0,0.0,0.0,0.0,0.0,0.0,0.0,0.0,0.0,0.0,0.0,0.0,0.0,0.0,0.0,0.0,0.005,15.832265,16.18,0.98888874,0.0,0.0,6.0133185,0,0,0,0,0,0,0,0,0,1,4,0,0,1,0,0,0
1777227510581000,15.846266,-1.0,0.017650155,-114.73176,0.8201704,1.0203885,nan,nan,0.0,0.0,0.0,0.0,0.0,0.0,0.0,0.0,0.0,0.0,0.0,0.0,0.0,0.0,0.0,0.0,0.0,0.0,0.005,15.826265,16.18,0.98888874,0.0,0.0,6.0133185,0,0,0,0,0,0,0,0,0,1,4,0,0,1,0,0,0
1777227510781000,15.840266,-1.0,0.017579703,-114.7873,0.8168373,1.0207741,nan,nan,0.0,0.0,0.0,0.0,0.0,0.0,0.0,0.0,0.0,0.0,0.0,0.0,0.0,0.0,0.0,0.0,0.0,0.0,0.005,15.820266,16.18,0.98888874,0.0,0.0,6.0133185,0,0,0,0,0,0,0,0,0,1,4,0,0,1,0,0,0
1777227510981000,15.834267,-1.0,0.017509533,-114.84284,0.8135052,1.0211601,nan,nan,0.0,0.0,0.0,0.0,0.0,0.0,0.0,0.0,0.0,0.0,0.0,0.0,0.0,0.0,0.0,0.0,0.0,0.0,0.005,15.814266,16.18,0.98888874,0.0,0.0,6.0133185,0,0,0,0,0,0,0,0,0,1,4,0,0,1,0,0,0
1777227511181000,15.828267,-1.0,0.017439643,-114.898384,0.81017303,1.0215464,nan,nan,0.0,0.0,0.0,0.0,0.0,0.0,0.0,0.0,0.0,0.0,0.0,0.0,0.0,0.0,0.0,0.0,0.0,0.0,0.005,15.808267,16.18,0.98888874,0.0,0.0,6.0133185,0,0,0,0,0,0,0,0,0,1,4,0,0,1,0,0,0
1777227511381000,15.822268,-1.0,0.017370032,-114.953926,0.80683994,1.021933,nan,nan,0.0,0.0,0.0,0.0,0.0,0.0,0.0,0.0,0.0,0.0,0.0,0.0,0.0,0.0,0.0,0.0,0.0,0.0,0.005,15.802267,16.18,0.98888874,0.0,0.0,6.0133185,0,0,0,0,0,0,0,0,0,1,4,0,0,1,0,0,0
1777227511581000,15.816268,-1.0,0.017300699,-115.00947,0.8035078,1.0223198,nan,nan,0.0,0.0,0.0,0.0,0.0,0.0,0.0,0.0,0.0,0.0,0.0,0.0,0.0,0.0,0.0,0.0,0.0,0.0,0.005,15.7962675,16.18,0.98888874,0.0,0.0,6.0133185,0,0,0,0,0,0,0,0,0,1,4,0,0,1,0,0,0
1777227511781000,15.810268,-1.0,0.01723164,-115.06501,0.8001747,1.022707,nan,nan,0.0,0.0,0.0,0.0,0.0,0.0,0.0,0.0,0.0,0.0,0.0,0.0,0.0,0.0,0.0,0.0,0.0,0.0,0.005,15.790268,16.18,0.98888874,0.0,0.0,6.0133185,0,0,0,0,0,0,0,0,0,1,4,0,0,1,0,0,0
1777227511981000,15.804269,-1.0,0.017162858,-115.12055,0.7968426,1.0230944,nan,nan,0.0,0.0,0.0,0.0,0.0,0.0,0.0,0.0,0.0,0.0,0.0,0.0,0.0,0.0,0.0,0.0,0.0,0.0,0.005,15.784268,16.18,0.98888874,0.0,0.0,6.0133185,0,0,0,0,0,0,0,0,0,1,4,0,0,1,0,0,0
1777227512181000,15.798269,-1.0,0.01709435,-115.176094,0.7935095,1.0234821,nan,nan,0.0,0.0,0.0,0.0,0.0,0.0,0.0,0.0,0.0,0.0,0.0,0.0,0.0,0.0,0.0,0.0,0.0,0.0,0.005,15.778269,16.18,0.98888874,0.0,0.0,6.0133185,0,0,0,0,0,0,0,0,0,1,4,0,0,1,0,0,0
1777227512381000,15.79227,-1.0,0.017026115,-115.231636,0.79017735,1.0238701,nan,nan,0.0,0.0,0.0,0.0,0.0,0.0,0.0,0.0,0.0,0.0,0.0,0.0,0.0,0.0,0.0,0.0,0.0,0.0,0.005,15.772269,16.18,0.98888874,0.0,0.0,6.0133185,0,0,0,0,0,0,0,0,0,1,4,0,0,1,0,0,0
1777227512581000,15.78627,-1.0,0.016958155,-115.28718,0.7868452,1.0242585,nan,nan,0.0,0.0,0.0,0.0,0.0,0.0,0.0,0.0,0.0,0.0,0.0,0.0,0.0,0.0,0.0,0.0,0.0,0.0,0.005,15.76627,16.18,0.98888874,0.0,0.0,6.0133185,0,0,0,0,0,0,0,0,0,1,4,0,0,1,0,0,0
1777227512781000,15.780271,-1.0,0.016890462,-115.34272,0.7835121,1.0246471,nan,nan,0.0,0.0,0.0,0.0,0.0,0.0,0.0,0.0,0.0,0.0,0.0,0.0,0.0,0.0,0.0,0.0,0.0,0.0,0.005,15.76027,16.18,0.98888874,0.0,0.0,6.0133185,0,0,0,0,0,0,0,0,0,1,4,0,0,1,0,0,0
1777227512981000,15.774271,-1.0,0.016823042,-115.39826,0.78018,1.025036,nan,nan,0.0,0.0,0.0,0.0,0.0,0.0,0.0,0.0,0.0,0.0,0.0,0.0,0.0,0.0,0.0,0.0,0.0,0.0,0.005,15.754271,16.18,0.98888874,0.0,0.0,6.0133185,0,0,0,0,0,0,0,0,0,1,4,0,0,1,0,0,0
1777227513181000,15.768271,-1.0,0.016755892,-115.453804,0.7768469,1.0254252,nan,nan,0.0,0.0,0.0,0.0,0.0,0.0,0.0,0.0,0.0,0.0,0.0,0.0,0.0,0.0,0.0,0.0,0.0,0.0,0.005,15.748271,16.18,0.98888874,0.0,0.0,6.0133185,0,0,0,0,0,0,0,0,0,1,4,0,0,1,0,0,0
1777227513381000,15.762272,-1.0,0.016689008,-115.509346,0.7735138,1.0258148,nan,nan,0.0,0.0,0.0,0.0,0.0,0.0,0.0,0.0,0.0,0.0,0.0,0.0,0.0,0.0,0.0,0.0,0.0,0.0,0.005,15.742271,16.18,0.98888874,0.0,0.0,6.0133185,0,0,0,0,0,0,0,0,0,1,4,0,0,1,0,0,0
1777227513581000,15.756272,-1.0,0.016622392,-115.56489,0.7701807,1.0262047,nan,nan,0.0,0.0,0.0,0.0,0.0,0.0,0.0,0.0,0.0,0.0,0.0,0.0,0.0,0.0,0.0,0.0,0.0,0.0,0.005,15.736272,16.18,0.98888874,0.0,0.0,6.0133185,0,0,0,0,0,0,0,0,0,1,4,0,0,1,0,0,0
1777227513781000,15.750273,-1.0,0.016556043,-115.62043,0.7668476,1.0265948,nan,nan,0.0,0.0,0.0,0.0,0.0,0.0,0.0,0.0,0.0,0.0,0.0,0.0,0.0,0.0,0.0,0.0,0.0,0.0,0.005,15.730272,16.18,0.98888874,0.0,0.0,6.0133185,0,0,0,0,0,0,0,0,0,1,4,0,0,1,0,0,0
1777227513981000,15.744273,-1.0,0.016489958,-115.67597,0.7635145,1.0269853,nan,nan,0.0,0.0,0.0,0.0,0.0,0.0,0.0,0.0,0.0,0.0,0.0,0.0,0.0,0.0,0.0,0.0,0.0,0.0,0.005,15.724273,16.18,0.98888874,0.0,0.0,6.0133185,0,0,0,0,0,0,0,0,0,1,4,0,0,1,0,0,0
1777227514181000,15.738274,-1.0,0.016424136,-115.731514,0.7601814,1.027376,nan,nan,0.0,0.0,0.0,0.0,0.0,0.0,0.0,0.0,0.0,0.0,0.0,0.0,0.0,0.0,0.0,0.0,0.0,0.0,0.005,15.718273,16.18,0.98888874,0.0,0.0,6.0133185,0,0,0,0,0,0,0,0,0,1,4,0,0,1,0,0,0
1777227514381000,15.732274,-1.0,0.016358579,-115.787056,0.75684834,1.0277671,nan,nan,0.0,0.0,0.0,0.0,0.0,0.0,0.0,0.0,0.0,0.0,0.0,0.0,0.0,0.0,0.0,0.0,0.0,0.0,0.005,15.712274,16.18,0.98888874,0.0,0.0,6.0133185,0,0,0,0,0,0,0,0,0,1,4,0,0,1,0,0,0
1777227514581000,15.7262745,-1.0,0.01629328,-115.8426,0.75351524,1.0281584,nan,nan,0.0,0.0,0.0,0.0,0.0,0.0,0.0,0.0,0.0,0.0,0.0,0.0,0.0,0.0,0.0,0.0,0.0,0.0,0.005,15.706274,16.18,0.98888874,0.0,0.0,6.0133185,0,0,0,0,0,0,0,0,0,1,4,0,0,1,0,0,0
1777227514781000,15.720275,-1.0,0.016228244,-115.89814,0.75018215,1.02855,nan,nan,0.0,0.0,0.0,0.0,0.0,0.0,0.0,0.0,0.0,0.0,0.0,0.0,0.0,0.0,0.0,0.0,0.0,0.0,0.005,15.700274,16.18,0.98888874,0.0,0.0,6.0133185,0,0,0,0,0,0,0,0,0,1,4,0,0,1,0,0,0
1777227514981000,15.714275,-1.0,0.016163468,-115.95368,0.74684906,1.028942,nan,nan,0.0,0.0,0.0,0.0,0.0,0.0,0.0,0.0,0.0,0.0,0.0,0.0,0.0,0.0,0.0,0.0,0.0,0.0,0.005,15.694275,16.18,0.98888874,0.0,0.0,6.0133185,0,0,0,0,0,0,0,0,0,1,4,0,0,1,0,0,0
1777227515181000,15.708276,-1.0,0.016098952,-116.009224,0.74351597,1.0293342,nan,nan,0.0,0.0,0.0,0.0,0.0,0.0,0.0,0.0,0.0,0.0,0.0,0.0,0.0,0.0,0.0,0.0,0.0,0.0,0.005,15.688275,16.18,0.98888874,0.0,0.0,6.0133185,0,0,0,0,0,0,0,0,0,1,4,0,0,1,0,0,0
1777227515381000,15.702276,-1.0,0.016034693,-116.064766,0.7401829,1.0297267,nan,nan,0.0,0.0,0.0,0.0,0.0,0.0,0.0,0.0,0.0,0.0,0.0,0.0,0.0,0.0,0.0,0.0,0.0,0.0,0.005,15.682276,16.18,0.98888874,0.0,0.0,6.0133185,0,0,0,0,0,0,0,0,0,1,4,0,0,1,0,0,0
1777227515581000,15.696277,-1.0,0.015970686,-116.12031,0.7368498,1.0301197,nan,nan,0.0,0.0,0.0,0.0,0.0,0.0,0.0,0.0,0.0,0.0,0.0,0.0,0.0,0.0,0.0,0.0,0.0,0.0,0.005,15.676276,16.18,0.98888874,0.0,0.0,6.0133185,0,0,0,0,0,0,0,0,0,1,4,0,0,1,0,0,0
1777227515781000,15.690277,-1.0,0.01590694,-116.17585,0.7335167,1.0305128,nan,nan,0.0,0.0,0.0,0.0,0.0,0.0,0.0,0.0,0.0,0.0,0.0,0.0,0.0,0.0,0.0,0.0,0.0,0.0,0.005,15.670277,16.18,0.98888874,0.0,0.0,6.0133185,0,0,0,0,0,0,0,0,0,1,4,0,0,1,0,0,0
1777227515981000,15.684278,-1.0,0.015843445,-116.23139,0.7301836,1.0309062,nan,nan,0.0,0.0,0.0,0.0,0.0,0.0,0.0,0.0,0.0,0.0,0.0,0.0,0.0,0.0,0.0,0.0,0.0,0.0,0.005,15.664277,16.18,0.98888874,0.0,0.0,6.0133185,0,0,0,0,0,0,0,0,0,1,4,0,0,1,0,0,0
1777227516181000,15.678278,-1.0,0.015780205,-116.286934,0.7268505,1.0313,nan,nan,0.0,0.0,0.0,0.0,0.0,0.0,0.0,0.0,0.0,0.0,0.0,0.0,0.0,0.0,0.0,0.0,0.0,0.0,0.005,15.6582775,16.18,0.98888874,0.0,0.0,6.0133185,0,0,0,0,0,0,0,0,0,1,4,0,0,1,0,0,0
1777227516381000,15.672278,-1.0,0.015717218,-116.342476,0.7235174,1.0316939,nan,nan,0.0,0.0,0.0,0.0,0.0,0.0,0.0,0.0,0.0,0.0,0.0,0.0,0.0,0.0,0.0,0.0,0.0,0.0,0.005,15.652278,16.18,0.98888874,0.0,0.0,6.0133185,0,0,0,0,0,0,0,0,0,1,4,0,0,1,0,0,0
1777227516581000,15.666279,-1.0,0.015654482,-116.39802,0.7201843,1.0320883,nan,nan,0.0,0.0,0.0,0.0,0.0,0.0,0.0,0.0,0.0,0.0,0.0,0.0,0.0,0.0,0.0,0.0,0.0,0.0,0.005,15.646278,16.18,0.98888874,0.0,0.0,6.0133185,0,0,0,0,0,0,0,0,0,1,4,0,0,1,0,0,0
1777227516781000,15.660279,-1.0,0.015591994,-116.45356,0.71685123,1.032483,nan,nan,0.0,0.0,0.0,0.0,0.0,0.0,0.0,0.0,0.0,0.0,0.0,0.0,0.0,0.0,0.0,0.0,0.0,0.0,0.005,15.640279,16.18,0.98888874,0.0,0.0,6.0133185,0,0,0,0,0,0,0,0,0,1,4,0,0,1,0,0,0
1777227516981000,15.65428,-1.0,0.015529758,-116.5091,0.71351814,1.0328779,nan,nan,0.0,0.0,0.0,0.0,0.0,0.0,0.0,0.0,0.0,0.0,0.0,0.0,0.0,0.0,0.0,0.0,0.0,0.0,0.005,15.634279,16.18,0.98888874,0.0,0.0,6.0133185,0,0,0,0,0,0,0,0,0,1,4,0,0,1,0,0,0
1777227517181000,15.64828,-1.0,0.0154677695,-116.564644,0.71018505,1.0332731,nan,nan,0.0,0.0,0.0,0.0,0.0,0.0,0.0,0.0,0.0,0.0,0.0,0.0,0.0,0.0,0.0,0.0,0.0,0.0,0.005,15.62828,16.18,0.98888874,0.0,0.0,6.0133185,0,0,0,0,0,0,0,0,0,1,4,0,0,1,0,0,0
1777227517381000,15.642281,-1.0,0.015406028,-116.620186,0.70685196,1.0336686,nan,nan,0.0,0.0,0.0,0.0,0.0,0.0,0.0,0.0,0.0,0.0,0.0,0.0,0.0,0.0,0.0,0.0,0.0,0.0,0.005,15.62228,16.18,0.98888874,0.0,0.0,6.0133185,0,0,0,0,0,0,0,0,0,1,4,0,0,1,0,0,0
1777227517581000,15.636281,-1.0,0.015344534,-116.67573,0.70351887,1.0340645,nan,nan,0.0,0.0,0.0,0.0,0.0,0.0,0.0,0.0,0.0,0.0,0.0,0.0,0.0,0.0,0.0,0.0,0.0,0.0,0.005,15.616281,16.18,0.98888874,0.0,0.0,6.0133185,0,0,0,0,0,0,0,0,0,1,4,0,0,1,0,0,0
1777227517781000,15.630281,-1.0,0.015283284,-116.73127,0.7001858,1.0344607,nan,nan,0.0,0.0,0.0,0.0,0.0,0.0,0.0,0.0,0.0,0.0,0.0,0.0,0.0,0.0,0.0,0.0,0.0,0.0,0.005,15.610281,16.18,0.98888874,0.0,0.0,6.0133185,0,0,0,0,0,0,0,0,0,1,4,0,0,1,0,0,0
1777227517981000,15.624282,-1.0,0.01522228,-116.78681,0.6968527,1.0348572,nan,nan,0.0,0.0,0.0,0.0,0.0,0.0,0.0,0.0,0.0,0.0,0.0,0.0,0.0,0.0,0.0,0.0,0.0,0.0,0.005,15.604281,16.18,0.98888874,0.0,0.0,6.0133185,0,0,0,0,0,0,0,0,0,1,4,0,0,1,0,0,0
1777227518181000,15.618282,-1.0,0.015161518,-116.842354,0.6935196,1.0352539,nan,nan,0.0,0.0,0.0,0.0,0.0,0.0,0.0,0.0,0.0,0.0,0.0,0.0,0.0,0.0,0.0,0.0,0.0,0.0,0.005,15.598282,16.18,0.98888874,0.0,0.0,6.0133185,0,0,0,0,0,0,0,0,0,1,4,0,0,1,0,0,0
1777227518381000,15.612283,-1.0,0.015101,-116.897896,0.6901865,1.035651,nan,nan,0.0,0.0,0.0,0.0,0.0,0.0,0.0,0.0,0.0,0.0,0.0,0.0,0.0,0.0,0.0,0.0,0.0,0.0,0.005,15.592282,16.18,0.98888874,0.0,0.0,6.0133185,0,0,0,0,0,0,0,0,0,1,4,0,0,1,0,0,0
1777227518581000,15.606283,-1.0,0.015040724,-116.95344,0.6868534,1.0360484,nan,nan,0.0,0.0,0.0,0.0,0.0,0.0,0.0,0.0,0.0,0.0,0.0,0.0,0.0,0.0,0.0,0.0,0.0,0.0,0.005,15.586283,16.18,0.98888874,0.0,0.0,6.0133185,0,0,0,0,0,0,0,0,0,1,4,0,0,1,0,0,0
1777227518781000,15.600284,-1.0,0.014980686,-117.00898,0.6835203,1.0364461,nan,nan,0.0,0.0,0.0,0.0,0.0,0.0,0.0,0.0,0.0,0.0,0.0,0.0,0.0,0.0,0.0,0.0,0.0,0.0,0.005,15.580283,16.18,0.98888874,0.0,0.0,6.0133185,0,0,0,0,0,0,0,0,0,1,4,0,0,1,0,0,0
1777227518981000,15.594284,-1.0,0.014920889,-117.06452,0.6801872,1.036844,nan,nan,0.0,0.0,0.0,0.0,0.0,0.0,0.0,0.0,0.0,0.0,0.0,0.0,0.0,0.0,0.0,0.0,0.0,0.0,0.005,15.574284,16.18,0.98888874,0.0,0.0,6.0133185,0,0,0,0,0,0,0,0,0,1,4,0,0,1,0,0,0
1777227519181000,15.5882845,-1.0,0.014861334,-117.12006,0.67685413,1.0372423,nan,nan,0.0,0.0,0.0,0.0,0.0,0.0,0.0,0.0,0.0,0.0,0.0,0.0,0.0,0.0,0.0,0.0,0.0,0.0,0.005,15.568284,16.18,0.98888874,0.0,0.0,6.0133185,0,0,0,0,0,0,0,0,0,1,4,0,0,1,0,0,0
1777227519381000,15.582285,-1.0,0.0148020135,-117.175606,0.67352104,1.0376409,nan,nan,0.0,0.0,0.0,0.0,0.0,0.0,0.0,0.0,0.0,0.0,0.0,0.0,0.0,0.0,0.0,0.0,0.0,0.0,0.005,15.562284,16.18,0.98888874,0.0,0.0,6.0133185,0,0,0,0,0,0,0,0,0,1,4,0,0,1,0,0,0
1777227519581000,15.576285,-1.0,0.0147429295,-117.23115,0.67018795,1.0380398,nan,nan,0.0,0.0,0.0,0.0,0.0,0.0,0.0,0.0,0.0,0.0,0.0,0.0,0.0,0.0,0.0,0.0,0.0,0.0,0.005,15.556285,16.18,0.98888874,0.0,0.0,6.0133185,0,0,0,0,0,0,0,0,0,1,4,0,0,1,0,0,0
1777227519781000,15.570286,-1.0,0.014684079,-117.28669,0.66685486,1.038439,nan,nan,0.0,0.0,0.0,0.0,0.0,0.0,0.0,0.0,0.0,0.0,0.0,0.0,0.0,0.0,0.0,0.0,0.0,0.0,0.005,15.550285,16.18,0.98888874,0.0,0.0,6.0133185,0,0,0,0,0,0,0,0,0,1,4,0,0,1,0,0,0
1777227519981000,15.564286,-1.0,0.014625462,-117.34223,0.66352177,1.0388385,nan,nan,0.0,0.0,0.0,0.0,0.0,0.0,0.0,0.0,0.0,0.0,0.0,0.0,0.0,0.0,0.0,0.0,0.0,0.0,0.005,15.544286,16.18,0.98888874,0.0,0.0,6.0133185,0,0,0,0,0,0,0,0,0,1,4,0,0,1,0,0,0
1777227520181000,15.558287,-1.0,0.014567077,-117.39777,0.6601887,1.0392383,nan,nan,0.0,0.0,0.0,0.0,0.0,0.0,0.0,0.0,0.0,0.0,0.0,0.0,0.0,0.0,0.0,0.0,0.0,0.0,0.005,15.538286,16.18,0.98888874,0.0,0.0,6.0133185,0,0,0,0,0,0,0,0,0,1,4,0,0,1,0,0,0
1777227520381000,15.552287,-1.0,0.014508925,-117.453316,0.6568556,1.0396385,nan,nan,0.0,0.0,0.0,0.0,0.0,0.0,0.0,0.0,0.0,0.0,0.0,0.0,0.0,0.0,0.0,0.0,0.0,0.0,0.005,15.532287,16.18,0.98888874,0.0,0.0,6.0133185,0,0,0,0,0,0,0,0,0,1,4,0,0,1,0,0,0
1777227520581000,15.546288,-1.0,0.014451006,-117.50886,0.6535225,1.040039,nan,nan,0.0,0.0,0.0,0.0,0.0,0.0,0.0,0.0,0.0,0.0,0.0,0.0,0.0,0.0,0.0,0.0,0.0,0.0,0.005,15.526287,16.18,0.98888874,0.0,0.0,6.0133185,0,0,0,0,0,0,0,0,0,1,4,0,0,1,0,0,0
1777227520781000,15.540288,-1.0,0.01439332,-117.5644,0.6501894,1.0404397,nan,nan,0.0,0.0,0.0,0.0,0.0,0.0,0.0,0.0,0.0,0.0,0.0,0.0,0.0,0.0,0.0,0.0,0.0,0.0,0.005,15.5202875,16.18,0.98888874,0.0,0.0,6.0133185,0,0,0,0,0,0,0,0,0,1,4,0,0,1,0,0,0
1777227520981000,15.534288,-1.0,0.014335867,-117.61994,0.6468563,1.0408407,nan,nan,0.0,0.0,0.0,0.0,0.0,0.0,0.0,0.0,0.0,0.0,0.0,0.0,0.0,0.0,0.0,0.0,0.0,0.0,0.005,15.514288,16.18,0.98888874,0.0,0.0,6.0133185,0,0,0,0,0,0,0,0,0,1,4,0,0,1,0,0,0
1777227521181000,15.528289,-1.0,0.014278644,-117.67548,0.6435232,1.0412421,nan,nan,0.0,0.0,0.0,0.0,0.0,0.0,0.0,0.0,0.0,0.0,0.0,0.0,0.0,0.0,0.0,0.0,0.0,0.0,0.005,15.508288,16.18,0.98888874,0.0,0.0,6.0133185,0,0,0,0,0,0,0,0,0,1,4,0,0,1,0,0,0
1777227521381000,15.522289,-1.0,0.0142216515,-117.731026,0.6401901,1.0416437,nan,nan,0.0,0.0,0.0,0.0,0.0,0.0,0.0,0.0,0.0,0.0,0.0,0.0,0.0,0.0,0.0,0.0,0.0,0.0,0.005,15.502289,16.18,0.98888874,0.0,0.0,6.0133185,0,0,0,0,0,0,0,0,0,1,4,0,0,1,0,0,0
1777227521581000,15.51629,-1.0,0.014164886,-117.78657,0.63685703,1.0420457,nan,nan,0.0,0.0,0.0,0.0,0.0,0.0,0.0,0.0,0.0,0.0,0.0,0.0,0.0,0.0,0.0,0.0,0.0,0.0,0.005,15.496289,16.18,0.98888874,0.0,0.0,6.0133185,0,0,0,0,0,0,0,0,0,1,4,0,0,1,0,0,0
1777227521781000,15.51029,-1.0,0.014108343,-117.84211,0.63352394,1.042448,nan,nan,0.0,0.0,0.0,0.0,0.0,0.0,0.0,0.0,0.0,0.0,0.0,0.0,0.0,0.0,0.0,0.0,0.0,0.0,0.005,15.49029,16.18,0.98888874,0.0,0.0,6.0133185,0,0,0,0,0,0,0,0,0,1,4,0,0,1,0,0,0
1777227521981000,15.504291,-1.0,0.014052028,-117.89765,0.63019085,1.0428506,nan,nan,0.0,0.0,0.0,0.0,0.0,0.0,0.0,0.0,0.0,0.0,0.0,0.0,0.0,0.0,0.0,0.0,0.0,0.0,0.005,15.48429,16.18,0.98888874,0.0,0.0,6.0133185,0,0,0,0,0,0,0,0,0,1,4,0,0,1,0,0,0
1777227522181000,15.498291,-1.0,0.013995941,-117.95319,0.62685776,1.0432535,nan,nan,0.0,0.0,0.0,0.0,0.0,0.0,0.0,0.0,0.0,0.0,0.0,0.0,0.0,0.0,0.0,0.0,0.0,0.0,0.005,15.478291,16.18,0.98888874,0.0,0.0,6.0133185,0,0,0,0,0,0,0,0,0,1,4,0,0,1,0,0,0
1777227522381000,15.492291,-1.0,0.013940072,-118.008736,0.62352467,1.0436568,nan,nan,0.0,0.0,0.0,0.0,0.0,0.0,0.0,0.0,0.0,0.0,0.0,0.0,0.0,0.0,0.0,0.0,0.0,0.0,0.005,15.472291,16.18,0.98888874,0.0,0.0,6.0133185,0,0,0,0,0,0,0,0,0,1,4,0,0,1,0,0,0
1777227522581000,15.486292,-1.0,0.01388443,-118.06428,0.6201916,1.0440603,nan,nan,0.0,0.0,0.0,0.0,0.0,0.0,0.0,0.0,0.0,0.0,0.0,0.0,0.0,0.0,0.0,0.0,0.0,0.0,0.005,15.466291,16.18,0.98888874,0.0,0.0,6.0133185,0,0,0,0,0,0,0,0,0,1,4,0,0,1,0,0,0
1777227522781000,15.480292,-1.0,0.013829008,-118.11982,0.6168585,1.0444642,nan,nan,0.0,0.0,0.0,0.0,0.0,0.0,0.0,0.0,0.0,0.0,0.0,0.0,0.0,0.0,0.0,0.0,0.0,0.0,0.005,15.460292,16.18,0.98888874,0.0,0.0,6.0133185,0,0,0,0,0,0,0,0,0,1,4,0,0,1,0,0,0
1777227522981000,15.474293,-1.0,0.013773809,-118.17536,0.6135254,1.0448684,nan,nan,0.0,0.0,0.0,0.0,0.0,0.0,0.0,0.0,0.0,0.0,0.0,0.0,0.0,0.0,0.0,0.0,0.0,0.0,0.005,15.454292,16.18,0.98888874,0.0,0.0,6.0133185,0,0,0,0,0,0,0,0,0,1,4,0,0,1,0,0,0
1777227523181000,15.468293,-1.0,0.013718829,-118.2309,0.6101923,1.0452728,nan,nan,0.0,0.0,0.0,0.0,0.0,0.0,0.0,0.0,0.0,0.0,0.0,0.0,0.0,0.0,0.0,0.0,0.0,0.0,0.005,15.448293,16.18,0.98888874,0.0,0.0,6.0133185,0,0,0,0,0,0,0,0,0,1,4,0,0,1,0,0,0
1777227523381000,15.462294,-1.0,0.0136640705,-118.286446,0.6068592,1.0456777,nan,nan,0.0,0.0,0.0,0.0,0.0,0.0,0.0,0.0,0.0,0.0,0.0,0.0,0.0,0.0,0.0,0.0,0.0,0.0,0.005,15.442293,16.18,0.98888874,0.0,0.0,6.0133185,0,0,0,0,0,0,0,0,0,1,4,0,0,1,0,0,0
1777227523581000,15.456294,-1.0,0.013609527,-118.34199,0.6035261,1.0460827,nan,nan,0.0,0.0,0.0,0.0,0.0,0.0,0.0,0.0,0.0,0.0,0.0,0.0,0.0,0.0,0.0,0.0,0.0,0.0,0.005,15.436294,16.18,0.98888874,0.0,0.0,6.0133185,0,0,0,0,0,0,0,0,0,1,4,0,0,1,0,0,0
1777227523781000,15.4502945,-1.0,0.013555203,-118.39753,0.600193,1.0464882,nan,nan,0.0,0.0,0.0,0.0,0.0,0.0,0.0,0.0,0.0,0.0,0.0,0.0,0.0,0.0,0.0,0.0,0.0,0.0,0.005,15.430294,16.18,0.98888874,0.0,0.0,6.0133185,0,0,0,0,0,0,0,0,0,1,4,0,0,1,0,0,0
1777227523981000,15.444295,-1.0,0.0135010965,-118.45307,0.59685993,1.046894,nan,nan,0.0,0.0,0.0,0.0,0.0,0.0,0.0,0.0,0.0,0.0,0.0,0.0,0.0,0.0,0.0,0.0,0.0,0.0,0.005,15.424294,16.18,0.98888874,0.0,0.0,6.0133185,0,0,0,0,0,0,0,0,0,1,4,0,0,1,0,0,0
1777227524181000,15.438295,-1.0,0.013447205,-118.50861,0.59352684,1.0473,nan,nan,0.0,0.0,0.0,0.0,0.0,0.0,0.0,0.0,0.0,0.0,0.0,0.0,0.0,0.0,0.0,0.0,0.0,0.0,0.005,15.418295,16.18,0.98888874,0.0,0.0,6.0133185,0,0,0,0,0,0,0,0,0,1,4,0,0,1,0,0,0
1777227524381000,15.432296,-1.0,0.013393529,-118.564156,0.59019375,1.0477064,nan,nan,0.0,0.0,0.0,0.0,0.0,0.0,0.0,0.0,0.0,0.0,0.0,0.0,0.0,0.0,0.0,0.0,0.0,0.0,0.005,15.412295,16.18,0.98888874,0.0,0.0,6.0133185,0,0,0,0,0,0,0,0,0,1,4,0,0,1,0,0,0
1777227524581000,15.426296,-1.0,0.013340067,-118.6197,0.58686066,1.048113,nan,nan,0.0,0.0,0.0,0.0,0.0,0.0,0.0,0.0,0.0,0.0,0.0,0.0,0.0,0.0,0.0,0.0,0.0,0.0,0.005,15.406296,16.18,0.98888874,0.0,0.0,6.0133185,0,0,0,0,0,0,0,0,0,1,4,0,0,1,0,0,0
1777227524781000,15.420297,-1.0,0.013286819,-118.67524,0.58352757,1.04852,nan,nan,0.0,0.0,0.0,0.0,0.0,0.0,0.0,0.0,0.0,0.0,0.0,0.0,0.0,0.0,0.0,0.0,0.0,0.0,0.005,15.400296,16.18,0.98888874,0.0,0.0,6.0133185,0,0,0,0,0,0,0,0,0,1,4,0,0,1,0,0,0
1777227524981000,15.414297,-1.0,0.013233784,-118.73078,0.5801945,1.0489273,nan,nan,0.0,0.0,0.0,0.0,0.0,0.0,0.0,0.0,0.0,0.0,0.0,0.0,0.0,0.0,0.0,0.0,0.0,0.0,0.005,15.394297,16.18,0.98888874,0.0,0.0,6.0133185,0,0,0,0,0,0,0,0,0,1,4,0,0,1,0,0,0
1777227525181000,15.408298,-1.0,0.01318096,-118.78632,0.5768614,1.0493349,nan,nan,0.0,0.0,0.0,0.0,0.0,0.0,0.0,0.0,0.0,0.0,0.0,0.0,0.0,0.0,0.0,0.0,0.0,0.0,0.005,15.388297,16.18,0.98888874,0.0,0.0,6.0133185,0,0,0,0,0,0,0,0,0,1,4,0,0,1,0,0,0
1777227525381000,15.402298,-1.0,0.013128347,-118.841866,0.5735283,1.0497429,nan,nan,0.0,0.0,0.0,0.0,0.0,0.0,0.0,0.0,0.0,0.0,0.0,0.0,0.0,0.0,0.0,0.0,0.0,0.0,0.005,15.3822975,16.18,0.98888874,0.0,0.0,6.0133185,0,0,0,0,0,0,0,0,0,1,4,0,0,1,0,0,0
1777227525581000,15.396298,-1.0,0.013075943,-118.89741,0.5701952,1.0501511,nan,nan,0.0,0.0,0.0,0.0,0.0,0.0,0.0,0.0,0.0,0.0,0.0,0.0,0.0,0.0,0.0,0.0,0.0,0.0,0.005,15.376298,16.18,0.98888874,0.0,0.0,6.0133185,0,0,0,0,0,0,0,0,0,1,4,0,0,1,0,0,0
1777227525781000,15.390299,-1.0,0.01302375,-118.95295,0.5668621,1.0505598,nan,nan,0.0,0.0,0.0,0.0,0.0,0.0,0.0,0.0,0.0,0.0,0.0,0.0,0.0,0.0,0.0,0.0,0.0,0.0,0.005,15.370298,16.18,0.98888874,0.0,0.0,6.0133185,0,0,0,0,0,0,0,0,0,1,4,0,0,1,0,0,0
1777227525981000,15.384299,-1.0,0.012971764,-119.00849,0.563529,1.0509686,nan,nan,0.0,0.0,0.0,0.0,0.0,0.0,0.0,0.0,0.0,0.0,0.0,0.0,0.0,0.0,0.0,0.0,0.0,0.0,0.005,15.364299,16.18,0.98888874,0.0,0.0,6.0133185,0,0,0,0,0,0,0,0,0,1,4,0,0,1,0,0,0
1777227526181000,15.3783,-1.0,0.012919986,-119.06403,0.5601959,1.0513779,nan,nan,0.0,0.0,0.0,0.0,0.0,0.0,0.0,0.0,0.0,0.0,0.0,0.0,0.0,0.0,0.0,0.0,0.0,0.0,0.005,15.358299,16.18,0.98888874,0.0,0.0,6.0133185,0,0,0,0,0,0,0,0,0,1,4,0,0,1,0,0,0
1777227526381000,15.3723,-1.0,0.012868414,-119.119576,0.55686283,1.0517874,nan,nan,0.0,0.0,0.0,0.0,0.0,0.0,0.0,0.0,0.0,0.0,0.0,0.0,0.0,0.0,0.0,0.0,0.0,0.0,0.005,15.3523,16.18,0.98888874,0.0,0.0,6.0133185,0,0,0,0,0,0,0,0,0,1,4,0,0,1,0,0,0
1777227526581000,15.366301,-1.0,0.012817049,-119.17512,0.55352974,1.0521972,nan,nan,0.0,0.0,0.0,0.0,0.0,0.0,0.0,0.0,0.0,0.0,0.0,0.0,0.0,0.0,0.0,0.0,0.0,0.0,0.005,15.3463,16.18,0.98888874,0.0,0.0,6.0133185,0,0,0,0,0,0,0,0,0,1,4,0,0,1,0,0,0
1777227526781000,15.360301,-1.0,0.012765889,-119.23066,0.55019665,1.0526074,nan,nan,0.0,0.0,0.0,0.0,0.0,0.0,0.0,0.0,0.0,0.0,0.0,0.0,0.0,0.0,0.0,0.0,0.0,0.0,0.005,15.340301,16.18,0.98888874,0.0,0.0,6.0133185,0,0,0,0,0,0,0,0,0,1,4,0,0,1,0,0,0
1777227526981000,15.354301,-1.0,0.012714934,-119.2862,0.54686356,1.0530179,nan,nan,0.0,0.0,0.0,0.0,0.0,0.0,0.0,0.0,0.0,0.0,0.0,0.0,0.0,0.0,0.0,0.0,0.0,0.0,0.005,15.334301,16.18,0.98888874,0.0,0.0,6.0133185,0,0,0,0,0,0,0,0,0,1,4,0,0,1,0,0,0
1777227527181000,15.348302,-1.0,0.012664179,-119.34174,0.54353046,1.0534288,nan,nan,0.0,0.0,0.0,0.0,0.0,0.0,0.0,0.0,0.0,0.0,0.0,0.0,0.0,0.0,0.0,0.0,0.0,0.0,0.005,15.328301,16.18,0.98888874,0.0,0.0,6.0133185,0,0,0,0,0,0,0,0,0,1,4,0,0,1,0,0,0
1777227527381000,15.342302,-1.0,0.012613629,-119.397285,0.5401974,1.0538398,nan,nan,0.0,0.0,0.0,0.0,0.0,0.0,0.0,0.0,0.0,0.0,0.0,0.0,0.0,0.0,0.0,0.0,0.0,0.0,0.005,15.322302,16.18,0.98888874,0.0,0.0,6.0133185,0,0,0,0,0,0,0,0,0,1,4,0,0,1,0,0,0
1777227527581000,15.336303,-1.0,0.012563281,-119.45283,0.5368633,1.0542513,nan,nan,0.0,0.0,0.0,0.0,0.0,0.0,0.0,0.0,0.0,0.0,0.0,0.0,0.0,0.0,0.0,0.0,0.0,0.0,0.005,15.316302,16.18,0.98888874,0.0,0.0,6.0133185,0,0,0,0,0,0,0,0,0,1,4,0,0,1,0,0,0
1777227527781000,15.330303,-1.0,0.012513134,-119.50837,0.5335312,1.0546631,nan,nan,0.0,0.0,0.0,0.0,0.0,0.0,0.0,0.0,0.0,0.0,0.0,0.0,0.0,0.0,0.0,0.0,0.0,0.0,0.005,15.310303,16.18,0.98888874,0.0,0.0,6.0133185,0,0,0,0,0,0,0,0,0,1,4,0,0,1,0,0,0
1777227527981000,15.324304,-1.0,0.012463186,-119.56391,0.53019714,1.0550753,nan,nan,0.0,0.0,0.0,0.0,0.0,0.0,0.0,0.0,0.0,0.0,0.0,0.0,0.0,0.0,0.0,0.0,0.0,0.0,0.005,15.304303,16.18,0.98888874,0.0,0.0,6.0133185,0,0,0,0,0,0,0,0,0,1,4,0,0,1,0,0,0
1777227528181000,15.318304,-1.0,0.012413438,-119.61945,0.526865,1.0554876,nan,nan,0.0,0.0,0.0,0.0,0.0,0.0,0.0,0.0,0.0,0.0,0.0,0.0,0.0,0.0,0.0,0.0,0.0,0.0,0.005,15.298304,16.18,0.98888874,0.0,0.0,6.0133185,0,0,0,0,0,0,0,0,0,1,4,0,0,1,0,0,0
1777227528381000,15.3123045,-1.0,0.012363888,-119.674995,0.52353096,1.0559005,nan,nan,0.0,0.0,0.0,0.0,0.0,0.0,0.0,0.0,0.0,0.0,0.0,0.0,0.0,0.0,0.0,0.0,0.0,0.0,0.005,15.292304,16.18,0.98888874,0.0,0.0,6.0133185,0,0,0,0,0,0,0,0,0,1,4,0,0,1,0,0,0
1777227528581000,15.306305,-1.0,0.012314538,-119.73054,0.5201988,1.0563134,nan,nan,0.0,0.0,0.0,0.0,0.0,0.0,0.0,0.0,0.0,0.0,0.0,0.0,0.0,0.0,0.0,0.0,0.0,0.0,0.005,15.286304,16.18,0.98888874,0.0,0.0,6.0133185,0,0,0,0,0,0,0,0,0,1,4,0,0,1,0,0,0
1777227528781000,15.300305,-1.0,0.012265382,-119.78608,0.5168648,1.0567268,nan,nan,0.0,0.0,0.0,0.0,0.0,0.0,0.0,0.0,0.0,0.0,0.0,0.0,0.0,0.0,0.0,0.0,0.0,0.0,0.005,15.280305,16.18,0.98888874,0.0,0.0,6.0133185,0,0,0,0,0,0,0,0,0,1,4,0,0,1,0,0,0
1777227528981000,15.3,-1.0,0.012216425,-119.84162,0.51382256,1.0571046,nan,nan,0.0,0.0,0.0,0.0,0.0,0.0,0.0,0.0,0.0,0.0,0.0,0.0,0.0,0.0,0.0,0.0,0.0,0.0,0.005,15.28,16.18,0.98888874,0.0,0.0,6.0133185,0,0,0,0,0,0,0,0,0,1,4,0,0,1,0,0,0
1777227529181000,15.3,-1.0,0.012167662,-119.89716,0.51132774,1.0574143,nan,nan,0.0,0.0,0.0,0.0,0.0,0.0,0.0,0.0,0.0,0.0,0.0,0.0,0.0,0.0,0.0,0.0,0.0,0.0,0.005,15.28,16.18,0.98888874,0.0,0.0,6.0133185,0,0,0,0,0,0,0,0,0,1,4,0,0,1,0,0,0
1777227529381000,15.3,-1.0,0.012119092,-119.952705,0.50928307,1.0576684,nan,nan,0.0,0.0,0.0,0.0,0.0,0.0,0.0,0.0,0.0,0.0,0.0,0.0,0.0,0.0,0.0,0.0,0.0,0.0,0.005,15.28,16.18,0.98888874,0.0,0.0,6.0133185,0,0,0,0,0,0,0,0,0,1,4,0,0,1,0,0,0
1777227529581000,15.3,-1.0,0.012070717,-120.00825,0.5076084,1.0578766,nan,nan,0.0,0.0,0.0,0.0,0.0,0.0,0.0,0.0,0.0,0.0,0.0,0.0,0.0,0.0,0.0,0.0,0.0,0.0,0.005,15.28,16.18,0.98888874,0.0,0.0,6.0133185,0,0,0,0,0,0,0,0,0,1,4,0,0,1,0,0,0
1777227529781000,15.3,-1.0,0.012022536,-120.06379,0.5062361,1.0580473,nan,nan,0.0,0.0,0.0,0.0,0.0,0.0,0.0,0.0,0.0,0.0,0.0,0.0,0.0,0.0,0.0,0.0,0.0,0.0,0.005,15.28,16.18,0.98888874,0.0,0.0,6.0133185,0,0,0,0,0,0,0,0,0,1,4,0,0,1,0,0,0
1777227529981000,15.3,-1.0,0.011974547,-120.11933,0.5051117,1.0581871,nan,nan,0.0,0.0,0.0,0.0,0.0,0.0,0.0,0.0,0.0,0.0,0.0,0.0,0.0,0.0,0.0,0.0,0.0,0.0,0.005,15.28,16.18,0.98888874,0.0,0.0,6.0133185,0,0,0,0,0,0,0,0,0,1,4,0,0,1,0,0,0
1777227530181000,15.3,-1.0,0.01192675,-120.17487,0.5041895,1.0583019,nan,nan,0.0,0.0,0.0,0.0,0.0,0.0,0.0,0.0,0.0,0.0,0.0,0.0,0.0,0.0,0.0,0.0,0.0,0.0,0.005,15.28,16.18,0.98888874,0.0,0.0,6.0133185,0,0,0,0,0,0,0,0,0,1,4,0,0,1,0,0,0
1777227530381000,15.3,-1.0,0.011879142,-120.230415,0.5034332,1.058396,nan,nan,0.0,0.0,0.0,0.0,0.0,0.0,0.0,0.0,0.0,0.0,0.0,0.0,0.0,0.0,0.0,0.0,0.0,0.0,0.005,15.28,16.18,0.98888874,0.0,0.0,6.0133185,0,0,0,0,0,0,0,0,0,1,4,0,0,1,0,0,0
1777227530581000,15.3,-1.0,0.011831726,-120.28596,0.50281334,1.0584731,nan,nan,0.0,0.0,0.0,0.0,0.0,0.0,0.0,0.0,0.0,0.0,0.0,0.0,0.0,0.0,0.0,0.0,0.0,0.0,0.005,15.28,16.18,0.98888874,0.0,0.0,6.0133185,0,0,0,0,0,0,0,0,0,1,4,0,0,1,0,0,0
1777227530781000,15.3,-1.0,0.011784499,-120.3415,0.5023041,1.0585365,nan,nan,0.0,0.0,0.0,0.0,0.0,0.0,0.0,0.0,0.0,0.0,0.0,0.0,0.0,0.0,0.0,0.0,0.0,0.0,0.005,15.28,16.18,0.98888874,0.0,0.0,6.0133185,0,0,0,0,0,0,0,0,0,1,4,0,0,1,0,0,0
1777227530981000,15.3,-1.0,0.01173746,-120.39704,0.5018883,1.0585884,nan,nan,0.0,0.0,0.0,0.0,0.0,0.0,0.0,0.0,0.0,0.0,0.0,0.0,0.0,0.0,0.0,0.0,0.0,0.0,0.005,15.28,16.18,0.98888874,0.0,0.0,6.0133185,0,0,0,0,0,0,0,0,0,1,4,0,0,1,0,0,0
1777227531181000,15.3,-1.0,0.011690609,-120.45258,0.5015478,1.0586308,nan,nan,0.0,0.0,0.0,0.0,0.0,0.0,0.0,0.0,0.0,0.0,0.0,0.0,0.0,0.0,0.0,0.0,0.0,0.0,0.005,15.28,16.18,0.98888874,0.0,0.0,6.0133185,0,0,0,0,0,0,0,0,0,1,4,0,0,1,0,0,0
1777227531381000,15.3,-1.0,0.011643944,-120.508125,0.5012684,1.0586656,nan,nan,0.0,0.0,0.0,0.0,0.0,0.0,0.0,0.0,0.0,0.0,0.0,0.0,0.0,0.0,0.0,0.0,0.0,0.0,0.005,15.28,16.18,0.98888874,0.0,0.0,6.0133185,0,0,0,0,0,0,0,0,0,1,4,0,0,1,0,0,0
1777227531581000,15.3,-1.0,0.011597466,-120.56367,0.5010395,1.0586941,nan,nan,0.0,0.0,0.0,0.0,0.0,0.0,0.0,0.0,0.0,0.0,0.0,0.0,0.0,0.0,0.0,0.0,0.0,0.0,0.005,15.28,16.18,0.98888874,0.0,0.0,6.0133185,0,0,0,0,0,0,0,0,0,1,4,0,0,1,0,0,0
1777227531781000,15.3,-1.0,0.011551173,-120.61921,0.5008526,1.0587174,nan,nan,0.0,0.0,0.0,0.0,0.0,0.0,0.0,0.0,0.0,0.0,0.0,0.0,0.0,0.0,0.0,0.0,0.0,0.0,0.005,15.28,16.18,0.98888874,0.0,0.0,6.0133185,0,0,0,0,0,0,0,0,0,1,4,0,0,1,0,0,0
1777227531981000,15.3,-1.0,0.0115050655,-120.67475,0.50069904,1.0587366,nan,nan,0.0,0.0,0.0,0.0,0.0,0.0,0.0,0.0,0.0,0.0,0.0,0.0,0.0,0.0,0.0,0.0,0.0,0.0,0.005,15.28,16.18,0.98888874,0.0,0.0,6.0133185,0,0,0,0,0,0,0,0,0,1,4,0,0,1,0,0,0
1777227532181000,15.3,-1.0,0.011459142,-120.73029,0.5005722,1.0587522,nan,nan,0.0,0.0,0.0,0.0,0.0,0.0,0.0,0.0,0.0,0.0,0.0,0.0,0.0,0.0,0.0,0.0,0.0,0.0,0.005,15.28,16.18,0.98888874,0.0,0.0,6.0133185,0,0,0,0,0,0,0,0,0,1,4,0,0,1,0,0,0
1777227532381000,15.3,-1.0,0.011413401,-120.785835,0.50047016,1.058765,nan,nan,0.0,0.0,0.0,0.0,0.0,0.0,0.0,0.0,0.0,0.0,0.0,0.0,0.0,0.0,0.0,0.0,0.0,0.0,0.005,15.28,16.18,0.98888874,0.0,0.0,6.0133185,0,0,0,0,0,0,0,0,0,1,4,0,0,1,0,0,0
1777227532581000,15.3,-1.0,0.0113678435,-120.84138,0.5003853,1.0587755,nan,nan,0.0,0.0,0.0,0.0,0.0,0.0,0.0,0.0,0.0,0.0,0.0,0.0,0.0,0.0,0.0,0.0,0.0,0.0,0.005,15.28,16.18,0.98888874,0.0,0.0,6.0133185,0,0,0,0,0,0,0,0,0,1,4,0,0,1,0,0,0
1777227532781000,15.3,-1.0,0.011322468,-120.89692,0.50031567,1.0587842,nan,nan,0.0,0.0,0.0,0.0,0.0,0.0,0.0,0.0,0.0,0.0,0.0,0.0,0.0,0.0,0.0,0.0,0.0,0.0,0.005,15.28,16.18,0.98888874,0.0,0.0,6.0133185,0,0,0,0,0,0,0,0,0,1,4,0,0,1,0,0,0
1777227532981000,15.3,-1.0,0.011277272,-120.95246,0.50025845,1.0587913,nan,nan,0.0,0.0,0.0,0.0,0.0,0.0,0.0,0.0,0.0,0.0,0.0,0.0,0.0,0.0,0.0,0.0,0.0,0.0,0.005,15.28,16.18,0.98888874,0.0,0.0,6.0133185,0,0,0,0,0,0,0,0,0,1,4,0,0,1,0,0,0
1777227533181000,15.3,-1.0,0.011232259,-121.008,0.50021267,1.058797,nan,nan,0.0,0.0,0.0,0.0,0.0,0.0,0.0,0.0,0.0,0.0,0.0,0.0,0.0,0.0,0.0,0.0,0.0,0.0,0.005,15.28,16.18,0.98888874,0.0,0.0,6.0133185,0,0,0,0,0,0,0,0,0,1,4,0,0,1,0,0,0
1777227533381000,15.3,-1.0,0.011187423,-121.063545,0.5001745,1.0588019,nan,nan,0.0,0.0,0.0,0.0,0.0,0.0,0.0,0.0,0.0,0.0,0.0,0.0,0.0,0.0,0.0,0.0,0.0,0.0,0.005,15.28,16.18,0.98888874,0.0,0.0,6.0133185,0,0,0,0,0,0,0,0,0,1,4,0,0,1,0,0,0
1777227533581000,15.3,-1.0,0.011142768,-121.11909,0.500144,1.0588056,nan,nan,0.0,0.0,0.0,0.0,0.0,0.0,0.0,0.0,0.0,0.0,0.0,0.0,0.0,0.0,0.0,0.0,0.0,0.0,0.005,15.28,16.18,0.98888874,0.0,0.0,6.0133185,0,0,0,0,0,0,0,0,0,1,4,0,0,1,0,0,0
1777227533781000,15.3,-1.0,0.011098291,-121.17463,0.5001192,1.0588087,nan,nan,0.0,0.0,0.0,0.0,0.0,0.0,0.0,0.0,0.0,0.0,0.0,0.0,0.0,0.0,0.0,0.0,0.0,0.0,0.005,15.28,16.18,0.98888874,0.0,0.0,6.0133185,0,0,0,0,0,0,0,0,0,1,4,0,0,1,0,0,0
1777227533981000,15.3,-1.0,0.0110539915,-121.23017,0.5000982,1.0588113,nan,nan,0.0,0.0,0.0,0.0,0.0,0.0,0.0,0.0,0.0,0.0,0.0,0.0,0.0,0.0,0.0,0.0,0.0,0.0,0.005,15.28,16.18,0.98888874,0.0,0.0,6.0133185,0,0,0,0,0,0,0,0,0,1,4,0,0,1,0,0,0
1777227534181000,15.3,-1.0,0.011009868,-121.28571,0.5000782,1.0588138,nan,nan,0.0,0.0,0.0,0.0,0.0,0.0,0.0,0.0,0.0,0.0,0.0,0.0,0.0,0.0,0.0,0.0,0.0,0.0,0.005,15.28,16.18,0.98888874,0.0,0.0,6.0133185,0,0,0,0,0,0,0,0,0,1,4,0,0,1,0,0,0
1777227534381000,15.3,-1.0,0.010965922,-121.341255,0.5000677,1.0588151,nan,nan,0.0,0.0,0.0,0.0,0.0,0.0,0.0,0.0,0.0,0.0,0.0,0.0,0.0,0.0,0.0,0.0,0.0,0.0,0.005,15.28,16.18,0.98888874,0.0,0.0,6.0133185,0,0,0,0,0,0,0,0,0,1,4,0,0,1,0,0,0
1777227534581000,15.3,-1.0,0.010922152,-121.3968,0.5000572,1.0588164,nan,nan,0.0,0.0,0.0,0.0,0.0,0.0,0.0,0.0,0.0,0.0,0.0,0.0,0.0,0.0,0.0,0.0,0.0,0.0,0.005,15.28,16.18,0.98888874,0.0,0.0,6.0133185,0,0,0,0,0,0,0,0,0,1,4,0,0,1,0,0,0
1777227534781000,15.3,-1.0,0.010878555,-121.45234,0.50004673,1.0588177,nan,nan,0.0,0.0,0.0,0.0,0.0,0.0,0.0,0.0,0.0,0.0,0.0,0.0,0.0,0.0,0.0,0.0,0.0,0.0,0.005,15.28,16.18,0.98888874,0.0,0.0,6.0133185,0,0,0,0,0,0,0,0,0,1,4,0,0,1,0,0,0
1777227534981000,15.3,-1.0,0.010835133,-121.50788,0.50003624,1.058819,nan,nan,0.0,0.0,0.0,0.0,0.0,0.0,0.0,0.0,0.0,0.0,0.0,0.0,0.0,0.0,0.0,0.0,0.0,0.0,0.005,15.28,16.18,0.98888874,0.0,0.0,6.0133185,0,0,0,0,0,0,0,0,0,1,4,0,0,1,0,0,0
1777227535181000,15.3,-1.0,0.010791883,-121.56342,0.5000267,1.0588202,nan,nan,0.0,0.0,0.0,0.0,0.0,0.0,0.0,0.0,0.0,0.0,0.0,0.0,0.0,0.0,0.0,0.0,0.0,0.0,0.005,15.28,16.18,0.98888874,0.0,0.0,6.0133185,0,0,0,0,0,0,0,0,0,1,4,0,0,1,0,0,0
1777227535381000,15.3,-1.0,0.010748806,-121.618965,0.5000267,1.0588202,nan,nan,0.0,0.0,0.0,0.0,0.0,0.0,0.0,0.0,0.0,0.0,0.0,0.0,0.0,0.0,0.0,0.0,0.0,0.0,0.005,15.28,16.18,0.98888874,0.0,0.0,6.0133185,0,0,0,0,0,0,0,0,0,1,4,0,0,1,0,0,0
1777227535581000,15.3,-1.0,0.010705902,-121.67451,0.5000267,1.0588202,nan,nan,0.0,0.0,0.0,0.0,0.0,0.0,0.0,0.0,0.0,0.0,0.0,0.0,0.0,0.0,0.0,0.0,0.0,0.0,0.005,15.28,16.18,0.98888874,0.0,0.0,6.0133185,0,0,0,0,0,0,0,0,0,1,4,0,0,1,0,0,0
1777227535781000,15.3,-1.0,0.010663168,-121.73005,0.5000267,1.0588202,nan,nan,0.0,0.0,0.0,0.0,0.0,0.0,0.0,0.0,0.0,0.0,0.0,0.0,0.0,0.0,0.0,0.0,0.0,0.0,0.005,15.28,16.18,0.98888874,0.0,0.0,6.0133185,0,0,0,0,0,0,0,0,0,1,4,0,0,1,0,0,0
1777227535981000,15.3,-1.0,0.010620604,-121.78559,0.5000267,1.0588202,nan,nan,0.0,0.0,0.0,0.0,0.0,0.0,0.0,0.0,0.0,0.0,0.0,0.0,0.0,0.0,0.0,0.0,0.0,0.0,0.005,15.28,16.18,0.98888874,0.0,0.0,6.0133185,0,0,0,0,0,0,0,0,0,1,4,0,0,1,0,0,0
1777227536181000,15.3,-1.0,0.01057821,-121.84113,0.5000267,1.0588202,nan,nan,0.0,0.0,0.0,0.0,0.0,0.0,0.0,0.0,0.0,0.0,0.0,0.0,0.0,0.0,0.0,0.0,0.0,0.0,0.005,15.28,16.18,0.98888874,0.0,0.0,6.0133185,0,0,0,0,0,0,0,0,0,1,4,0,0,1,0,0,0
1777227536381000,15.3,-1.0,0.010535985,-121.896675,0.5000267,1.0588202,nan,nan,0.0,0.0,0.0,0.0,0.0,0.0,0.0,0.0,0.0,0.0,0.0,0.0,0.0,0.0,0.0,0.0,0.0,0.0,0.005,15.28,16.18,0.98888874,0.0,0.0,6.0133185,0,0,0,0,0,0,0,0,0,1,4,0,0,1,0,0,0
1777227536581000,15.3,-1.0,0.01049393,-121.95222,0.5000267,1.0588202,nan,nan,0.0,0.0,0.0,0.0,0.0,0.0,0.0,0.0,0.0,0.0,0.0,0.0,0.0,0.0,0.0,0.0,0.0,0.0,0.005,15.28,16.18,0.98888874,0.0,0.0,6.0133185,0,0,0,0,0,0,0,0,0,1,4,0,0,1,0,0,0
1777227536781000,15.3,-1.0,0.010452043,-122.00776,0.5000267,1.0588202,nan,nan,0.0,0.0,0.0,0.0,0.0,0.0,0.0,0.0,0.0,0.0,0.0,0.0,0.0,0.0,0.0,0.0,0.0,0.0,0.005,15.28,16.18,0.98888874,0.0,0.0,6.0133185,0,0,0,0,0,0,0,0,0,1,4,0,0,1,0,0,0
1777227536981000,15.3,-1.0,0.010410324,-122.0633,0.5000267,1.0588202,nan,nan,0.0,0.0,0.0,0.0,0.0,0.0,0.0,0.0,0.0,0.0,0.0,0.0,0.0,0.0,0.0,0.0,0.0,0.0,0.005,15.28,16.18,0.98888874,0.0,0.0,6.0133185,0,0,0,0,0,0,0,0,0,1,4,0,0,1,0,0,0
1777227537181000,15.3,-1.0,0.010368769,-122.11884,0.5000267,1.0588202,nan,nan,0.0,0.0,0.0,0.0,0.0,0.0,0.0,0.0,0.0,0.0,0.0,0.0,0.0,0.0,0.0,0.0,0.0,0.0,0.005,15.28,16.18,0.98888874,0.0,0.0,6.0133185,0,0,0,0,0,0,0,0,0,1,4,0,0,1,0,0,0
1777227537385000,15.3,-1.0,0.010327382,-122.1755,0.5000267,1.0588202,nan,nan,0.0,0.0,0.0,0.0,0.0,0.0,0.0,0.0,0.0,0.0,0.0,0.0,0.0,0.0,0.0,0.0,0.0,0.0,0.005,15.28,16.18,0.98888874,0.0,0.0,6.0133185,0,0,0,0,0,0,0,0,0,1,4,0,0,1,0,0,0
1777227537581000,15.3,-1.0,0.01028616,-122.229935,0.5000267,1.0588202,nan,nan,0.0,0.0,0.0,0.0,0.0,0.0,0.0,0.0,0.0,0.0,0.0,0.0,0.0,0.0,0.0,0.0,0.0,0.0,0.005,15.28,16.18,0.98888874,0.0,0.0,6.0133185,0,0,0,0,0,0,0,0,0,1,4,0,0,1,0,0,0
1777227537781000,15.3,-1.0,0.0102451,-122.28548,0.5000267,1.0588202,nan,nan,0.0,0.0,0.0,0.0,0.0,0.0,0.0,0.0,0.0,0.0,0.0,0.0,0.0,0.0,0.0,0.0,0.0,0.0,0.005,15.28,16.18,0.98888874,0.0,0.0,6.0133185,0,0,0,0,0,0,0,0,0,1,4,0,0,1,0,0,0
1777227537981000,15.3,-1.0,0.010204207,-122.34102,0.5000267,1.0588202,nan,nan,0.0,0.0,0.0,0.0,0.0,0.0,0.0,0.0,0.0,0.0,0.0,0.0,0.0,0.0,0.0,0.0,0.0,0.0,0.005,15.28,16.18,0.98888874,0.0,0.0,6.0133185,0,0,0,0,0,0,0,0,0,1,4,0,0,1,0,0,0
1777227538181000,15.3,-1.0,0.010163474,-122.39656,0.5000267,1.0588202,nan,nan,0.0,0.0,0.0,0.0,0.0,0.0,0.0,0.0,0.0,0.0,0.0,0.0,0.0,0.0,0.0,0.0,0.0,0.0,0.005,15.28,16.18,0.98888874,0.0,0.0,6.0133185,0,0,0,0,0,0,0,0,0,1,4,0,0,1,0,0,0
1777227538381000,15.3,-1.0,0.010122908,-122.4521,0.5000267,1.0588202,nan,nan,0.0,0.0,0.0,0.0,0.0,0.0,0.0,0.0,0.0,0.0,0.0,0.0,0.0,0.0,0.0,0.0,0.0,0.0,0.005,15.28,16.18,0.98888874,0.0,0.0,6.0133185,0,0,0,0,0,0,0,0,0,1,4,0,0,1,0,0,0
1777227538581000,15.3,-1.0,0.0100825,-122.507645,0.5000267,1.0588202,nan,nan,0.0,0.0,0.0,0.0,0.0,0.0,0.0,0.0,0.0,0.0,0.0,0.0,0.0,0.0,0.0,0.0,0.0,0.0,0.005,15.28,16.18,0.98888874,0.0,0.0,6.0133185,0,0,0,0,0,0,0,0,0,1,4,0,0,1,0,0,0
1777227538781000,15.3,-1.0,0.010042256,-122.56319,0.5000267,1.0588202,nan,nan,0.0,0.0,0.0,0.0,0.0,0.0,0.0,0.0,0.0,0.0,0.0,0.0,0.0,0.0,0.0,0.0,0.0,0.0,0.005,15.28,16.18,0.98888874,0.0,0.0,6.0133185,0,0,0,0,0,0,0,0,0,1,4,0,0,1,0,0,0
1777227538981000,15.3,-1.0,0.010002173,-122.61873,0.5000267,1.0588202,nan,nan,0.0,0.0,0.0,0.0,0.0,0.0,0.0,0.0,0.0,0.0,0.0,0.0,0.0,0.0,0.0,0.0,0.0,0.0,0.005,15.28,16.18,0.98888874,0.0,0.0,6.0133185,0,0,0,0,0,0,0,0,0,1,4,0,0,1,0,0,0
1777227539181000,15.3,-1.0,0.009962245,-122.67427,0.5000267,1.0588202,nan,nan,0.0,0.0,0.0,0.0,0.0,0.0,0.0,0.0,0.0,0.0,0.0,0.0,0.0,0.0,0.0,0.0,0.0,0.0,0.005,15.28,16.18,0.98888874,0.0,0.0,6.0133185,0,0,0,0,0,0,0,0,0,1,4,0,0,1,0,0,0
1777227539381000,15.3,-1.0,0.009922479,-122.72981,0.5000267,1.0588202,nan,nan,0.0,0.0,0.0,0.0,0.0,0.0,0.0,0.0,0.0,0.0,0.0,0.0,0.0,0.0,0.0,0.0,0.0,0.0,0.005,15.28,16.18,0.98888874,0.0,0.0,6.0133185,0,0,0,0,0,0,0,0,0,1,4,0,0,1,0,0,0
1777227539581000,15.3,-1.0,0.009882875,-122.785355,0.5000267,1.0588202,nan,nan,0.0,0.0,0.0,0.0,0.0,0.0,0.0,0.0,0.0,0.0,0.0,0.0,0.0,0.0,0.0,0.0,0.0,0.0,0.005,15.28,16.18,0.98888874,0.0,0.0,6.0133185,0,0,0,0,0,0,0,0,0,1,4,0,0,1,0,0,0
1777227539781000,15.3,-1.0,0.009843428,-122.8409,0.5000267,1.0588202,nan,nan,0.0,0.0,0.0,0.0,0.0,0.0,0.0,0.0,0.0,0.0,0.0,0.0,0.0,0.0,0.0,0.0,0.0,0.0,0.005,15.28,16.18,0.98888874,0.0,0.0,6.0133185,0,0,0,0,0,0,0,0,0,1,4,0,0,1,0,0,0
1777227539981000,15.3,-1.0,0.009804137,-122.89644,0.5000267,1.0588202,nan,nan,0.0,0.0,0.0,0.0,0.0,0.0,0.0,0.0,0.0,0.0,0.0,0.0,0.0,0.0,0.0,0.0,0.0,0.0,0.005,15.28,16.18,0.98888874,0.0,0.0,6.0133185,0,0,0,0,0,0,0,0,0,1,4,0,0,1,0,0,0
1777227540181000,15.3,-1.0,0.009765001,-122.95198,0.5000267,1.0588202,nan,nan,0.0,0.0,0.0,0.0,0.0,0.0,0.0,0.0,0.0,0.0,0.0,0.0,0.0,0.0,0.0,0.0,0.0,0.0,0.005,15.28,16.18,0.98888874,0.0,0.0,6.0133185,0,0,0,0,0,0,0,0,0,1,4,0,0,1,0,0,0
1777227540381000,15.3,-1.0,0.0097260205,-123.00752,0.5000267,1.0588202,nan,nan,0.0,0.0,0.0,0.0,0.0,0.0,0.0,0.0,0.0,0.0,0.0,0.0,0.0,0.0,0.0,0.0,0.0,0.0,0.005,15.28,16.18,0.98888874,0.0,0.0,6.0133185,0,0,0,0,0,0,0,0,0,1,4,0,0,1,0,0,0
1777227540581000,15.3,-1.0,0.0096871955,-123.063065,0.5000267,1.0588202,nan,nan,0.0,0.0,0.0,0.0,0.0,0.0,0.0,0.0,0.0,0.0,0.0,0.0,0.0,0.0,0.0,0.0,0.0,0.0,0.005,15.28,16.18,0.98888874,0.0,0.0,6.0133185,0,0,0,0,0,0,0,0,0,1,4,0,0,1,0,0,0
1777227540781000,15.3,-1.0,0.009648525,-123.11861,0.5000267,1.0588202,nan,nan,0.0,0.0,0.0,0.0,0.0,0.0,0.0,0.0,0.0,0.0,0.0,0.0,0.0,0.0,0.0,0.0,0.0,0.0,0.005,15.28,16.18,0.98888874,0.0,0.0,6.0133185,0,0,0,0,0,0,0,0,0,1,4,0,0,1,0,0,0
1777227540981000,15.3,-1.0,0.00961001,-123.17415,0.5000267,1.0588202,nan,nan,0.0,0.0,0.0,0.0,0.0,0.0,0.0,0.0,0.0,0.0,0.0,0.0,0.0,0.0,0.0,0.0,0.0,0.0,0.005,15.28,16.18,0.98888874,0.0,0.0,6.0133185,0,0,0,0,0,0,0,0,0,1,4,0,0,1,0,0,0
1777227541181000,15.3,-1.0,0.009571651,-123.22969,0.5000267,1.0588202,nan,nan,0.0,0.0,0.0,0.0,0.0,0.0,0.0,0.0,0.0,0.0,0.0,0.0,0.0,0.0,0.0,0.0,0.0,0.0,0.005,15.28,16.18,0.98888874,0.0,0.0,6.0133185,0,0,0,0,0,0,0,0,0,1,4,0,0,1,0,0,0
1777227541381000,15.3,-1.0,0.009533446,-123.28523,0.5000267,1.0588202,nan,nan,0.0,0.0,0.0,0.0,0.0,0.0,0.0,0.0,0.0,0.0,0.0,0.0,0.0,0.0,0.0,0.0,0.0,0.0,0.005,15.28,16.18,0.98888874,0.0,0.0,6.0133185,0,0,0,0,0,0,0,0,0,1,4,0,0,1,0,0,0
1777227541581000,15.3,-1.0,0.009495394,-123.340775,0.5000267,1.0588202,nan,nan,0.0,0.0,0.0,0.0,0.0,0.0,0.0,0.0,0.0,0.0,0.0,0.0,0.0,0.0,0.0,0.0,0.0,0.0,0.005,15.28,16.18,0.98888874,0.0,0.0,6.0133185,0,0,0,0,0,0,0,0,0,1,4,0,0,1,0,0,0
1777227541781000,15.3,-1.0,0.009457494,-123.39632,0.5000267,1.0588202,nan,nan,0.0,0.0,0.0,0.0,0.0,0.0,0.0,0.0,0.0,0.0,0.0,0.0,0.0,0.0,0.0,0.0,0.0,0.0,0.005,15.28,16.18,0.98888874,0.0,0.0,6.0133185,0,0,0,0,0,0,0,0,0,1,4,0,0,1,0,0,0
1777227541981000,15.3,-1.0,0.009419741,-123.45186,0.5000267,1.0588202,nan,nan,0.0,0.0,0.0,0.0,0.0,0.0,0.0,0.0,0.0,0.0,0.0,0.0,0.0,0.0,0.0,0.0,0.0,0.0,0.005,15.28,16.18,0.98888874,0.0,0.0,6.0133185,0,0,0,0,0,0,0,0,0,1,4,0,0,1,0,0,0
1777227542181000,15.3,-1.0,0.009382142,-123.5074,0.5000267,1.0588202,nan,nan,0.0,0.0,0.0,0.0,0.0,0.0,0.0,0.0,0.0,0.0,0.0,0.0,0.0,0.0,0.0,0.0,0.0,0.0,0.005,15.28,16.18,0.98888874,0.0,0.0,6.0133185,0,0,0,0,0,0,0,0,0,1,4,0,0,1,0,0,0
1777227542381000,15.3,-1.0,0.009344695,-123.56294,0.5000267,1.0588202,nan,nan,0.0,0.0,0.0,0.0,0.0,0.0,0.0,0.0,0.0,0.0,0.0,0.0,0.0,0.0,0.0,0.0,0.0,0.0,0.005,15.28,16.18,0.98888874,0.0,0.0,6.0133185,0,0,0,0,0,0,0,0,0,1,4,0,0,1,0,0,0
1777227542581000,15.3,-1.0,0.009307392,-123.618484,0.5000267,1.0588202,nan,nan,0.0,0.0,0.0,0.0,0.0,0.0,0.0,0.0,0.0,0.0,0.0,0.0,0.0,0.0,0.0,0.0,0.0,0.0,0.005,15.28,16.18,0.98888874,0.0,0.0,6.0133185,0,0,0,0,0,0,0,0,0,1,4,0,0,1,0,0,0
1777227542781000,15.3,-1.0,0.0092702415,-123.67403,0.5000267,1.0588202,nan,nan,0.0,0.0,0.0,0.0,0.0,0.0,0.0,0.0,0.0,0.0,0.0,0.0,0.0,0.0,0.0,0.0,0.0,0.0,0.005,15.28,16.18,0.98888874,0.0,0.0,6.0133185,0,0,0,0,0,0,0,0,0,1,4,0,0,1,0,0,0
1777227542981000,15.3,-1.0,0.009233238,-123.72957,0.5000267,1.0588202,nan,nan,0.0,0.0,0.0,0.0,0.0,0.0,0.0,0.0,0.0,0.0,0.0,0.0,0.0,0.0,0.0,0.0,0.0,0.0,0.005,15.28,16.18,0.98888874,0.0,0.0,6.0133185,0,0,0,0,0,0,0,0,0,1,4,0,0,1,0,0,0
1777227543181000,15.3,-1.0,0.009196383,-123.78511,0.5000267,1.0588202,nan,nan,0.0,0.0,0.0,0.0,0.0,0.0,0.0,0.0,0.0,0.0,0.0,0.0,0.0,0.0,0.0,0.0,0.0,0.0,0.005,15.28,16.18,0.98888874,0.0,0.0,6.0133185,0,0,0,0,0,0,0,0,0,1,4,0,0,1,0,0,0
1777227543381000,15.3,-1.0,0.009159674,-123.84065,0.5000267,1.0588202,nan,nan,0.0,0.0,0.0,0.0,0.0,0.0,0.0,0.0,0.0,0.0,0.0,0.0,0.0,0.0,0.0,0.0,0.0,0.0,0.005,15.28,16.18,0.98888874,0.0,0.0,6.0133185,0,0,0,0,0,0,0,0,0,1,4,0,0,1,0,0,0
1777227543581000,15.3,-1.0,0.009123114,-123.896194,0.5000267,1.0588202,nan,nan,0.0,0.0,0.0,0.0,0.0,0.0,0.0,0.0,0.0,0.0,0.0,0.0,0.0,0.0,0.0,0.0,0.0,0.0,0.005,15.28,16.18,0.98888874,0.0,0.0,6.0133185,0,0,0,0,0,0,0,0,0,1,4,0,0,1,0,0,0
1777227543781000,15.3,-1.0,0.009086696,-123.95174,0.5000267,1.0588202,nan,nan,0.0,0.0,0.0,0.0,0.0,0.0,0.0,0.0,0.0,0.0,0.0,0.0,0.0,0.0,0.0,0.0,0.0,0.0,0.005,15.28,16.18,0.98888874,0.0,0.0,6.0133185,0,0,0,0,0,0,0,0,0,1,4,0,0,1,0,0,0
1777227543981000,15.3,-1.0,0.009050427,-124.00728,0.5000267,1.0588202,nan,nan,0.0,0.0,0.0,0.0,0.0,0.0,0.0,0.0,0.0,0.0,0.0,0.0,0.0,0.0,0.0,0.0,0.0,0.0,0.005,15.28,16.18,0.98888874,0.0,0.0,6.0133185,0,0,0,0,0,0,0,0,0,1,4,0,0,1,0,0,0
1777227544181000,15.3,-1.0,0.009014301,-124.06282,0.5000267,1.0588202,nan,nan,0.0,0.0,0.0,0.0,0.0,0.0,0.0,0.0,0.0,0.0,0.0,0.0,0.0,0.0,0.0,0.0,0.0,0.0,0.005,15.28,16.18,0.98888874,0.0,0.0,6.0133185,0,0,0,0,0,0,0,0,0,1,4,0,0,1,0,0,0
1777227544381000,15.3,-1.0,0.008978319,-124.11836,0.5000267,1.0588202,nan,nan,0.0,0.0,0.0,0.0,0.0,0.0,0.0,0.0,0.0,0.0,0.0,0.0,0.0,0.0,0.0,0.0,0.0,0.0,0.005,15.28,16.18,0.98888874,0.0,0.0,6.0133185,0,0,0,0,0,0,0,0,0,1,4,0,0,1,0,0,0
1777227544581000,15.3,-1.0,0.008942481,-124.173904,0.5000267,1.0588202,nan,nan,0.0,0.0,0.0,0.0,0.0,0.0,0.0,0.0,0.0,0.0,0.0,0.0,0.0,0.0,0.0,0.0,0.0,0.0,0.005,15.28,16.18,0.98888874,0.0,0.0,6.0133185,0,0,0,0,0,0,0,0,0,1,4,0,0,1,0,0,0
1777227544781000,15.3,-1.0,0.008906787,-124.22945,0.5000267,1.0588202,nan,nan,0.0,0.0,0.0,0.0,0.0,0.0,0.0,0.0,0.0,0.0,0.0,0.0,0.0,0.0,0.0,0.0,0.0,0.0,0.005,15.28,16.18,0.98888874,0.0,0.0,6.0133185,0,0,0,0,0,0,0,0,0,1,4,0,0,1,0,0,0
1777227544981000,15.3,-1.0,0.008871235,-124.28499,0.5000267,1.0588202,nan,nan,0.0,0.0,0.0,0.0,0.0,0.0,0.0,0.0,0.0,0.0,0.0,0.0,0.0,0.0,0.0,0.0,0.0,0.0,0.005,15.28,16.18,0.98888874,0.0,0.0,6.0133185,0,0,0,0,0,0,0,0,0,1,4,0,0,1,0,0,0
1777227545181000,15.3,-1.0,0.008835824,-124.34053,0.5000267,1.0588202,nan,nan,0.0,0.0,0.0,0.0,0.0,0.0,0.0,0.0,0.0,0.0,0.0,0.0,0.0,0.0,0.0,0.0,0.0,0.0,0.005,15.28,16.18,0.98888874,0.0,0.0,6.0133185,0,0,0,0,0,0,0,0,0,1,4,0,0,1,0,0,0
1777227545381000,15.3,-1.0,0.008800554,-124.39607,0.5000267,1.0588202,nan,nan,0.0,0.0,0.0,0.0,0.0,0.0,0.0,0.0,0.0,0.0,0.0,0.0,0.0,0.0,0.0,0.0,0.0,0.0,0.005,15.28,16.18,0.98888874,0.0,0.0,6.0133185,0,0,0,0,0,0,0,0,0,1,4,0,0,1,0,0,0
1777227545581000,15.3,-1.0,0.0087654255,-124.451614,0.5000267,1.0588202,nan,nan,0.0,0.0,0.0,0.0,0.0,0.0,0.0,0.0,0.0,0.0,0.0,0.0,0.0,0.0,0.0,0.0,0.0,0.0,0.005,15.28,16.18,0.98888874,0.0,0.0,6.0133185,0,0,0,0,0,0,0,0,0,1,4,0,0,1,0,0,0
1777227545781000,15.3,-1.0,0.008730439,-124.50716,0.5000267,1.0588202,nan,nan,0.0,0.0,0.0,0.0,0.0,0.0,0.0,0.0,0.0,0.0,0.0,0.0,0.0,0.0,0.0,0.0,0.0,0.0,0.005,15.28,16.18,0.98888874,0.0,0.0,6.0133185,0,0,0,0,0,0,0,0,0,1,4,0,0,1,0,0,0
1777227545981000,15.3,-1.0,0.008695591,-124.5627,0.5000267,1.0588202,nan,nan,0.0,0.0,0.0,0.0,0.0,0.0,0.0,0.0,0.0,0.0,0.0,0.0,0.0,0.0,0.0,0.0,0.0,0.0,0.005,15.28,16.18,0.98888874,0.0,0.0,6.0133185,0,0,0,0,0,0,0,0,0,1,4,0,0,1,0,0,0
1777227546181000,15.3,-1.0,0.008660881,-124.61824,0.5000267,1.0588202,nan,nan,0.0,0.0,0.0,0.0,0.0,0.0,0.0,0.0,0.0,0.0,0.0,0.0,0.0,0.0,0.0,0.0,0.0,0.0,0.005,15.28,16.18,0.98888874,0.0,0.0,6.0133185,0,0,0,0,0,0,0,0,0,1,4,0,0,1,0,0,0
1777227546381000,15.3,-1.0,0.00862631,-124.67378,0.5000267,1.0588202,nan,nan,0.0,0.0,0.0,0.0,0.0,0.0,0.0,0.0,0.0,0.0,0.0,0.0,0.0,0.0,0.0,0.0,0.0,0.0,0.005,15.28,16.18,0.98888874,0.0,0.0,6.0133185,0,0,0,0,0,0,0,0,0,1,4,0,0,1,0,0,0
1777227546581000,15.3,-1.0,0.008591878,-124.729324,0.5000267,1.0588202,nan,nan,0.0,0.0,0.0,0.0,0.0,0.0,0.0,0.0,0.0,0.0,0.0,0.0,0.0,0.0,0.0,0.0,0.0,0.0,0.005,15.28,16.18,0.98888874,0.0,0.0,6.0133185,0,0,0,0,0,0,0,0,0,1,4,0,0,1,0,0,0
1777227546781000,15.3,-1.0,0.008557582,-124.78487,0.5000267,1.0588202,nan,nan,0.0,0.0,0.0,0.0,0.0,0.0,0.0,0.0,0.0,0.0,0.0,0.0,0.0,0.0,0.0,0.0,0.0,0.0,0.005,15.28,16.18,0.98888874,0.0,0.0,6.0133185,0,0,0,0,0,0,0,0,0,1,4,0,0,1,0,0,0
1777227546981000,15.3,-1.0,0.008523424,-124.84041,0.5000267,1.0588202,nan,nan,0.0,0.0,0.0,0.0,0.0,0.0,0.0,0.0,0.0,0.0,0.0,0.0,0.0,0.0,0.0,0.0,0.0,0.0,0.005,15.28,16.18,0.98888874,0.0,0.0,6.0133185,0,0,0,0,0,0,0,0,0,1,4,0,0,1,0,0,0
1777227547181000,15.3,-1.0,0.008489402,-124.89595,0.5000267,1.0588202,nan,nan,0.0,0.0,0.0,0.0,0.0,0.0,0.0,0.0,0.0,0.0,0.0,0.0,0.0,0.0,0.0,0.0,0.0,0.0,0.005,15.28,16.18,0.98888874,0.0,0.0,6.0133185,0,0,0,0,0,0,0,0,0,1,4,0,0,1,0,0,0
1777227547381000,15.3,-1.0,0.008455516,-124.95149,0.5000267,1.0588202,nan,nan,0.0,0.0,0.0,0.0,0.0,0.0,0.0,0.0,0.0,0.0,0.0,0.0,0.0,0.0,0.0,0.0,0.0,0.0,0.005,15.28,16.18,0.98888874,0.0,0.0,6.0133185,0,0,0,0,0,0,0,0,0,1,4,0,0,1,0,0,0
1777227547581000,15.3,-1.0,0.008421766,-125.007034,0.5000267,1.0588202,nan,nan,0.0,0.0,0.0,0.0,0.0,0.0,0.0,0.0,0.0,0.0,0.0,0.0,0.0,0.0,0.0,0.0,0.0,0.0,0.005,15.28,16.18,0.98888874,0.0,0.0,6.0133185,0,0,0,0,0,0,0,0,0,1,4,0,0,1,0,0,0
1777227547781000,15.3,-1.0,0.008388149,-125.06258,0.5000267,1.0588202,nan,nan,0.0,0.0,0.0,0.0,0.0,0.0,0.0,0.0,0.0,0.0,0.0,0.0,0.0,0.0,0.0,0.0,0.0,0.0,0.005,15.28,16.18,0.98888874,0.0,0.0,6.0133185,0,0,0,0,0,0,0,0,0,1,4,0,0,1,0,0,0
1777227547981000,15.3,-1.0,0.0083546685,-125.11812,0.5000267,1.0588202,nan,nan,0.0,0.0,0.0,0.0,0.0,0.0,0.0,0.0,0.0,0.0,0.0,0.0,0.0,0.0,0.0,0.0,0.0,0.0,0.005,15.28,16.18,0.98888874,0.0,0.0,6.0133185,0,0,0,0,0,0,0,0,0,1,4,0,0,1,0,0,0
1777227548181000,15.3,-1.0,0.00832132,-125.17366,0.5000267,1.0588202,nan,nan,0.0,0.0,0.0,0.0,0.0,0.0,0.0,0.0,0.0,0.0,0.0,0.0,0.0,0.0,0.0,0.0,0.0,0.0,0.005,15.28,16.18,0.98888874,0.0,0.0,6.0133185,0,0,0,0,0,0,0,0,0,1,4,0,0,1,0,0,0
1777227548381000,15.3,-1.0,0.008288105,-125.2292,0.5000267,1.0588202,nan,nan,0.0,0.0,0.0,0.0,0.0,0.0,0.0,0.0,0.0,0.0,0.0,0.0,0.0,0.0,0.0,0.0,0.0,0.0,0.005,15.28,16.18,0.98888874,0.0,0.0,6.0133185,0,0,0,0,0,0,0,0,0,1,4,0,0,1,0,0,0
1777227548581000,15.3,-1.0,0.0082550235,-125.284744,0.5000267,1.0588202,nan,nan,0.0,0.0,0.0,0.0,0.0,0.0,0.0,0.0,0.0,0.0,0.0,0.0,0.0,0.0,0.0,0.0,0.0,0.0,0.005,15.28,16.18,0.98888874,0.0,0.0,6.0133185,0,0,0,0,0,0,0,0,0,1,4,0,0,1,0,0,0
1777227548781000,15.3,-1.0,0.008222071,-125.34029,0.5000267,1.0588202,nan,nan,0.0,0.0,0.0,0.0,0.0,0.0,0.0,0.0,0.0,0.0,0.0,0.0,0.0,0.0,0.0,0.0,0.0,0.0,0.005,15.28,16.18,0.98888874,0.0,0.0,6.0133185,0,0,0,0,0,0,0,0,0,1,4,0,0,1,0,0,0
1777227548981000,15.3,-1.0,0.008189253,-125.39583,0.5000267,1.0588202,nan,nan,0.0,0.0,0.0,0.0,0.0,0.0,0.0,0.0,0.0,0.0,0.0,0.0,0.0,0.0,0.0,0.0,0.0,0.0,0.005,15.28,16.18,0.98888874,0.0,0.0,6.0133185,0,0,0,0,0,0,0,0,0,1,4,0,0,1,0,0,0
1777227549181000,15.3,-1.0,0.008156565,-125.45137,0.5000267,1.0588202,nan,nan,0.0,0.0,0.0,0.0,0.0,0.0,0.0,0.0,0.0,0.0,0.0,0.0,0.0,0.0,0.0,0.0,0.0,0.0,0.005,15.28,16.18,0.98888874,0.0,0.0,6.0133185,0,0,0,0,0,0,0,0,0,1,4,0,0,1,0,0,0
1777227549381000,15.3,-1.0,0.008124007,-125.50691,0.5000267,1.0588202,nan,nan,0.0,0.0,0.0,0.0,0.0,0.0,0.0,0.0,0.0,0.0,0.0,0.0,0.0,0.0,0.0,0.0,0.0,0.0,0.005,15.28,16.18,0.98888874,0.0,0.0,6.0133185,0,0,0,0,0,0,0,0,0,1,4,0,0,1,0,0,0
1777227549581000,15.3,-1.0,0.008091579,-125.562454,0.5000267,1.0588202,nan,nan,0.0,0.0,0.0,0.0,0.0,0.0,0.0,0.0,0.0,0.0,0.0,0.0,0.0,0.0,0.0,0.0,0.0,0.0,0.005,15.28,16.18,0.98888874,0.0,0.0,6.0133185,0,0,0,0,0,0,0,0,0,1,4,0,0,1,0,0,0
1777227549781000,15.3,-1.0,0.00805928,-125.618,0.5000267,1.0588202,nan,nan,0.0,0.0,0.0,0.0,0.0,0.0,0.0,0.0,0.0,0.0,0.0,0.0,0.0,0.0,0.0,0.0,0.0,0.0,0.005,15.28,16.18,0.98888874,0.0,0.0,6.0133185,0,0,0,0,0,0,0,0,0,1,4,0,0,1,0,0,0
1777227549981000,15.3,-1.0,0.00802711,-125.67354,0.5000267,1.0588202,nan,nan,0.0,0.0,0.0,0.0,0.0,0.0,0.0,0.0,0.0,0.0,0.0,0.0,0.0,0.0,0.0,0.0,0.0,0.0,0.005,15.28,16.18,0.98888874,0.0,0.0,6.0133185,0,0,0,0,0,0,0,0,0,1,4,0,0,1,0,0,0
1777227550181000,15.3,-1.0,0.00799507,-125.72908,0.5000267,1.0588202,nan,nan,0.0,0.0,0.0,0.0,0.0,0.0,0.0,0.0,0.0,0.0,0.0,0.0,0.0,0.0,0.0,0.0,0.0,0.0,0.005,15.28,16.18,0.98888874,0.0,0.0,6.0133185,0,0,0,0,0,0,0,0,0,1,4,0,0,1,0,0,0
1777227550381000,15.3,-1.0,0.007963157,-125.78462,0.5000267,1.0588202,nan,nan,0.0,0.0,0.0,0.0,0.0,0.0,0.0,0.0,0.0,0.0,0.0,0.0,0.0,0.0,0.0,0.0,0.0,0.0,0.005,15.28,16.18,0.98888874,0.0,0.0,6.0133185,0,0,0,0,0,0,0,0,0,1,4,0,0,1,0,0,0
1777227550581000,15.3,-1.0,0.007931371,-125.840164,0.5000267,1.0588202,nan,nan,0.0,0.0,0.0,0.0,0.0,0.0,0.0,0.0,0.0,0.0,0.0,0.0,0.0,0.0,0.0,0.0,0.0,0.0,0.005,15.28,16.18,0.98888874,0.0,0.0,6.0133185,0,0,0,0,0,0,0,0,0,1,4,0,0,1,0,0,0
1777227550781000,15.3,-1.0,0.007899712,-125.895706,0.5000267,1.0588202,nan,nan,0.0,0.0,0.0,0.0,0.0,0.0,0.0,0.0,0.0,0.0,0.0,0.0,0.0,0.0,0.0,0.0,0.0,0.0,0.005,15.28,16.18,0.98888874,0.0,0.0,6.0133185,0,0,0,0,0,0,0,0,0,1,4,0,0,1,0,0,0
1777227550981000,15.3,-1.0,0.007868179,-125.95125,0.5000267,1.0588202,nan,nan,0.0,0.0,0.0,0.0,0.0,0.0,0.0,0.0,0.0,0.0,0.0,0.0,0.0,0.0,0.0,0.0,0.0,0.0,0.005,15.28,16.18,0.98888874,0.0,0.0,6.0133185,0,0,0,0,0,0,0,0,0,1,4,0,0,1,0,0,0
1777227551181000,15.3,-1.0,0.007836772,-126.00679,0.5000267,1.0588202,nan,nan,0.0,0.0,0.0,0.0,0.0,0.0,0.0,0.0,0.0,0.0,0.0,0.0,0.0,0.0,0.0,0.0,0.0,0.0,0.005,15.28,16.18,0.98888874,0.0,0.0,6.0133185,0,0,0,0,0,0,0,0,0,1,4,0,0,1,0,0,0
1777227551381000,15.3,-1.0,0.007805491,-126.06233,0.5000267,1.0588202,nan,nan,0.0,0.0,0.0,0.0,0.0,0.0,0.0,0.0,0.0,0.0,0.0,0.0,0.0,0.0,0.0,0.0,0.0,0.0,0.005,15.28,16.18,0.98888874,0.0,0.0,6.0133185,0,0,0,0,0,0,0,0,0,1,4,0,0,1,0,0,0
1777227551581000,15.3,-1.0,0.007774334,-126.117874,0.5000267,1.0588202,nan,nan,0.0,0.0,0.0,0.0,0.0,0.0,0.0,0.0,0.0,0.0,0.0,0.0,0.0,0.0,0.0,0.0,0.0,0.0,0.005,15.28,16.18,0.98888874,0.0,0.0,6.0133185,0,0,0,0,0,0,0,0,0,1,4,0,0,1,0,0,0
1777227551781000,15.3,-1.0,0.0077433013,-126.173416,0.5000267,1.0588202,nan,nan,0.0,0.0,0.0,0.0,0.0,0.0,0.0,0.0,0.0,0.0,0.0,0.0,0.0,0.0,0.0,0.0,0.0,0.0,0.005,15.28,16.18,0.98888874,0.0,0.0,6.0133185,0,0,0,0,0,0,0,0,0,1,4,0,0,1,0,0,0
1777227551981000,15.3,-1.0,0.0077123935,-126.22896,0.5000267,1.0588202,nan,nan,0.0,0.0,0.0,0.0,0.0,0.0,0.0,0.0,0.0,0.0,0.0,0.0,0.0,0.0,0.0,0.0,0.0,0.0,0.005,15.28,16.18,0.98888874,0.0,0.0,6.0133185,0,0,0,0,0,0,0,0,0,1,4,0,0,1,0,0,0
1777227552181000,15.3,-1.0,0.0076816087,-126.2845,0.5000267,1.0588202,nan,nan,0.0,0.0,0.0,0.0,0.0,0.0,0.0,0.0,0.0,0.0,0.0,0.0,0.0,0.0,0.0,0.0,0.0,0.0,0.005,15.28,16.18,0.98888874,0.0,0.0,6.0133185,0,0,0,0,0,0,0,0,0,1,4,0,0,1,0,0,0
1777227552381000,15.3,-1.0,0.007650947,-126.34004,0.5000267,1.0588202,nan,nan,0.0,0.0,0.0,0.0,0.0,0.0,0.0,0.0,0.0,0.0,0.0,0.0,0.0,0.0,0.0,0.0,0.0,0.0,0.005,15.28,16.18,0.98888874,0.0,0.0,6.0133185,0,0,0,0,0,0,0,0,0,1,4,0,0,1,0,0,0
1777227552581000,15.3,-1.0,0.0076204077,-126.395584,0.5000267,1.0588202,nan,nan,0.0,0.0,0.0,0.0,0.0,0.0,0.0,0.0,0.0,0.0,0.0,0.0,0.0,0.0,0.0,0.0,0.0,0.0,0.005,15.28,16.18,0.98888874,0.0,0.0,6.0133185,0,0,0,0,0,0,0,0,0,1,4,0,0,1,0,0,0
1777227552781000,15.3,-1.0,0.0075899907,-126.451126,0.5000267,1.0588202,nan,nan,0.0,0.0,0.0,0.0,0.0,0.0,0.0,0.0,0.0,0.0,0.0,0.0,0.0,0.0,0.0,0.0,0.0,0.0,0.005,15.28,16.18,0.98888874,0.0,0.0,6.0133185,0,0,0,0,0,0,0,0,0,1,4,0,0,1,0,0,0
1777227552981000,15.3,-1.0,0.0075596934,-126.50667,0.5000267,1.0588202,nan,nan,0.0,0.0,0.0,0.0,0.0,0.0,0.0,0.0,0.0,0.0,0.0,0.0,0.0,0.0,0.0,0.0,0.0,0.0,0.005,15.28,16.18,0.98888874,0.0,0.0,6.0133185,0,0,0,0,0,0,0,0,0,1,4,0,0,1,0,0,0
1777227553181000,15.3,-1.0,0.0075295195,-126.56221,0.5000267,1.0588202,nan,nan,0.0,0.0,0.0,0.0,0.0,0.0,0.0,0.0,0.0,0.0,0.0,0.0,0.0,0.0,0.0,0.0,0.0,0.0,0.005,15.28,16.18,0.98888874,0.0,0.0,6.0133185,0,0,0,0,0,0,0,0,0,1,4,0,0,1,0,0,0
1777227553381000,15.3,-1.0,0.0074994643,-126.61775,0.5000267,1.0588202,nan,nan,0.0,0.0,0.0,0.0,0.0,0.0,0.0,0.0,0.0,0.0,0.0,0.0,0.0,0.0,0.0,0.0,0.0,0.0,0.005,15.28,16.18,0.98888874,0.0,0.0,6.0133185,0,0,0,0,0,0,0,0,0,1,4,0,0,1,0,0,0
1777227553581000,15.3,-1.0,0.007469528,-126.673294,0.5000267,1.0588202,nan,nan,0.0,0.0,0.0,0.0,0.0,0.0,0.0,0.0,0.0,0.0,0.0,0.0,0.0,0.0,0.0,0.0,0.0,0.0,0.005,15.28,16.18,0.98888874,0.0,0.0,6.0133185,0,0,0,0,0,0,0,0,0,1,4,0,0,1,0,0,0
1777227553781000,15.3,-1.0,0.007439714,-126.728836,0.5000267,1.0588202,nan,nan,0.0,0.0,0.0,0.0,0.0,0.0,0.0,0.0,0.0,0.0,0.0,0.0,0.0,0.0,0.0,0.0,0.0,0.0,0.005,15.28,16.18,0.98888874,0.0,0.0,6.0133185,0,0,0,0,0,0,0,0,0,1,4,0,0,1,0,0,0
1777227553981000,15.3,-1.0,0.0074100187,-126.78438,0.5000267,1.0588202,nan,nan,0.0,0.0,0.0,0.0,0.0,0.0,0.0,0.0,0.0,0.0,0.0,0.0,0.0,0.0,0.0,0.0,0.0,0.0,0.005,15.28,16.18,0.98888874,0.0,0.0,6.0133185,0,0,0,0,0,0,0,0,0,1,4,0,0,1,0,0,0
1777227554181000,15.3,-1.0,0.0073804404,-126.83992,0.5000267,1.0588202,nan,nan,0.0,0.0,0.0,0.0,0.0,0.0,0.0,0.0,0.0,0.0,0.0,0.0,0.0,0.0,0.0,0.0,0.0,0.0,0.005,15.28,16.18,0.98888874,0.0,0.0,6.0133185,0,0,0,0,0,0,0,0,0,1,4,0,0,1,0,0,0
1777227554381000,15.3,-1.0,0.0073509803,-126.89546,0.5000267,1.0588202,nan,nan,0.0,0.0,0.0,0.0,0.0,0.0,0.0,0.0,0.0,0.0,0.0,0.0,0.0,0.0,0.0,0.0,0.0,0.0,0.005,15.28,16.18,0.98888874,0.0,0.0,6.0133185,0,0,0,0,0,0,0,0,0,1,4,0,0,1,0,0,0
1777227554581000,15.3,-1.0,0.0073216367,-126.951004,0.5000267,1.0588202,nan,nan,0.0,0.0,0.0,0.0,0.0,0.0,0.0,0.0,0.0,0.0,0.0,0.0,0.0,0.0,0.0,0.0,0.0,0.0,0.005,15.28,16.18,0.98888874,0.0,0.0,6.0133185,0,0,0,0,0,0,0,0,0,1,4,0,0,1,0,0,0
1777227554781000,15.3,-1.0,0.0072924094,-127.006546,0.5000267,1.0588202,nan,nan,0.0,0.0,0.0,0.0,0.0,0.0,0.0,0.0,0.0,0.0,0.0,0.0,0.0,0.0,0.0,0.0,0.0,0.0,0.005,15.28,16.18,0.98888874,0.0,0.0,6.0133185,0,0,0,0,0,0,0,0,0,1,4,0,0,1,0,0,0
1777227554981000,15.3,-1.0,0.0072632986,-127.06209,0.5000267,1.0588202,nan,nan,0.0,0.0,0.0,0.0,0.0,0.0,0.0,0.0,0.0,0.0,0.0,0.0,0.0,0.0,0.0,0.0,0.0,0.0,0.005,15.28,16.18,0.98888874,0.0,0.0,6.0133185,0,0,0,0,0,0,0,0,0,1,4,0,0,1,0,0,0
1777227555181000,15.3,-1.0,0.007234304,-127.11763,0.5000267,1.0588202,nan,nan,0.0,0.0,0.0,0.0,0.0,0.0,0.0,0.0,0.0,0.0,0.0,0.0,0.0,0.0,0.0,0.0,0.0,0.0,0.005,15.28,16.18,0.98888874,0.0,0.0,6.0133185,0,0,0,0,0,0,0,0,0,1,4,0,0,1,0,0,0
1777227555381000,15.3,-1.0,0.007205426,-127.17317,0.5000267,1.0588202,nan,nan,0.0,0.0,0.0,0.0,0.0,0.0,0.0,0.0,0.0,0.0,0.0,0.0,0.0,0.0,0.0,0.0,0.0,0.0,0.005,15.28,16.18,0.98888874,0.0,0.0,6.0133185,0,0,0,0,0,0,0,0,0,1,4,0,0,1,0,0,0
1777227555581000,15.3,-1.0,0.0071766647,-127.228714,0.5000267,1.0588202,nan,nan,0.0,0.0,0.0,0.0,0.0,0.0,0.0,0.0,0.0,0.0,0.0,0.0,0.0,0.0,0.0,0.0,0.0,0.0,0.005,15.28,16.18,0.98888874,0.0,0.0,6.0133185,0,0,0,0,0,0,0,0,0,1,4,0,0,1,0,0,0
1777227555781000,15.3,-1.0,0.0071480176,-127.284256,0.5000267,1.0588202,nan,nan,0.0,0.0,0.0,0.0,0.0,0.0,0.0,0.0,0.0,0.0,0.0,0.0,0.0,0.0,0.0,0.0,0.0,0.0,0.005,15.28,16.18,0.98888874,0.0,0.0,6.0133185,0,0,0,0,0,0,0,0,0,1,4,0,0,1,0,0,0
1777227555981000,15.3,-1.0,0.0071194866,-127.3398,0.5000267,1.0588202,nan,nan,0.0,0.0,0.0,0.0,0.0,0.0,0.0,0.0,0.0,0.0,0.0,0.0,0.0,0.0,0.0,0.0,0.0,0.0,0.005,15.28,16.18,0.98888874,0.0,0.0,6.0133185,0,0,0,0,0,0,0,0,0,1,4,0,0,1,0,0,0
1777227556181000,15.3,-1.0,0.00709107,-127.39534,0.5000267,1.0588202,nan,nan,0.0,0.0,0.0,0.0,0.0,0.0,0.0,0.0,0.0,0.0,0.0,0.0,0.0,0.0,0.0,0.0,0.0,0.0,0.005,15.28,16.18,0.98888874,0.0,0.0,6.0133185,0,0,0,0,0,0,0,0,0,1,4,0,0,1,0,0,0
1777227556381000,15.3,-1.0,0.007062764,-127.45088,0.5000267,1.0588202,nan,nan,0.0,0.0,0.0,0.0,0.0,0.0,0.0,0.0,0.0,0.0,0.0,0.0,0.0,0.0,0.0,0.0,0.0,0.0,0.005,15.28,16.18,0.98888874,0.0,0.0,6.0133185,0,0,0,0,0,0,0,0,0,1,4,0,0,1,0,0,0
1777227556581000,15.3,-1.0,0.007034572,-127.506424,0.5000267,1.0588202,nan,nan,0.0,0.0,0.0,0.0,0.0,0.0,0.0,0.0,0.0,0.0,0.0,0.0,0.0,0.0,0.0,0.0,0.0,0.0,0.005,15.28,16.18,0.98888874,0.0,0.0,6.0133185,0,0,0,0,0,0,0,0,0,1,4,0,0,1,0,0,0
1777227556781000,15.3,-1.0,0.007006494,-127.561966,0.5000267,1.0588202,nan,nan,0.0,0.0,0.0,0.0,0.0,0.0,0.0,0.0,0.0,0.0,0.0,0.0,0.0,0.0,0.0,0.0,0.0,0.0,0.005,15.28,16.18,0.98888874,0.0,0.0,6.0133185,0,0,0,0,0,0,0,0,0,1,4,0,0,1,0,0,0
1777227556981000,15.3,-1.0,0.0069785262,-127.61751,0.5000267,1.0588202,nan,nan,0.0,0.0,0.0,0.0,0.0,0.0,0.0,0.0,0.0,0.0,0.0,0.0,0.0,0.0,0.0,0.0,0.0,0.0,0.005,15.28,16.18,0.98888874,0.0,0.0,6.0133185,0,0,0,0,0,0,0,0,0,1,4,0,0,1,0,0,0
1777227557181000,15.3,-1.0,0.006950671,-127.67305,0.5000267,1.0588202,nan,nan,0.0,0.0,0.0,0.0,0.0,0.0,0.0,0.0,0.0,0.0,0.0,0.0,0.0,0.0,0.0,0.0,0.0,0.0,0.005,15.28,16.18,0.98888874,0.0,0.0,6.0133185,0,0,0,0,0,0,0,0,0,1,4,0,0,1,0,0,0
1777227557381000,15.3,-1.0,0.0069229268,-127.72859,0.5000267,1.0588202,nan,nan,0.0,0.0,0.0,0.0,0.0,0.0,0.0,0.0,0.0,0.0,0.0,0.0,0.0,0.0,0.0,0.0,0.0,0.0,0.005,15.28,16.18,0.98888874,0.0,0.0,6.0133185,0,0,0,0,0,0,0,0,0,1,4,0,0,1,0,0,0
1777227557581000,15.3,-1.0,0.0068952935,-127.784134,0.5000267,1.0588202,nan,nan,0.0,0.0,0.0,0.0,0.0,0.0,0.0,0.0,0.0,0.0,0.0,0.0,0.0,0.0,0.0,0.0,0.0,0.0,0.005,15.28,16.18,0.98888874,0.0,0.0,6.0133185,0,0,0,0,0,0,0,0,0,1,4,0,0,1,0,0,0
1777227557781000,15.3,-1.0,0.00686777,-127.839676,0.5000267,1.0588202,nan,nan,0.0,0.0,0.0,0.0,0.0,0.0,0.0,0.0,0.0,0.0,0.0,0.0,0.0,0.0,0.0,0.0,0.0,0.0,0.005,15.28,16.18,0.98888874,0.0,0.0,6.0133185,0,0,0,0,0,0,0,0,0,1,4,0,0,1,0,0,0
1777227557981000,15.3,-1.0,0.006840357,-127.89522,0.5000267,1.0588202,nan,nan,0.0,0.0,0.0,0.0,0.0,0.0,0.0,0.0,0.0,0.0,0.0,0.0,0.0,0.0,0.0,0.0,0.0,0.0,0.005,15.28,16.18,0.98888874,0.0,0.0,6.0133185,0,0,0,0,0,0,0,0,0,1,4,0,0,1,0,0,0
1777227558181000,15.3,-1.0,0.0068130526,-127.95076,0.5000267,1.0588202,nan,nan,0.0,0.0,0.0,0.0,0.0,0.0,0.0,0.0,0.0,0.0,0.0,0.0,0.0,0.0,0.0,0.0,0.0,0.0,0.005,15.28,16.18,0.98888874,0.0,0.0,6.0133185,0,0,0,0,0,0,0,0,0,1,4,0,0,1,0,0,0
1777227558381000,15.3,-1.0,0.006785858,-128.0063,0.5000267,1.0588202,nan,nan,0.0,0.0,0.0,0.0,0.0,0.0,0.0,0.0,0.0,0.0,0.0,0.0,0.0,0.0,0.0,0.0,0.0,0.0,0.005,15.28,16.18,0.98888874,0.0,0.0,6.0133185,0,0,0,0,0,0,0,0,0,1,4,0,0,1,0,0,0
1777227558581000,15.3,-1.0,0.0067587714,-128.06184,0.5000267,1.0588202,nan,nan,0.0,0.0,0.0,0.0,0.0,0.0,0.0,0.0,0.0,0.0,0.0,0.0,0.0,0.0,0.0,0.0,0.0,0.0,0.005,15.28,16.18,0.98888874,0.0,0.0,6.0133185,0,0,0,0,0,0,0,0,0,1,4,0,0,1,0,0,0
1777227558781000,15.3,-1.0,0.006731793,-128.11739,0.5000267,1.0588202,nan,nan,0.0,0.0,0.0,0.0,0.0,0.0,0.0,0.0,0.0,0.0,0.0,0.0,0.0,0.0,0.0,0.0,0.0,0.0,0.005,15.28,16.18,0.98888874,0.0,0.0,6.0133185,0,0,0,0,0,0,0,0,0,1,4,0,0,1,0,0,0
1777227558981000,15.3,-1.0,0.0067049223,-128.17293,0.5000267,1.0588202,nan,nan,0.0,0.0,0.0,0.0,0.0,0.0,0.0,0.0,0.0,0.0,0.0,0.0,0.0,0.0,0.0,0.0,0.0,0.0,0.005,15.28,16.18,0.98888874,0.0,0.0,6.0133185,0,0,0,0,0,0,0,0,0,1,4,0,0,1,0,0,0
1777227559181000,15.3,-1.0,0.0066781593,-128.22847,0.5000267,1.0588202,nan,nan,0.0,0.0,0.0,0.0,0.0,0.0,0.0,0.0,0.0,0.0,0.0,0.0,0.0,0.0,0.0,0.0,0.0,0.0,0.005,15.28,16.18,0.98888874,0.0,0.0,6.0133185,0,0,0,0,0,0,0,0,0,1,4,0,0,1,0,0,0
1777227559381000,15.3,-1.0,0.006651503,-128.28401,0.5000267,1.0588202,nan,nan,0.0,0.0,0.0,0.0,0.0,0.0,0.0,0.0,0.0,0.0,0.0,0.0,0.0,0.0,0.0,0.0,0.0,0.0,0.005,15.28,16.18,0.98888874,0.0,0.0,6.0133185,0,0,0,0,0,0,0,0,0,1,4,0,0,1,0,0,0
1777227559581000,15.3,-1.0,0.006624953,-128.33955,0.5000267,1.0588202,nan,nan,0.0,0.0,0.0,0.0,0.0,0.0,0.0,0.0,0.0,0.0,0.0,0.0,0.0,0.0,0.0,0.0,0.0,0.0,0.005,15.28,16.18,0.98888874,0.0,0.0,6.0133185,0,0,0,0,0,0,0,0,0,1,4,0,0,1,0,0,0
1777227559781000,15.3,-1.0,0.006598509,-128.3951,0.5000267,1.0588202,nan,nan,0.0,0.0,0.0,0.0,0.0,0.0,0.0,0.0,0.0,0.0,0.0,0.0,0.0,0.0,0.0,0.0,0.0,0.0,0.005,15.28,16.18,0.98888874,0.0,0.0,6.0133185,0,0,0,0,0,0,0,0,0,1,4,0,0,1,0,0,0
1777227559981000,15.3,-1.0,0.0065721697,-128.45064,0.5000267,1.0588202,nan,nan,0.0,0.0,0.0,0.0,0.0,0.0,0.0,0.0,0.0,0.0,0.0,0.0,0.0,0.0,0.0,0.0,0.0,0.0,0.005,15.28,16.18,0.98888874,0.0,0.0,6.0133185,0,0,0,0,0,0,0,0,0,1,4,0,0,1,0,0,0
1777227560181000,15.3,-1.0,0.0065459367,-128.50618,0.5000267,1.0588202,nan,nan,0.0,0.0,0.0,0.0,0.0,0.0,0.0,0.0,0.0,0.0,0.0,0.0,0.0,0.0,0.0,0.0,0.0,0.0,0.005,15.28,16.18,0.98888874,0.0,0.0,6.0133185,0,0,0,0,0,0,0,0,0,1,4,0,0,1,0,0,0
1777227560381000,15.3,-1.0,0.0065198075,-128.56172,0.5000267,1.0588202,nan,nan,0.0,0.0,0.0,0.0,0.0,0.0,0.0,0.0,0.0,0.0,0.0,0.0,0.0,0.0,0.0,0.0,0.0,0.0,0.005,15.28,16.18,0.98888874,0.0,0.0,6.0133185,0,0,0,0,0,0,0,0,0,1,4,0,0,1,0,0,0
1777227560581000,15.3,-1.0,0.0064937836,-128.61726,0.5000267,1.0588202,nan,nan,0.0,0.0,0.0,0.0,0.0,0.0,0.0,0.0,0.0,0.0,0.0,0.0,0.0,0.0,0.0,0.0,0.0,0.0,0.005,15.28,16.18,0.98888874,0.0,0.0,6.0133185,0,0,0,0,0,0,0,0,0,1,4,0,0,1,0,0,0
1777227560781000,15.3,-1.0,0.0064678635,-128.6728,0.5000267,1.0588202,nan,nan,0.0,0.0,0.0,0.0,0.0,0.0,0.0,0.0,0.0,0.0,0.0,0.0,0.0,0.0,0.0,0.0,0.0,0.0,0.005,15.28,16.18,0.98888874,0.0,0.0,6.0133185,0,0,0,0,0,0,0,0,0,1,4,0,0,1,0,0,0
1777227560981000,15.3,-1.0,0.0064420467,-128.72835,0.5000267,1.0588202,nan,nan,0.0,0.0,0.0,0.0,0.0,0.0,0.0,0.0,0.0,0.0,0.0,0.0,0.0,0.0,0.0,0.0,0.0,0.0,0.005,15.28,16.18,0.98888874,0.0,0.0,6.0133185,0,0,0,0,0,0,0,0,0,1,4,0,0,1,0,0,0
1777227561181000,15.3,-1.0,0.006416333,-128.78389,0.5000267,1.0588202,nan,nan,0.0,0.0,0.0,0.0,0.0,0.0,0.0,0.0,0.0,0.0,0.0,0.0,0.0,0.0,0.0,0.0,0.0,0.0,0.005,15.28,16.18,0.98888874,0.0,0.0,6.0133185,0,0,0,0,0,0,0,0,0,1,4,0,0,1,0,0,0
1777227561381000,15.3,-1.0,0.006390721,-128.83943,0.5000267,1.0588202,nan,nan,0.0,0.0,0.0,0.0,0.0,0.0,0.0,0.0,0.0,0.0,0.0,0.0,0.0,0.0,0.0,0.0,0.0,0.0,0.005,15.28,16.18,0.98888874,0.0,0.0,6.0133185,0,0,0,0,0,0,0,0,0,1,4,0,0,1,0,0,0
1777227561581000,15.3,-1.0,0.006365212,-128.89497,0.5000267,1.0588202,nan,nan,0.0,0.0,0.0,0.0,0.0,0.0,0.0,0.0,0.0,0.0,0.0,0.0,0.0,0.0,0.0,0.0,0.0,0.0,0.005,15.28,16.18,0.98888874,0.0,0.0,6.0133185,0,0,0,0,0,0,0,0,0,1,4,0,0,1,0,0,0
1777227561781000,15.3,-1.0,0.0063398047,-128.95052,0.5000267,1.0588202,nan,nan,0.0,0.0,0.0,0.0,0.0,0.0,0.0,0.0,0.0,0.0,0.0,0.0,0.0,0.0,0.0,0.0,0.0,0.0,0.005,15.28,16.18,0.98888874,0.0,0.0,6.0133185,0,0,0,0,0,0,0,0,0,1,4,0,0,1,0,0,0
1777227561981000,15.3,-1.0,0.006314498,-129.00606,0.5000267,1.0588202,nan,nan,0.0,0.0,0.0,0.0,0.0,0.0,0.0,0.0,0.0,0.0,0.0,0.0,0.0,0.0,0.0,0.0,0.0,0.0,0.005,15.28,16.18,0.98888874,0.0,0.0,6.0133185,0,0,0,0,0,0,0,0,0,1,4,0,0,1,0,0,0
1777227562181000,15.3,-1.0,0.006289293,-129.0616,0.5000267,1.0588202,nan,nan,0.0,0.0,0.0,0.0,0.0,0.0,0.0,0.0,0.0,0.0,0.0,0.0,0.0,0.0,0.0,0.0,0.0,0.0,0.005,15.28,16.18,0.98888874,0.0,0.0,6.0133185,0,0,0,0,0,0,0,0,0,1,4,0,0,1,0,0,0
1777227562381000,15.3,-1.0,0.006264189,-129.11714,0.5000267,1.0588202,nan,nan,0.0,0.0,0.0,0.0,0.0,0.0,0.0,0.0,0.0,0.0,0.0,0.0,0.0,0.0,0.0,0.0,0.0,0.0,0.005,15.28,16.18,0.98888874,0.0,0.0,6.0133185,0,0,0,0,0,0,0,0,0,1,4,0,0,1,0,0,0
1777227562581000,15.3,-1.0,0.006239185,-129.17268,0.5000267,1.0588202,nan,nan,0.0,0.0,0.0,0.0,0.0,0.0,0.0,0.0,0.0,0.0,0.0,0.0,0.0,0.0,0.0,0.0,0.0,0.0,0.005,15.28,16.18,0.98888874,0.0,0.0,6.0133185,0,0,0,0,0,0,0,0,0,1,4,0,0,1,0,0,0
1777227562781000,15.3,-1.0,0.006214281,-129.22823,0.5000267,1.0588202,nan,nan,0.0,0.0,0.0,0.0,0.0,0.0,0.0,0.0,0.0,0.0,0.0,0.0,0.0,0.0,0.0,0.0,0.0,0.0,0.005,15.28,16.18,0.98888874,0.0,0.0,6.0133185,0,0,0,0,0,0,0,0,0,1,4,0,0,1,0,0,0
1777227562981000,15.3,-1.0,0.006189476,-129.28377,0.5000267,1.0588202,nan,nan,0.0,0.0,0.0,0.0,0.0,0.0,0.0,0.0,0.0,0.0,0.0,0.0,0.0,0.0,0.0,0.0,0.0,0.0,0.005,15.28,16.18,0.98888874,0.0,0.0,6.0133185,0,0,0,0,0,0,0,0,0,1,4,0,0,1,0,0,0
1777227563181000,15.3,-1.0,0.00616477,-129.33931,0.5000267,1.0588202,nan,nan,0.0,0.0,0.0,0.0,0.0,0.0,0.0,0.0,0.0,0.0,0.0,0.0,0.0,0.0,0.0,0.0,0.0,0.0,0.005,15.28,16.18,0.98888874,0.0,0.0,6.0133185,0,0,0,0,0,0,0,0,0,1,4,0,0,1,0,0,0
1777227563381000,15.3,-1.0,0.0061401627,-129.39485,0.5000267,1.0588202,nan,nan,0.0,0.0,0.0,0.0,0.0,0.0,0.0,0.0,0.0,0.0,0.0,0.0,0.0,0.0,0.0,0.0,0.0,0.0,0.005,15.28,16.18,0.98888874,0.0,0.0,6.0133185,0,0,0,0,0,0,0,0,0,1,4,0,0,1,0,0,0
1777227563581000,15.3,-1.0,0.0061156536,-129.4504,0.5000267,1.0588202,nan,nan,0.0,0.0,0.0,0.0,0.0,0.0,0.0,0.0,0.0,0.0,0.0,0.0,0.0,0.0,0.0,0.0,0.0,0.0,0.005,15.28,16.18,0.98888874,0.0,0.0,6.0133185,0,0,0,0,0,0,0,0,0,1,4,0,0,1,0,0,0
1777227563781000,15.3,-1.0,0.0060912427,-129.50594,0.5000267,1.0588202,nan,nan,0.0,0.0,0.0,0.0,0.0,0.0,0.0,0.0,0.0,0.0,0.0,0.0,0.0,0.0,0.0,0.0,0.0,0.0,0.005,15.28,16.18,0.98888874,0.0,0.0,6.0133185,0,0,0,0,0,0,0,0,0,1,4,0,0,1,0,0,0
1777227563981000,15.3,-1.0,0.006066929,-129.56148,0.5000267,1.0588202,nan,nan,0.0,0.0,0.0,0.0,0.0,0.0,0.0,0.0,0.0,0.0,0.0,0.0,0.0,0.0,0.0,0.0,0.0,0.0,0.005,15.28,16.18,0.98888874,0.0,0.0,6.0133185,0,0,0,0,0,0,0,0,0,1,4,0,0,1,0,0,0
1777227564181000,15.3,-1.0,0.0060427124,-129.61702,0.5000267,1.0588202,nan,nan,0.0,0.0,0.0,0.0,0.0,0.0,0.0,0.0,0.0,0.0,0.0,0.0,0.0,0.0,0.0,0.0,0.0,0.0,0.005,15.28,16.18,0.98888874,0.0,0.0,6.0133185,0,0,0,0,0,0,0,0,0,1,4,0,0,1,0,0,0
1777227564381000,15.3,-1.0,0.0060185925,-129.67256,0.5000267,1.0588202,nan,nan,0.0,0.0,0.0,0.0,0.0,0.0,0.0,0.0,0.0,0.0,0.0,0.0,0.0,0.0,0.0,0.0,0.0,0.0,0.005,15.28,16.18,0.98888874,0.0,0.0,6.0133185,0,0,0,0,0,0,0,0,0,1,4,0,0,1,0,0,0
1777227564581000,15.3,-1.0,0.005994569,-129.7281,0.5000267,1.0588202,nan,nan,0.0,0.0,0.0,0.0,0.0,0.0,0.0,0.0,0.0,0.0,0.0,0.0,0.0,0.0,0.0,0.0,0.0,0.0,0.005,15.28,16.18,0.98888874,0.0,0.0,6.0133185,0,0,0,0,0,0,0,0,0,1,4,0,0,1,0,0,0
1777227564781000,15.3,-1.0,0.0059706415,-129.78365,0.5000267,1.0588202,nan,nan,0.0,0.0,0.0,0.0,0.0,0.0,0.0,0.0,0.0,0.0,0.0,0.0,0.0,0.0,0.0,0.0,0.0,0.0,0.005,15.28,16.18,0.98888874,0.0,0.0,6.0133185,0,0,0,0,0,0,0,0,0,1,4,0,0,1,0,0,0
1777227564981000,15.3,-1.0,0.005946809,-129.83919,0.5000267,1.0588202,nan,nan,0.0,0.0,0.0,0.0,0.0,0.0,0.0,0.0,0.0,0.0,0.0,0.0,0.0,0.0,0.0,0.0,0.0,0.0,0.005,15.28,16.18,0.98888874,0.0,0.0,6.0133185,0,0,0,0,0,0,0,0,0,1,4,0,0,1,0,0,0
1777227565181000,15.3,-1.0,0.005923072,-129.89473,0.5000267,1.0588202,nan,nan,0.0,0.0,0.0,0.0,0.0,0.0,0.0,0.0,0.0,0.0,0.0,0.0,0.0,0.0,0.0,0.0,0.0,0.0,0.005,15.28,16.18,0.98888874,0.0,0.0,6.0133185,0,0,0,0,0,0,0,0,0,1,4,0,0,1,0,0,0
1777227565381000,15.3,-1.0,0.0058994293,-129.95027,0.5000267,1.0588202,nan,nan,0.0,0.0,0.0,0.0,0.0,0.0,0.0,0.0,0.0,0.0,0.0,0.0,0.0,0.0,0.0,0.0,0.0,0.0,0.005,15.28,16.18,0.98888874,0.0,0.0,6.0133185,0,0,0,0,0,0,0,0,0,1,4,0,0,1,0,0,0
1777227565581000,15.3,-1.0,0.005875881,-130.00581,0.5000267,1.0588202,nan,nan,0.0,0.0,0.0,0.0,0.0,0.0,0.0,0.0,0.0,0.0,0.0,0.0,0.0,0.0,0.0,0.0,0.0,0.0,0.005,15.28,16.18,0.98888874,0.0,0.0,6.0133185,0,0,0,0,0,0,0,0,0,1,4,0,0,1,0,0,0
1777227565781000,15.3,-1.0,0.005852427,-130.06136,0.5000267,1.0588202,nan,nan,0.0,0.0,0.0,0.0,0.0,0.0,0.0,0.0,0.0,0.0,0.0,0.0,0.0,0.0,0.0,0.0,0.0,0.0,0.005,15.28,16.18,0.98888874,0.0,0.0,6.0133185,0,0,0,0,0,0,0,0,0,1,4,0,0,1,0,0,0
1777227565981000,15.3,-1.0,0.0058290665,-130.1169,0.5000267,1.0588202,nan,nan,0.0,0.0,0.0,0.0,0.0,0.0,0.0,0.0,0.0,0.0,0.0,0.0,0.0,0.0,0.0,0.0,0.0,0.0,0.005,15.28,16.18,0.98888874,0.0,0.0,6.0133185,0,0,0,0,0,0,0,0,0,1,4,0,0,1,0,0,0
1777227566181000,15.3,-1.0,0.0058057993,-130.17244,0.5000267,1.0588202,nan,nan,0.0,0.0,0.0,0.0,0.0,0.0,0.0,0.0,0.0,0.0,0.0,0.0,0.0,0.0,0.0,0.0,0.0,0.0,0.005,15.28,16.18,0.98888874,0.0,0.0,6.0133185,0,0,0,0,0,0,0,0,0,1,4,0,0,1,0,0,0
1777227566381000,15.3,-1.0,0.005782625,-130.22798,0.5000267,1.0588202,nan,nan,0.0,0.0,0.0,0.0,0.0,0.0,0.0,0.0,0.0,0.0,0.0,0.0,0.0,0.0,0.0,0.0,0.0,0.0,0.005,15.28,16.18,0.98888874,0.0,0.0,6.0133185,0,0,0,0,0,0,0,0,0,1,4,0,0,1,0,0,0
1777227566581000,15.3,-1.0,0.0057595433,-130.28352,0.5000267,1.0588202,nan,nan,0.0,0.0,0.0,0.0,0.0,0.0,0.0,0.0,0.0,0.0,0.0,0.0,0.0,0.0,0.0,0.0,0.0,0.0,0.005,15.28,16.18,0.98888874,0.0,0.0,6.0133185,0,0,0,0,0,0,0,0,0,1,4,0,0,1,0,0,0
1777227566781000,15.3,-1.0,0.0057365536,-130.33907,0.5000267,1.0588202,nan,nan,0.0,0.0,0.0,0.0,0.0,0.0,0.0,0.0,0.0,0.0,0.0,0.0,0.0,0.0,0.0,0.0,0.0,0.0,0.005,15.28,16.18,0.98888874,0.0,0.0,6.0133185,0,0,0,0,0,0,0,0,0,1,4,0,0,1,0,0,0
1777227566981000,15.3,-1.0,0.0057136556,-130.3946,0.5000267,1.0588202,nan,nan,0.0,0.0,0.0,0.0,0.0,0.0,0.0,0.0,0.0,0.0,0.0,0.0,0.0,0.0,0.0,0.0,0.0,0.0,0.005,15.28,16.18,0.98888874,0.0,0.0,6.0133185,0,0,0,0,0,0,0,0,0,1,4,0,0,1,0,0,0
1777227567181000,15.3,-1.0,0.0056908485,-130.45015,0.5000267,1.0588202,nan,nan,0.0,0.0,0.0,0.0,0.0,0.0,0.0,0.0,0.0,0.0,0.0,0.0,0.0,0.0,0.0,0.0,0.0,0.0,0.005,15.28,16.18,0.98888874,0.0,0.0,6.0133185,0,0,0,0,0,0,0,0,0,1,4,0,0,1,0,0,0
1777227567381000,15.3,-1.0,0.005668133,-130.50569,0.5000267,1.0588202,nan,nan,0.0,0.0,0.0,0.0,0.0,0.0,0.0,0.0,0.0,0.0,0.0,0.0,0.0,0.0,0.0,0.0,0.0,0.0,0.005,15.28,16.18,0.98888874,0.0,0.0,6.0133185,0,0,0,0,0,0,0,0,0,1,4,0,0,1,0,0,0
1777227567581000,15.3,-1.0,0.0056455084,-130.56123,0.5000267,1.0588202,nan,nan,0.0,0.0,0.0,0.0,0.0,0.0,0.0,0.0,0.0,0.0,0.0,0.0,0.0,0.0,0.0,0.0,0.0,0.0,0.005,15.28,16.18,0.98888874,0.0,0.0,6.0133185,0,0,0,0,0,0,0,0,0,1,4,0,0,1,0,0,0
1777227567781000,15.3,-1.0,0.0056229737,-130.61678,0.5000267,1.0588202,nan,nan,0.0,0.0,0.0,0.0,0.0,0.0,0.0,0.0,0.0,0.0,0.0,0.0,0.0,0.0,0.0,0.0,0.0,0.0,0.005,15.28,16.18,0.98888874,0.0,0.0,6.0133185,0,0,0,0,0,0,0,0,0,1,4,0,0,1,0,0,0
1777227567981000,15.3,-1.0,0.0056005297,-130.67232,0.5000267,1.0588202,nan,nan,0.0,0.0,0.0,0.0,0.0,0.0,0.0,0.0,0.0,0.0,0.0,0.0,0.0,0.0,0.0,0.0,0.0,0.0,0.005,15.28,16.18,0.98888874,0.0,0.0,6.0133185,0,0,0,0,0,0,0,0,0,1,4,0,0,1,0,0,0
1777227568181000,15.3,-1.0,0.0055781747,-130.72786,0.5000267,1.0588202,nan,nan,0.0,0.0,0.0,0.0,0.0,0.0,0.0,0.0,0.0,0.0,0.0,0.0,0.0,0.0,0.0,0.0,0.0,0.0,0.005,15.28,16.18,0.98888874,0.0,0.0,6.0133185,0,0,0,0,0,0,0,0,0,1,4,0,0,1,0,0,0
1777227568381000,15.3,-1.0,0.0055559087,-130.7834,0.5000267,1.0588202,nan,nan,0.0,0.0,0.0,0.0,0.0,0.0,0.0,0.0,0.0,0.0,0.0,0.0,0.0,0.0,0.0,0.0,0.0,0.0,0.005,15.28,16.18,0.98888874,0.0,0.0,6.0133185,0,0,0,0,0,0,0,0,0,1,4,0,0,1,0,0,0
1777227568581000,15.3,-1.0,0.0055337315,-130.83894,0.5000267,1.0588202,nan,nan,0.0,0.0,0.0,0.0,0.0,0.0,0.0,0.0,0.0,0.0,0.0,0.0,0.0,0.0,0.0,0.0,0.0,0.0,0.005,15.28,16.18,0.98888874,0.0,0.0,6.0133185,0,0,0,0,0,0,0,0,0,1,4,0,0,1,0,0,0
1777227568781000,15.3,-1.0,0.005511643,-130.89449,0.5000267,1.0588202,nan,nan,0.0,0.0,0.0,0.0,0.0,0.0,0.0,0.0,0.0,0.0,0.0,0.0,0.0,0.0,0.0,0.0,0.0,0.0,0.005,15.28,16.18,0.98888874,0.0,0.0,6.0133185,0,0,0,0,0,0,0,0,0,1,4,0,0,1,0,0,0
1777227568981000,15.3,-1.0,0.0054896427,-130.95003,0.5000267,1.0588202,nan,nan,0.0,0.0,0.0,0.0,0.0,0.0,0.0,0.0,0.0,0.0,0.0,0.0,0.0,0.0,0.0,0.0,0.0,0.0,0.005,15.28,16.18,0.98888874,0.0,0.0,6.0133185,0,0,0,0,0,0,0,0,0,1,4,0,0,1,0,0,0
1777227569181000,15.3,-1.0,0.0054677306,-131.00557,0.5000267,1.0588202,nan,nan,0.0,0.0,0.0,0.0,0.0,0.0,0.0,0.0,0.0,0.0,0.0,0.0,0.0,0.0,0.0,0.0,0.0,0.0,0.005,15.28,16.18,0.98888874,0.0,0.0,6.0133185,0,0,0,0,0,0,0,0,0,1,4,0,0,1,0,0,0
1777227569381000,15.3,-1.0,0.0054459064,-131.06111,0.5000267,1.0588202,nan,nan,0.0,0.0,0.0,0.0,0.0,0.0,0.0,0.0,0.0,0.0,0.0,0.0,0.0,0.0,0.0,0.0,0.0,0.0,0.005,15.28,16.18,0.98888874,0.0,0.0,6.0133185,0,0,0,0,0,0,0,0,0,1,4,0,0,1,0,0,0
1777227569581000,15.3,-1.0,0.005424169,-131.11665,0.5000267,1.0588202,nan,nan,0.0,0.0,0.0,0.0,0.0,0.0,0.0,0.0,0.0,0.0,0.0,0.0,0.0,0.0,0.0,0.0,0.0,0.0,0.005,15.28,16.18,0.98888874,0.0,0.0,6.0133185,0,0,0,0,0,0,0,0,0,1,4,0,0,1,0,0,0
1777227569781000,15.3,-1.0,0.005402518,-131.1722,0.5000267,1.0588202,nan,nan,0.0,0.0,0.0,0.0,0.0,0.0,0.0,0.0,0.0,0.0,0.0,0.0,0.0,0.0,0.0,0.0,0.0,0.0,0.005,15.28,16.18,0.98888874,0.0,0.0,6.0133185,0,0,0,0,0,0,0,0,0,1,4,0,0,1,0,0,0
1777227569981000,15.3,-1.0,0.0053809527,-131.22774,0.5000267,1.0588202,nan,nan,0.0,0.0,0.0,0.0,0.0,0.0,0.0,0.0,0.0,0.0,0.0,0.0,0.0,0.0,0.0,0.0,0.0,0.0,0.005,15.28,16.18,0.98888874,0.0,0.0,6.0133185,0,0,0,0,0,0,0,0,0,1,4,0,0,1,0,0,0
1777227570181000,15.3,-1.0,0.005359474,-131.28328,0.5000267,1.0588202,nan,nan,0.0,0.0,0.0,0.0,0.0,0.0,0.0,0.0,0.0,0.0,0.0,0.0,0.0,0.0,0.0,0.0,0.0,0.0,0.005,15.28,16.18,0.98888874,0.0,0.0,6.0133185,0,0,0,0,0,0,0,0,0,1,4,0,0,1,0,0,0
1777227570381000,15.3,-1.0,0.005338081,-131.33882,0.5000267,1.0588202,nan,nan,0.0,0.0,0.0,0.0,0.0,0.0,0.0,0.0,0.0,0.0,0.0,0.0,0.0,0.0,0.0,0.0,0.0,0.0,0.005,15.28,16.18,0.98888874,0.0,0.0,6.0133185,0,0,0,0,0,0,0,0,0,1,4,0,0,1,0,0,0
1777227570581000,15.3,-1.0,0.005316774,-131.39436,0.5000267,1.0588202,nan,nan,0.0,0.0,0.0,0.0,0.0,0.0,0.0,0.0,0.0,0.0,0.0,0.0,0.0,0.0,0.0,0.0,0.0,0.0,0.005,15.28,16.18,0.98888874,0.0,0.0,6.0133185,0,0,0,0,0,0,0,0,0,1,4,0,0,1,0,0,0
1777227570781000,15.3,-1.0,0.005295552,-131.4499,0.5000267,1.0588202,nan,nan,0.0,0.0,0.0,0.0,0.0,0.0,0.0,0.0,0.0,0.0,0.0,0.0,0.0,0.0,0.0,0.0,0.0,0.0,0.005,15.28,16.18,0.98888874,0.0,0.0,6.0133185,0,0,0,0,0,0,0,0,0,1,4,0,0,1,0,0,0
1777227570981000,15.3,-1.0,0.0052744146,-131.50545,0.5000267,1.0588202,nan,nan,0.0,0.0,0.0,0.0,0.0,0.0,0.0,0.0,0.0,0.0,0.0,0.0,0.0,0.0,0.0,0.0,0.0,0.0,0.005,15.28,16.18,0.98888874,0.0,0.0,6.0133185,0,0,0,0,0,0,0,0,0,1,4,0,0,1,0,0,0
1777227571181000,15.3,-1.0,0.005253361,-131.56099,0.5000267,1.0588202,nan,nan,0.0,0.0,0.0,0.0,0.0,0.0,0.0,0.0,0.0,0.0,0.0,0.0,0.0,0.0,0.0,0.0,0.0,0.0,0.005,15.28,16.18,0.98888874,0.0,0.0,6.0133185,0,0,0,0,0,0,0,0,0,1,4,0,0,1,0,0,0
1777227571381000,15.3,-1.0,0.0052323914,-131.61653,0.5000267,1.0588202,nan,nan,0.0,0.0,0.0,0.0,0.0,0.0,0.0,0.0,0.0,0.0,0.0,0.0,0.0,0.0,0.0,0.0,0.0,0.0,0.005,15.28,16.18,0.98888874,0.0,0.0,6.0133185,0,0,0,0,0,0,0,0,0,1,4,0,0,1,0,0,0
1777227571581000,15.3,-1.0,0.0052115056,-131.67207,0.5000267,1.0588202,nan,nan,0.0,0.0,0.0,0.0,0.0,0.0,0.0,0.0,0.0,0.0,0.0,0.0,0.0,0.0,0.0,0.0,0.0,0.0,0.005,15.28,16.18,0.98888874,0.0,0.0,6.0133185,0,0,0,0,0,0,0,0,0,1,4,0,0,1,0,0,0
1777227571781000,15.3,-1.0,0.005190703,-131.72762,0.5000267,1.0588202,nan,nan,0.0,0.0,0.0,0.0,0.0,0.0,0.0,0.0,0.0,0.0,0.0,0.0,0.0,0.0,0.0,0.0,0.0,0.0,0.005,15.28,16.18,0.98888874,0.0,0.0,6.0133185,0,0,0,0,0,0,0,0,0,1,4,0,0,1,0,0,0
1777227571981000,15.3,-1.0,0.0051699844,-131.78316,0.5000267,1.0588202,nan,nan,0.0,0.0,0.0,0.0,0.0,0.0,0.0,0.0,0.0,0.0,0.0,0.0,0.0,0.0,0.0,0.0,0.0,0.0,0.005,15.28,16.18,0.98888874,0.0,0.0,6.0133185,0,0,0,0,0,0,0,0,0,1,4,0,0,1,0,0,0
1777227572181000,15.3,-1.0,0.0051493472,-131.8387,0.5000267,1.0588202,nan,nan,0.0,0.0,0.0,0.0,0.0,0.0,0.0,0.0,0.0,0.0,0.0,0.0,0.0,0.0,0.0,0.0,0.0,0.0,0.005,15.28,16.18,0.98888874,0.0,0.0,6.0133185,0,0,0,0,0,0,0,0,0,1,4,0,0,1,0,0,0
1777227572381000,15.3,-1.0,0.0051287934,-131.89424,0.5000267,1.0588202,nan,nan,0.0,0.0,0.0,0.0,0.0,0.0,0.0,0.0,0.0,0.0,0.0,0.0,0.0,0.0,0.0,0.0,0.0,0.0,0.005,15.28,16.18,0.98888874,0.0,0.0,6.0133185,0,0,0,0,0,0,0,0,0,1,4,0,0,1,0,0,0
1777227572581000,15.3,-1.0,0.005108321,-131.94978,0.5000267,1.0588202,nan,nan,0.0,0.0,0.0,0.0,0.0,0.0,0.0,0.0,0.0,0.0,0.0,0.0,0.0,0.0,0.0,0.0,0.0,0.0,0.005,15.28,16.18,0.98888874,0.0,0.0,6.0133185,0,0,0,0,0,0,0,0,0,1,4,0,0,1,0,0,0
1777227572781000,15.3,-1.0,0.0050879302,-132.00533,0.5000267,1.0588202,nan,nan,0.0,0.0,0.0,0.0,0.0,0.0,0.0,0.0,0.0,0.0,0.0,0.0,0.0,0.0,0.0,0.0,0.0,0.0,0.005,15.28,16.18,0.98888874,0.0,0.0,6.0133185,0,0,0,0,0,0,0,0,0,1,4,0,0,1,0,0,0
1777227572981000,15.3,-1.0,0.0050676214,-132.06087,0.5000267,1.0588202,nan,nan,0.0,0.0,0.0,0.0,0.0,0.0,0.0,0.0,0.0,0.0,0.0,0.0,0.0,0.0,0.0,0.0,0.0,0.0,0.005,15.28,16.18,0.98888874,0.0,0.0,6.0133185,0,0,0,0,0,0,0,0,0,1,4,0,0,1,0,0,0
1777227573181000,15.3,-1.0,0.0050473935,-132.11641,0.5000267,1.0588202,nan,nan,0.0,0.0,0.0,0.0,0.0,0.0,0.0,0.0,0.0,0.0,0.0,0.0,0.0,0.0,0.0,0.0,0.0,0.0,0.005,15.28,16.18,0.98888874,0.0,0.0,6.0133185,0,0,0,0,0,0,0,0,0,1,4,0,0,1,0,0,0
1777227573381000,15.3,-1.0,0.0050272457,-132.17195,0.5000267,1.0588202,nan,nan,0.0,0.0,0.0,0.0,0.0,0.0,0.0,0.0,0.0,0.0,0.0,0.0,0.0,0.0,0.0,0.0,0.0,0.0,0.005,15.28,16.18,0.98888874,0.0,0.0,6.0133185,0,0,0,0,0,0,0,0,0,1,4,0,0,1,0,0,0
1777227573581000,15.3,-1.0,0.00500718,-132.2275,0.5000267,1.0588202,nan,nan,0.0,0.0,0.0,0.0,0.0,0.0,0.0,0.0,0.0,0.0,0.0,0.0,0.0,0.0,0.0,0.0,0.0,0.0,0.005,15.28,16.18,0.98888874,0.0,0.0,6.0133185,0,0,0,0,0,0,0,0,0,1,4,0,0,1,0,0,0
1777227573781000,15.3,-1.0,0.004987193,-132.28304,0.5000267,1.0588202,nan,nan,0.0,0.0,0.0,0.0,0.0,0.0,0.0,0.0,0.0,0.0,0.0,0.0,0.0,0.0,0.0,0.0,0.0,0.0,0.005,15.28,16.18,0.98888874,0.0,0.0,6.0133185,0,0,0,0,0,0,0,0,0,1,4,0,0,1,0,0,0
1777227573981000,15.3,-1.0,0.0049672844,-132.33858,0.5000267,1.0588202,nan,nan,0.0,0.0,0.0,0.0,0.0,0.0,0.0,0.0,0.0,0.0,0.0,0.0,0.0,0.0,0.0,0.0,0.0,0.0,0.005,15.28,16.18,0.98888874,0.0,0.0,6.0133185,0,0,0,0,0,0,0,0,0,1,4,0,0,1,0,0,0
1777227574181000,15.3,-1.0,0.0049474584,-132.39412,0.5000267,1.0588202,nan,nan,0.0,0.0,0.0,0.0,0.0,0.0,0.0,0.0,0.0,0.0,0.0,0.0,0.0,0.0,0.0,0.0,0.0,0.0,0.005,15.28,16.18,0.98888874,0.0,0.0,6.0133185,0,0,0,0,0,0,0,0,0,1,4,0,0,1,0,0,0
1777227574381000,15.3,-1.0,0.0049277106,-132.44966,0.5000267,1.0588202,nan,nan,0.0,0.0,0.0,0.0,0.0,0.0,0.0,0.0,0.0,0.0,0.0,0.0,0.0,0.0,0.0,0.0,0.0,0.0,0.005,15.28,16.18,0.98888874,0.0,0.0,6.0133185,0,0,0,0,0,0,0,0,0,1,4,0,0,1,0,0,0
1777227574581000,15.3,-1.0,0.004908042,-132.5052,0.5000267,1.0588202,nan,nan,0.0,0.0,0.0,0.0,0.0,0.0,0.0,0.0,0.0,0.0,0.0,0.0,0.0,0.0,0.0,0.0,0.0,0.0,0.005,15.28,16.18,0.98888874,0.0,0.0,6.0133185,0,0,0,0,0,0,0,0,0,1,4,0,0,1,0,0,0
1777227574781000,15.3,-1.0,0.0048884507,-132.56075,0.5000267,1.0588202,nan,nan,0.0,0.0,0.0,0.0,0.0,0.0,0.0,0.0,0.0,0.0,0.0,0.0,0.0,0.0,0.0,0.0,0.0,0.0,0.005,15.28,16.18,0.98888874,0.0,0.0,6.0133185,0,0,0,0,0,0,0,0,0,1,4,0,0,1,0,0,0
1777227574981000,15.3,-1.0,0.004868937,-132.61629,0.5000267,1.0588202,nan,nan,0.0,0.0,0.0,0.0,0.0,0.0,0.0,0.0,0.0,0.0,0.0,0.0,0.0,0.0,0.0,0.0,0.0,0.0,0.005,15.28,16.18,0.98888874,0.0,0.0,6.0133185,0,0,0,0,0,0,0,0,0,1,4,0,0,1,0,0,0
1777227575181000,15.3,-1.0,0.0048495014,-132.67183,0.5000267,1.0588202,nan,nan,0.0,0.0,0.0,0.0,0.0,0.0,0.0,0.0,0.0,0.0,0.0,0.0,0.0,0.0,0.0,0.0,0.0,0.0,0.005,15.28,16.18,0.98888874,0.0,0.0,6.0133185,0,0,0,0,0,0,0,0,0,1,4,0,0,1,0,0,0
1777227575381000,15.3,-1.0,0.004830143,-132.72737,0.5000267,1.0588202,nan,nan,0.0,0.0,0.0,0.0,0.0,0.0,0.0,0.0,0.0,0.0,0.0,0.0,0.0,0.0,0.0,0.0,0.0,0.0,0.005,15.28,16.18,0.98888874,0.0,0.0,6.0133185,0,0,0,0,0,0,0,0,0,1,4,0,0,1,0,0,0
1777227575581000,15.3,-1.0,0.0048108622,-132.78291,0.5000267,1.0588202,nan,nan,0.0,0.0,0.0,0.0,0.0,0.0,0.0,0.0,0.0,0.0,0.0,0.0,0.0,0.0,0.0,0.0,0.0,0.0,0.005,15.28,16.18,0.98888874,0.0,0.0,6.0133185,0,0,0,0,0,0,0,0,0,1,4,0,0,1,0,0,0
1777227575781000,15.3,-1.0,0.0047916593,-132.83846,0.5000267,1.0588202,nan,nan,0.0,0.0,0.0,0.0,0.0,0.0,0.0,0.0,0.0,0.0,0.0,0.0,0.0,0.0,0.0,0.0,0.0,0.0,0.005,15.28,16.18,0.98888874,0.0,0.0,6.0133185,0,0,0,0,0,0,0,0,0,1,4,0,0,1,0,0,0
1777227575981000,15.3,-1.0,0.0047725337,-132.894,0.5000267,1.0588202,nan,nan,0.0,0.0,0.0,0.0,0.0,0.0,0.0,0.0,0.0,0.0,0.0,0.0,0.0,0.0,0.0,0.0,0.0,0.0,0.005,15.28,16.18,0.98888874,0.0,0.0,6.0133185,0,0,0,0,0,0,0,0,0,1,4,0,0,1,0,0,0
1777227576181000,15.3,-1.0,0.0047534844,-132.94954,0.5000267,1.0588202,nan,nan,0.0,0.0,0.0,0.0,0.0,0.0,0.0,0.0,0.0,0.0,0.0,0.0,0.0,0.0,0.0,0.0,0.0,0.0,0.005,15.28,16.18,0.98888874,0.0,0.0,6.0133185,0,0,0,0,0,0,0,0,0,1,4,0,0,1,0,0,0
1777227576381000,15.3,-1.0,0.0047345115,-133.00508,0.5000267,1.0588202,nan,nan,0.0,0.0,0.0,0.0,0.0,0.0,0.0,0.0,0.0,0.0,0.0,0.0,0.0,0.0,0.0,0.0,0.0,0.0,0.005,15.28,16.18,0.98888874,0.0,0.0,6.0133185,0,0,0,0,0,0,0,0,0,1,4,0,0,1,0,0,0
1777227576581000,16.2,-1.0,0.004716366,-133.06062,0.50987816,1.0575945,nan,nan,0.0,0.0,0.0,0.0,0.0,0.0,0.0,0.0,0.0,0.0,0.0,0.0,0.0,0.0,0.0,0.0,0.0,0.0,0.005,16.18,16.18,0.98888874,0.0,0.0,6.0133185,0,0,0,0,0,0,0,0,0,1,4,0,0,1,0,0,0
1777227576781000,16.2,-1.0,0.004716366,-133.11617,0.59832287,1.0467157,nan,nan,0.0,0.0,0.0,0.0,0.0,0.0,0.0,0.0,0.0,0.0,0.0,0.0,0.0,0.0,0.0,0.0,0.0,0.0,0.005,16.18,16.18,0.98888874,0.0,0.0,6.0133185,0,0,0,0,0,0,0,0,0,1,4,0,0,1,0,0,0
1777227576981000,16.2,-1.0,0.004716366,-133.1717,0.6708069,1.0379657,nan,nan,0.0,0.0,0.0,0.0,0.0,0.0,0.0,0.0,0.0,0.0,0.0,0.0,0.0,0.0,0.0,0.0,0.0,0.0,0.005,16.18,16.18,0.98888874,0.0,0.0,6.0133185,0,0,0,0,0,0,0,0,0,1,4,0,0,1,0,0,0
1777227577181000,16.2,-1.0,0.004716366,-133.22725,0.73021126,1.0309029,nan,nan,0.0,0.0,0.0,0.0,0.0,0.0,0.0,0.0,0.0,0.0,0.0,0.0,0.0,0.0,0.0,0.0,0.0,0.0,0.005,16.18,16.18,0.98888874,0.0,0.0,6.0133185,0,0,0,0,0,0,0,0,0,1,4,0,0,1,0,0,0
1777227577381000,16.2,-1.0,0.004716366,-133.28279,0.77889633,1.0251858,nan,nan,0.0,0.0,0.0,0.0,0.0,0.0,0.0,0.0,0.0,0.0,0.0,0.0,0.0,0.0,0.0,0.0,0.0,0.0,0.005,16.18,16.18,0.98888874,0.0,0.0,6.0133185,0,0,0,0,0,0,0,0,0,1,4,0,0,1,0,0,0
