timestamp,unallocated_torque[0],unallocated_torque[1],unallocated_torque[2],unallocated_thrust[0],unallocated_thrust[1],unallocated_thrust[2],handled_motor_failure_mask,motor_stop_mask,torque_setpoint_achieved,thrust_setpoint_achieved,actuator_saturation[0],actuator_saturation[1],actuator_saturation[2],actuator_saturation[3],actuator_saturation[4],actuator_saturation[5],actuator_saturation[6],actuator_saturation[7],actuator_saturation[8],actuator_saturation[9],actuator_saturation[10],actuator_saturation[11],actuator_saturation[12],actuator_saturation[13],actuator_saturation[14],actuator_saturation[15]
1777227356545000,-0.0021507333,-0.004322554,0.00043481187,0.0,0.0,1.1641532e-10,0,0,0,1,-2,0,-2,0,2,2,2,2,2,2,2,2,2,2,2,2
1777227356553000,-2.5465852e-11,3.6379788e-11,8.731149e-11,0.0,0.0,-1.1641532e-10,0,0,1,1,0,0,0,0,2,2,2,2,2,2,2,2,2,2,2,2
1777227356745000,1.1641532e-10,-8.731149e-11,-9.094947e-12,0.0,0.0,-1.1641532e-10,0,0,1,1,0,0,0,0,2,2,2,2,2,2,2,2,2,2,2,2
1777227356945000,0.0013740336,-0.0023516684,-0.00011210857,0.0,0.0,-1.1641532e-10,0,0,0,1,-2,0,-2,0,2,2,2,2,2,2,2,2,2,2,2,2
1777227357145000,-0.0003413018,-2.7628732e-05,0.00050709816,0.0,0.0,0.0,0,0,1,1,-2,0,-2,0,2,2,2,2,2,2,2,2,2,2,2,2
1777227357345000,1.1641532e-10,-8.731149e-11,-5.820766e-11,0.0,0.0,-1.1641532e-10,0,0,1,1,0,0,0,0,2,2,2,2,2,2,2,2,2,2,2,2
1777227357545000,-6.002665e-11,1.1641532e-10,-4.274625e-11,0.0,0.0,-1.1641532e-10,0,0,1,1,0,0,0,0,2,2,2,2,2,2,2,2,2,2,2,2
1777227357745000,-0.00039019925,0.0006518748,0.00012380371,0.0,0.0,-1.1641532e-10,0,0,1,1,0,-2,0,-2,2,2,2,2,2,2,2,2,2,2,2,2
1777227357945000,0.0022131496,0.001664837,-1.5981124e-05,0.0,0.0,-2.3283064e-10,0,0,0,1,0,-2,0,-2,2,2,2,2,2,2,2,2,2,2,2,2
1777227358145000,-6.9849193e-10,4.656613e-10,2.2555469e-10,0.0,0.0,0.0,0,0,1,1,0,0,0,0,2,2,2,2,2,2,2,2,2,2,2,2
1777227358345000,-2.73576e-09,-2.910383e-11,-1.4551915e-10,0.0,0.0,0.0,0,0,1,1,0,0,0,0,2,2,2,2,2,2,2,2,2,2,2,2
1777227358545000,-1.2514647e-09,2.7939677e-09,1.4551915e-10,0.0,0.0,-7.450581e-09,0,0,1,1,0,0,0,0,2,2,2,2,2,2,2,2,2,2,2,2
1777227358745000,-5.820766e-11,-2.0954758e-09,-4.48199e-09,0.0,0.0,-7.450581e-09,0,0,1,1,0,0,0,0,2,2,2,2,2,2,2,2,2,2,2,2
1777227358945000,1.8626451e-09,7.959898e-09,-4.5401976e-09,0.0,0.0,-1.4901161e-08,0,0,1,1,0,0,0,0,2,2,2,2,2,2,2,2,2,2,2,2
1777227359145000,5.355105e-09,-6.9849193e-09,-6.548362e-09,0.0,0.0,-1.4901161e-08,0,0,1,1,0,0,0,0,2,2,2,2,2,2,2,2,2,2,2,2
1777227359345000,-1.542503e-08,4.947651e-09,1.0812073e-08,0.0,0.0,0.0,0,0,1,1,0,0,0,0,2,2,2,2,2,2,2,2,2,2,2,2
1777227359545000,2.3283064e-08,5.122274e-09,-1.7214916e-08,0.0,0.0,0.0,0,0,1,1,0,0,0,0,2,2,2,2,2,2,2,2,2,2,2,2
1777227359745000,-1.3969839e-09,3.754394e-09,-3.8708095e-09,0.0,0.0,-2.9802322e-08,0,0,1,1,0,0,0,0,2,2,2,2,2,2,2,2,2,2,2,2
1777227359945000,1.21071935e-08,-1.9790605e-09,-4.0745363e-09,0.0,0.0,-2.9802322e-08,0,0,1,1,0,0,0,0,2,2,2,2,2,2,2,2,2,2,2,2
1777227360145000,-2.7939677e-08,1.1641532e-09,-6.8394e-09,0.0,0.0,0.0,0,0,1,1,0,0,0,0,2,2,2,2,2,2,2,2,2,2,2,2
1777227360345000,2.8405339e-08,-4.656613e-09,-2.2177119e-08,0.0,0.0,-2.9802322e-08,0,0,1,1,0,0,0,0,2,2,2,2,2,2,2,2,2,2,2,2
1777227360545000,-4.656613e-09,-4.1909516e-09,-1.3038516e-08,0.0,0.0,-2.9802322e-08,0,0,1,1,0,0,0,0,2,2,2,2,2,2,2,2,2,2,2,2
1777227360745000,-1.9092113e-08,5.820766e-09,5.835318e-09,0.0,0.0,0.0,0,0,1,1,0,0,0,0,2,2,2,2,2,2,2,2,2,2,2,2
1777227360945000,3.8184226e-08,4.004687e-08,1.7480488e-08,0.0,0.0,0.0,0,0,1,1,0,0,0,0,2,2,2,2,2,2,2,2,2,2,2,2
1777227361145000,7.450581e-09,1.6298145e-09,-2.910383e-09,0.0,0.0,0.0,0,0,1,1,0,0,0,0,2,2,2,2,2,2,2,2,2,2,2,2
1777227361345000,6.1816536e-08,1.5133992e-08,-1.1874363e-08,0.0,0.0,-5.9604645e-08,0,0,1,1,0,0,0,0,2,2,2,2,2,2,2,2,2,2,2,2
1777227361545000,-3.4691766e-08,-1.17579475e-08,2.415618e-08,0.0,0.0,0.0,0,0,1,1,0,0,0,0,2,2,2,2,2,2,2,2,2,2,2,2
1777227361745000,-5.2154064e-08,1.9790605e-08,3.3178367e-09,0.0,0.0,0.0,0,0,1,1,0,0,0,0,2,2,2,2,2,2,2,2,2,2,2,2
1777227361945000,6.490154e-09,-1.9092113e-08,-1.5716068e-09,0.0,0.0,-5.9604645e-08,0,0,1,1,0,0,0,0,2,2,2,2,2,2,2,2,2,2,2,2
1777227362145000,2.3341272e-08,-9.313226e-10,-4.5110937e-09,0.0,0.0,-5.9604645e-08,0,0,1,1,0,0,0,0,2,2,2,2,2,2,2,2,2,2,2,2
1777227362345000,1.0011718e-08,-2.6426278e-08,-1.5832484e-08,0.0,0.0,0.0,0,0,1,1,0,0,0,0,2,2,2,2,2,2,2,2,2,2,2,2
1777227362545000,1.8175342e-08,-2.6659109e-08,-4.802132e-09,0.0,0.0,-5.9604645e-08,0,0,1,1,0,0,0,0,2,2,2,2,2,2,2,2,2,2,2,2
1777227362745000,2.066372e-08,2.3283064e-09,6.3082553e-09,0.0,0.0,-2.9802322e-08,0,0,1,1,0,0,0,0,2,2,2,2,2,2,2,2,2,2,2,2
1777227362945000,1.8335413e-08,-2.3283064e-09,9.400537e-09,0.0,0.0,0.0,0,0,1,1,0,0,0,0,2,2,2,2,2,2,2,2,2,2,2,2
1777227363145000,-1.9557774e-08,-3.061723e-08,1.4304533e-08,0.0,0.0,2.9802322e-08,0,0,1,1,0,0,0,0,2,2,2,2,2,2,2,2,2,2,2,2
1777227363345000,5.84987e-09,2.0954758e-08,-5.9371814e-09,0.0,0.0,-5.9604645e-08,0,0,1,1,0,0,0,0,2,2,2,2,2,2,2,2,2,2,2,2
1777227363545000,1.1903467e-08,2.4447218e-08,8.6583896e-10,0.0,0.0,0.0,0,0,1,1,0,0,0,0,2,2,2,2,2,2,2,2,2,2,2,2
1777227363745000,-2.5669578e-08,-1.7695129e-08,1.46683306e-08,0.0,0.0,-2.9802322e-08,0,0,1,1,0,0,0,0,2,2,2,2,2,2,2,2,2,2,2,2
1777227363945000,1.169974e-08,-1.0244548e-08,-8.905772e-09,0.0,0.0,-2.9802322e-08,0,0,1,1,0,0,0,0,2,2,2,2,2,2,2,2,2,2,2,2
1777227364145000,1.29512046e-08,6.4756023e-09,2.3574103e-09,0.0,0.0,-2.9802322e-08,0,0,1,1,0,0,0,0,2,2,2,2,2,2,2,2,2,2,2,2
1777227364345000,3.0966476e-08,2.0954758e-09,2.4818291e-08,0.0,0.0,0.0,0,0,1,1,0,0,0,0,2,2,2,2,2,2,2,2,2,2,2,2
1777227364545000,1.3082172e-08,-5.820766e-09,-1.5250407e-08,0.0,0.0,0.0,0,0,1,1,0,0,0,0,2,2,2,2,2,2,2,2,2,2,2,2
1777227364745000,2.6775524e-09,1.816079e-08,8.1490725e-09,0.0,0.0,0.0,0,0,1,1,0,0,0,0,2,2,2,2,2,2,2,2,2,2,2,2
1777227364945000,1.542503e-08,-2.2700988e-09,1.693843e-08,0.0,0.0,-2.9802322e-08,0,0,1,1,0,0,0,0,2,2,2,2,2,2,2,2,2,2,2,2
1777227365145000,2.7474016e-08,-1.094304e-08,6.7811925e-09,0.0,0.0,0.0,0,0,1,1,0,0,0,0,2,2,2,2,2,2,2,2,2,2,2,2
1777227365345000,-1.3038516e-08,1.2019882e-08,-1.3416866e-08,0.0,0.0,0.0,0,0,1,1,0,0,0,0,2,2,2,2,2,2,2,2,2,2,2,2
1777227365545000,-1.44355e-08,1.1175871e-08,-6.8102963e-09,0.0,0.0,0.0,0,0,1,1,0,0,0,0,2,2,2,2,2,2,2,2,2,2,2,2
1777227365745000,2.514571e-08,-6.0535967e-09,1.3911631e-08,0.0,0.0,-2.9802322e-08,0,0,1,1,0,0,0,0,2,2,2,2,2,2,2,2,2,2,2,2
1777227365945000,9.778887e-09,-1.4260877e-09,9.6915755e-09,0.0,0.0,0.0,0,0,1,1,0,0,0,0,2,2,2,2,2,2,2,2,2,2,2,2
1777227366145000,-1.1641532e-08,1.3271347e-08,7.834387e-09,0.0,0.0,0.0,0,0,1,1,0,0,0,0,2,2,2,2,2,2,2,2,2,2,2,2
1777227366345000,-1.3795216e-08,-6.1118044e-10,-3.5506673e-09,0.0,0.0,2.9802322e-08,0,0,1,1,0,0,0,0,2,2,2,2,2,2,2,2,2,2,2,2
1777227366545000,-4.854519e-08,7.916242e-09,1.48429535e-08,0.0,0.0,2.9802322e-08,0,0,1,1,0,0,0,0,2,2,2,2,2,2,2,2,2,2,2,2
1777227366745000,-2.3122993e-08,1.094304e-08,-8.731149e-11,0.0,0.0,0.0,0,0,1,1,0,0,0,0,2,2,2,2,2,2,2,2,2,2,2,2
1777227366945000,-1.14087015e-08,-1.3620593e-08,1.7462298e-08,0.0,0.0,-2.9802322e-08,0,0,1,1,0,0,0,0,2,2,2,2,2,2,2,2,2,2,2,2
1777227367145000,1.3053068e-08,3.958121e-09,-1.6196282e-08,0.0,0.0,-2.9802322e-08,0,0,1,1,0,0,0,0,2,2,2,2,2,2,2,2,2,2,2,2
1777227367345000,-2.561137e-08,1.8626451e-08,-8.694769e-09,0.0,0.0,-2.9802322e-08,0,0,1,1,0,0,0,0,2,2,2,2,2,2,2,2,2,2,2,2
1777227367545000,1.8975697e-08,8.1490725e-09,1.8626451e-09,0.0,0.0,-2.9802322e-08,0,0,1,1,0,0,0,0,2,2,2,2,2,2,2,2,2,2,2,2
1777227367745000,-1.4100806e-08,1.14087015e-08,6.5774657e-09,0.0,0.0,0.0,0,0,1,1,0,0,0,0,2,2,2,2,2,2,2,2,2,2,2,2
1777227367945000,-8.1490725e-09,1.3038516e-08,-1.679291e-08,0.0,0.0,0.0,0,0,1,1,0,0,0,0,2,2,2,2,2,2,2,2,2,2,2,2
1777227368145000,3.457535e-08,-3.783498e-09,-2.2700988e-09,0.0,0.0,-5.9604645e-08,0,0,1,1,0,0,0,0,2,2,2,2,2,2,2,2,2,2,2,2
1777227368345000,-1.792796e-08,-5.820766e-09,1.2805685e-09,0.0,0.0,-2.9802322e-08,0,0,1,1,0,0,0,0,2,2,2,2,2,2,2,2,2,2,2,2
1777227368545000,4.307367e-09,1.1641532e-08,-1.14087015e-08,0.0,0.0,-2.9802322e-08,0,0,1,1,0,0,0,0,2,2,2,2,2,2,2,2,2,2,2,2
1777227368745000,-1.5774276e-08,7.450581e-09,-1.7753337e-09,0.0,0.0,0.0,0,0,1,1,0,0,0,0,2,2,2,2,2,2,2,2,2,2,2,2
1777227368945000,8.381903e-09,-1.1117663e-08,-1.1641532e-10,0.0,0.0,-5.9604645e-08,0,0,1,1,0,0,0,0,2,2,2,2,2,2,2,2,2,2,2,2
1777227369145000,3.410969e-08,5.3085387e-08,-6.2282197e-09,0.0,0.0,-5.9604645e-08,0,0,1,1,0,0,0,0,2,2,2,2,2,2,2,2,2,2,2,2
1777227369345000,5.3434633e-08,2.537854e-08,-2.6484486e-08,0.0,0.0,0.0,0,0,1,1,0,0,0,0,2,2,2,2,2,2,2,2,2,2,2,2
1777227369545000,-2.8871e-08,1.094304e-08,-1.306762e-08,0.0,0.0,-2.9802322e-08,0,0,1,1,0,0,0,0,2,2,2,2,2,2,2,2,2,2,2,2
1777227369745000,6.2864274e-09,-2.561137e-09,1.6152626e-09,0.0,0.0,0.0,0,0,1,1,0,0,0,0,2,2,2,2,2,2,2,2,2,2,2,2
1777227369945000,-4.656613e-09,1.1059456e-08,1.7611455e-08,0.0,0.0,-2.9802322e-08,0,0,1,1,0,0,0,0,2,2,2,2,2,2,2,2,2,2,2,2
1777227370145000,-1.6298145e-08,-4.802132e-09,-1.0004442e-08,0.0,0.0,0.0,0,0,1,1,0,0,0,0,2,2,2,2,2,2,2,2,2,2,2,2
1777227370345000,2.9918738e-08,-1.2572855e-08,3.7252903e-09,0.0,0.0,0.0,0,0,1,1,0,0,0,0,2,2,2,2,2,2,2,2,2,2,2,2
1777227370545000,-1.8626451e-08,-2.863817e-08,3.4033292e-09,0.0,0.0,-2.9802322e-08,0,0,1,1,0,0,0,0,2,2,2,2,2,2,2,2,2,2,2,2
1777227370745000,-1.7156708e-08,-1.816079e-08,-1.3533281e-08,0.0,0.0,0.0,0,0,1,1,0,0,0,0,2,2,2,2,2,2,2,2,2,2,2,2
1777227370945000,-2.2118911e-09,2.5727786e-08,-1.877197e-09,0.0,0.0,0.0,0,0,1,1,0,0,0,0,2,2,2,2,2,2,2,2,2,2,2,2
1777227371145000,-2.6077032e-08,-1.46683306e-08,-2.8147042e-08,0.0,0.0,-2.9802322e-08,0,0,1,1,0,0,0,0,2,2,2,2,2,2,2,2,2,2,2,2
1777227371345000,-1.0535587e-08,-1.21071935e-08,3.259629e-09,0.0,0.0,0.0,0,0,1,1,0,0,0,0,2,2,2,2,2,2,2,2,2,2,2,2
1777227371545000,6.9849193e-10,2.7939677e-09,-1.5264959e-08,0.0,0.0,0.0,0,0,1,1,0,0,0,0,2,2,2,2,2,2,2,2,2,2,2,2
1777227371745000,3.1432137e-08,-1.1641532e-08,-2.561137e-08,0.0,0.0,0.0,0,0,1,1,0,0,0,0,2,2,2,2,2,2,2,2,2,2,2,2
1777227371945000,-5.16593e-09,-9.313226e-10,-9.313226e-09,0.0,0.0,-2.9802322e-08,0,0,1,1,0,0,0,0,2,2,2,2,2,2,2,2,2,2,2,2
1777227372145000,-1.3271347e-08,-6.9849193e-10,-8.1490725e-10,0.0,0.0,0.0,0,0,1,1,0,0,0,0,2,2,2,2,2,2,2,2,2,2,2,2
1777227372345000,-3.381865e-08,-2.3283064e-10,-3.3978722e-09,0.0,0.0,-5.9604645e-08,0,0,1,1,0,0,0,0,2,2,2,2,2,2,2,2,2,2,2,2
1777227372545000,-4.656613e-09,-2.2351742e-08,-5.1630195e-08,0.0,0.0,2.9802322e-08,0,0,1,1,0,0,0,0,2,2,2,2,2,2,2,2,2,2,2,2
1777227372745000,2.3515895e-08,2.3283064e-09,2.3981556e-08,0.0,0.0,-5.9604645e-08,0,0,1,1,0,0,0,0,2,2,2,2,2,2,2,2,2,2,2,2
1777227372945000,-1.7462298e-09,-1.1175871e-08,-2.9423973e-08,0.0,0.0,-5.9604645e-08,0,0,1,1,0,0,0,0,2,2,2,2,2,2,2,2,2,2,2,2
1777227373145000,5.486072e-09,1.21071935e-08,-4.132744e-09,0.0,0.0,-2.9802322e-08,0,0,1,1,0,0,0,0,2,2,2,2,2,2,2,2,2,2,2,2
1777227373345000,-1.2572855e-08,-1.0011718e-08,1.2776582e-08,0.0,0.0,0.0,0,0,1,1,0,0,0,0,2,2,2,2,2,2,2,2,2,2,2,2
1777227373545000,-1.9790605e-08,-1.1641532e-08,-1.9441359e-08,0.0,0.0,-5.9604645e-08,0,0,1,1,0,0,0,0,2,2,2,2,2,2,2,2,2,2,2,2
1777227373745000,-1.08149834e-07,4.773028e-09,-3.4924597e-10,0.0,0.0,-5.9604645e-08,0,0,1,1,0,0,0,0,2,2,2,2,2,2,2,2,2,2,2,2
1777227373945000,2.0168955e-08,1.8626451e-09,5.2750693e-09,0.0,0.0,2.9802322e-08,0,0,1,1,0,0,0,0,2,2,2,2,2,2,2,2,2,2,2,2
1777227374145000,6.0535967e-09,2.7939677e-09,-1.6996637e-08,0.0,0.0,-2.9802322e-08,0,0,1,1,0,0,0,0,2,2,2,2,2,2,2,2,2,2,2,2
1777227374345000,-2.910383e-10,1.14087015e-08,4.4237822e-09,0.0,0.0,0.0,0,0,1,1,0,0,0,0,2,2,2,2,2,2,2,2,2,2,2,2
1777227374545000,2.5494955e-08,1.1641532e-10,1.9499566e-08,0.0,0.0,0.0,0,0,1,1,0,0,0,0,2,2,2,2,2,2,2,2,2,2,2,2
1777227374745000,-9.313226e-09,9.313226e-09,1.6945705e-08,0.0,0.0,0.0,0,0,1,1,0,0,0,0,2,2,2,2,2,2,2,2,2,2,2,2
1777227374945000,2.5844201e-08,1.2572855e-08,-1.6065314e-08,0.0,0.0,0.0,0,0,1,1,0,0,0,0,2,2,2,2,2,2,2,2,2,2,2,2
1777227375145000,1.3504177e-08,5.5879354e-09,2.0299922e-09,0.0,0.0,0.0,0,0,1,1,0,0,0,0,2,2,2,2,2,2,2,2,2,2,2,2
1777227375345000,-7.450581e-09,3.7252903e-09,-2.0418156e-09,0.0,0.0,0.0,0,0,1,1,0,0,0,0,2,2,2,2,2,2,2,2,2,2,2,2
1777227375545000,4.4237822e-09,-1.3038516e-08,-1.9470463e-08,0.0,0.0,-2.9802322e-08,0,0,1,1,0,0,0,0,2,2,2,2,2,2,2,2,2,2,2,2
1777227375745000,-2.2118911e-09,9.313226e-09,4.3655746e-11,0.0,0.0,0.0,0,0,1,1,0,0,0,0,2,2,2,2,2,2,2,2,2,2,2,2
1777227375945000,6.6211214e-09,-4.656613e-10,3.5157427e-08,0.0,0.0,-2.9802322e-08,0,0,1,1,0,0,0,0,2,2,2,2,2,2,2,2,2,2,2,2
1777227376145000,1.139415e-08,-4.4237822e-09,8.018105e-09,0.0,0.0,0.0,0,0,1,1,0,0,0,0,2,2,2,2,2,2,2,2,2,2,2,2
1777227376345000,-3.4400728e-08,9.080395e-09,-2.681918e-08,0.0,0.0,0.0,0,0,1,1,0,0,0,0,2,2,2,2,2,2,2,2,2,2,2,2
1777227376545000,-3.3032848e-08,4.656613e-09,9.546056e-09,0.0,0.0,-2.9802322e-08,0,0,1,1,0,0,0,0,2,2,2,2,2,2,2,2,2,2,2,2
1777227376745000,-2.4680048e-08,-3.958121e-09,-1.0972144e-08,0.0,0.0,0.0,0,0,1,1,0,0,0,0,2,2,2,2,2,2,2,2,2,2,2,2
1777227376945000,1.1568773e-08,-1.5832484e-08,-2.1071173e-08,0.0,0.0,-2.9802322e-08,0,0,1,1,0,0,0,0,2,2,2,2,2,2,2,2,2,2,2,2
1777227377145000,-4.2491592e-09,2.3283064e-10,2.2526365e-08,0.0,0.0,-2.9802322e-08,0,0,1,1,0,0,0,0,2,2,2,2,2,2,2,2,2,2,2,2
1777227377345000,3.661262e-08,-5.122274e-09,6.4610504e-09,0.0,0.0,0.0,0,0,1,1,0,0,0,0,2,2,2,2,2,2,2,2,2,2,2,2
1777227377545000,-3.480818e-08,2.4680048e-08,1.9324943e-08,0.0,0.0,-2.9802322e-08,0,0,1,1,0,0,0,0,2,2,2,2,2,2,2,2,2,2,2,2
1777227377745000,8.96398e-09,-5.820766e-10,-2.3501343e-09,0.0,0.0,-2.9802322e-08,0,0,1,1,0,0,0,0,2,2,2,2,2,2,2,2,2,2,2,2
1777227377945000,4.3604814e-08,-1.816079e-08,-4.831236e-09,0.0,0.0,-2.9802322e-08,0,0,1,1,0,0,0,0,2,2,2,2,2,2,2,2,2,2,2,2
1777227378145000,0.0,-9.546056e-09,-4.656613e-10,0.0,0.0,-2.9802322e-08,0,0,1,1,0,0,0,0,2,2,2,2,2,2,2,2,2,2,2,2
1777227378345000,-2.561137e-08,1.4901161e-08,-1.2034434e-08,0.0,0.0,0.0,0,0,1,1,0,0,0,0,2,2,2,2,2,2,2,2,2,2,2,2
1777227378545000,4.0745363e-09,-2.3283064e-09,3.3760443e-09,0.0,0.0,0.0,0,0,1,1,0,0,0,0,2,2,2,2,2,2,2,2,2,2,2,2
1777227378745000,5.355105e-09,-3.213063e-08,-2.3283064e-09,0.0,0.0,0.0,0,0,1,1,0,0,0,0,2,2,2,2,2,2,2,2,2,2,2,2
1777227378945000,3.562309e-08,3.1432137e-09,-1.1801603e-08,0.0,0.0,2.9802322e-08,0,0,1,1,0,0,0,0,2,2,2,2,2,2,2,2,2,2,2,2
1777227379145000,-2.6542693e-08,-2.0489097e-08,9.19681e-09,0.0,0.0,-2.9802322e-08,0,0,1,1,0,0,0,0,2,2,2,2,2,2,2,2,2,2,2,2
1777227379345000,-2.8871e-08,1.3038516e-08,-1.3271347e-08,0.0,0.0,0.0,0,0,1,1,0,0,0,0,2,2,2,2,2,2,2,2,2,2,2,2
1777227379545000,-2.2584572e-08,-2.0489097e-08,4.132744e-09,0.0,0.0,0.0,0,0,1,1,0,0,0,0,2,2,2,2,2,2,2,2,2,2,2,2
1777227379745000,1.3504177e-08,-5.122274e-09,-1.7986167e-08,0.0,0.0,-2.9802322e-08,0,0,1,1,0,0,0,0,2,2,2,2,2,2,2,2,2,2,2,2
1777227379945000,-1.4784746e-08,1.8859282e-08,-1.0826625e-08,0.0,0.0,-2.9802322e-08,0,0,1,1,0,0,0,0,2,2,2,2,2,2,2,2,2,2,2,2
1777227380145000,1.1175871e-08,1.2340024e-08,-9.720679e-09,0.0,0.0,0.0,0,0,1,1,0,0,0,0,2,2,2,2,2,2,2,2,2,2,2,2
1777227380345000,-1.5832484e-08,1.0244548e-08,-1.0768417e-08,0.0,0.0,0.0,0,0,1,1,0,0,0,0,2,2,2,2,2,2,2,2,2,2,2,2
1777227380545000,9.313226e-09,-2.7939677e-09,9.720679e-09,0.0,0.0,0.0,0,0,1,1,0,0,0,0,2,2,2,2,2,2,2,2,2,2,2,2
1777227380745000,3.213063e-08,0.0,1.1874363e-08,0.0,0.0,-2.9802322e-08,0,0,1,1,0,0,0,0,2,2,2,2,2,2,2,2,2,2,2,2
1777227380945000,6.170012e-09,4.656613e-10,-8.047209e-09,0.0,0.0,-2.9802322e-08,0,0,1,1,0,0,0,0,2,2,2,2,2,2,2,2,2,2,2,2
1777227381145000,-1.5737896e-08,-1.094304e-08,-1.3620593e-08,0.0,0.0,0.0,0,0,1,1,0,0,0,0,2,2,2,2,2,2,2,2,2,2,2,2
1777227381345000,-1.6298145e-08,1.6763806e-08,3.2538082e-08,0.0,0.0,-2.9802322e-08,0,0,1,1,0,0,0,0,2,2,2,2,2,2,2,2,2,2,2,2
1777227381545000,2.8987415e-08,2.7939677e-09,5.7043508e-09,0.0,0.0,0.0,0,0,1,1,0,0,0,0,2,2,2,2,2,2,2,2,2,2,2,2
1777227381745000,2.150773e-08,-1.3969839e-09,4.48199e-09,0.0,0.0,-2.9802322e-08,0,0,1,1,0,0,0,0,2,2,2,2,2,2,2,2,2,2,2,2
1777227381945000,9.778887e-09,6.519258e-09,5.9371814e-09,0.0,0.0,0.0,0,0,1,1,0,0,0,0,2,2,2,2,2,2,2,2,2,2,2,2
1777227382145000,5.7392754e-08,-9.313226e-10,-8.6729415e-09,0.0,0.0,0.0,0,0,1,1,0,0,0,0,2,2,2,2,2,2,2,2,2,2,2,2
1777227382345000,1.46683306e-08,-1.9324943e-08,-1.6065314e-08,0.0,0.0,0.0,0,0,1,1,0,0,0,0,2,2,2,2,2,2,2,2,2,2,2,2
1777227382545000,-1.6065314e-08,-1.4086254e-08,1.1641532e-10,0.0,0.0,0.0,0,0,1,1,0,0,0,0,2,2,2,2,2,2,2,2,2,2,2,2
1777227382745000,-5.820766e-09,-3.0267984e-09,-3.9930455e-08,0.0,0.0,0.0,0,0,1,1,0,0,0,0,2,2,2,2,2,2,2,2,2,2,2,2
1777227382945000,-4.0745363e-09,1.5832484e-08,-1.2623786e-09,0.0,0.0,-2.9802322e-08,0,0,1,1,0,0,0,0,2,2,2,2,2,2,2,2,2,2,2,2
1777227383145000,-7.2759576e-10,4.1909516e-09,-3.061723e-08,0.0,0.0,-2.9802322e-08,0,0,1,1,0,0,0,0,2,2,2,2,2,2,2,2,2,2,2,2
1777227383345000,3.0500814e-08,-2.2351742e-08,-1.2805685e-09,0.0,0.0,-2.9802322e-08,0,0,1,1,0,0,0,0,2,2,2,2,2,2,2,2,2,2,2,2
1777227383545000,1.4551915e-08,3.4924597e-09,7.741619e-09,0.0,0.0,-2.9802322e-08,0,0,1,1,0,0,0,0,2,2,2,2,2,2,2,2,2,2,2,2
1777227383745000,3.5215635e-09,-1.1175871e-08,1.5366822e-08,0.0,0.0,0.0,0,0,1,1,0,0,0,0,2,2,2,2,2,2,2,2,2,2,2,2
1777227383945000,3.7252903e-09,-3.7252903e-09,2.1254891e-08,0.0,0.0,0.0,0,0,1,1,0,0,0,0,2,2,2,2,2,2,2,2,2,2,2,2
1777227384145000,-1.4901161e-08,-1.3096724e-08,-4.0745363e-09,0.0,0.0,0.0,0,0,1,1,0,0,0,0,2,2,2,2,2,2,2,2,2,2,2,2
1777227384345000,1.4202669e-08,1.8626451e-09,1.1728844e-08,0.0,0.0,0.0,0,0,1,1,0,0,0,0,2,2,2,2,2,2,2,2,2,2,2,2
1777227384545000,-4.947651e-09,-6.0535967e-09,-1.5133992e-08,0.0,0.0,0.0,0,0,1,1,0,0,0,0,2,2,2,2,2,2,2,2,2,2,2,2
1777227384745000,-2.7343049e-08,7.3050614e-09,-1.3897079e-08,0.0,0.0,-2.9802322e-08,0,0,1,1,0,0,0,0,2,2,2,2,2,2,2,2,2,2,2,2
1777227384945000,-1.6298145e-09,-1.4901161e-08,2.415618e-09,0.0,0.0,-2.9802322e-08,0,0,1,1,0,0,0,0,2,2,2,2,2,2,2,2,2,2,2,2
1777227385145000,-1.2340024e-08,-1.2340024e-08,-3.6670826e-09,0.0,0.0,0.0,0,0,1,1,0,0,0,0,2,2,2,2,2,2,2,2,2,2,2,2
1777227385345000,9.778887e-09,-9.313226e-10,4.0454324e-09,0.0,0.0,-2.9802322e-08,0,0,1,1,0,0,0,0,2,2,2,2,2,2,2,2,2,2,2,2
1777227385545000,-1.5250407e-08,-4.656613e-09,6.368282e-09,0.0,0.0,0.0,0,0,1,1,0,0,0,0,2,2,2,2,2,2,2,2,2,2,2,2
1777227385745000,-2.514571e-08,-1.9790605e-08,6.722985e-09,0.0,0.0,0.0,0,0,1,1,0,0,0,0,2,2,2,2,2,2,2,2,2,2,2,2
1777227385945000,6.9849193e-10,-1.1641532e-08,-9.95351e-09,0.0,0.0,0.0,0,0,1,1,0,0,0,0,2,2,2,2,2,2,2,2,2,2,2,2
1777227386145000,-2.4782821e-08,-1.44355e-08,-1.6530976e-08,0.0,0.0,-2.9802322e-08,0,0,1,1,0,0,0,0,2,2,2,2,2,2,2,2,2,2,2,2
1777227386345000,2.2555469e-08,1.1175871e-08,-1.1204975e-08,0.0,0.0,0.0,0,0,1,1,0,0,0,0,2,2,2,2,2,2,2,2,2,2,2,2
1777227386545000,-1.1641532e-10,8.8475645e-09,5.9371814e-09,0.0,0.0,0.0,0,0,1,1,0,0,0,0,2,2,2,2,2,2,2,2,2,2,2,2
1777227386745000,-3.085006e-08,-1.724402e-08,2.5029294e-08,0.0,0.0,0.0,0,0,1,1,0,0,0,0,2,2,2,2,2,2,2,2,2,2,2,2
1777227386945000,2.910383e-09,6.0535967e-09,2.2286315e-08,0.0,0.0,-2.9802322e-08,0,0,1,1,0,0,0,0,2,2,2,2,2,2,2,2,2,2,2,2
1777227387145000,1.1641532e-09,-6.519258e-09,9.022187e-09,0.0,0.0,-2.9802322e-08,0,0,1,1,0,0,0,0,2,2,2,2,2,2,2,2,2,2,2,2
1777227387345000,-1.21071935e-08,1.3969839e-08,1.1117663e-08,0.0,0.0,0.0,0,0,1,1,0,0,0,0,2,2,2,2,2,2,2,2,2,2,2,2
1777227387545000,-1.641456e-08,6.519258e-09,7.1595423e-09,0.0,0.0,0.0,0,0,1,1,0,0,0,0,2,2,2,2,2,2,2,2,2,2,2,2
1777227387745000,1.8626451e-08,8.381903e-09,-3.290188e-08,0.0,0.0,0.0,0,0,1,1,0,0,0,0,2,2,2,2,2,2,2,2,2,2,2,2
1777227387945000,3.6670826e-09,3.9872248e-09,-2.2118911e-08,0.0,0.0,-2.9802322e-08,0,0,1,1,0,0,0,0,2,2,2,2,2,2,2,2,2,2,2,2
1777227388145000,4.0163286e-09,-9.546056e-09,-9.7061275e-09,0.0,0.0,0.0,0,0,1,1,0,0,0,0,2,2,2,2,2,2,2,2,2,2,2,2
1777227388345000,-5.296897e-09,1.8626451e-08,-2.910383e-10,0.0,0.0,0.0,0,0,1,1,0,0,0,0,2,2,2,2,2,2,2,2,2,2,2,2
1777227388545000,-9.662472e-09,9.313226e-09,4.5693014e-09,0.0,0.0,-2.9802322e-08,0,0,1,1,0,0,0,0,2,2,2,2,2,2,2,2,2,2,2,2
1777227388745000,2.4854671e-08,-4.656613e-09,9.198629e-09,0.0,0.0,0.0,0,0,1,1,0,0,0,0,2,2,2,2,2,2,2,2,2,2,2,2
1777227388945000,-4.7963113e-08,2.3283064e-08,7.799827e-09,0.0,0.0,-2.9802322e-08,0,0,1,1,0,0,0,0,2,2,2,2,2,2,2,2,2,2,2,2
1777227389145000,-6.6356733e-09,1.21071935e-08,-1.565786e-08,0.0,0.0,0.0,0,0,1,1,0,0,0,0,2,2,2,2,2,2,2,2,2,2,2,2
1777227389345000,5.104812e-08,-1.071021e-08,1.0477379e-08,0.0,0.0,-2.9802322e-08,0,0,1,1,0,0,0,0,2,2,2,2,2,2,2,2,2,2,2,2
1777227389545000,7.21775e-09,1.1175871e-08,1.656008e-08,0.0,0.0,-5.9604645e-08,0,0,1,1,0,0,0,0,2,2,2,2,2,2,2,2,2,2,2,2
1777227389745000,-2.561137e-09,7.508788e-09,1.2805685e-09,0.0,0.0,-2.9802322e-08,0,0,1,1,0,0,0,0,2,2,2,2,2,2,2,2,2,2,2,2
1777227389945000,-1.9499566e-08,-2.7939677e-09,-1.693843e-08,0.0,0.0,0.0,0,0,1,1,0,0,0,0,2,2,2,2,2,2,2,2,2,2,2,2
1777227390145000,3.3527613e-08,-5.820766e-09,9.080395e-09,0.0,0.0,0.0,0,0,1,1,0,0,0,0,2,2,2,2,2,2,2,2,2,2,2,2
1777227390345000,-1.8277206e-08,-8.381903e-09,-3.8999133e-09,0.0,0.0,-2.9802322e-08,0,0,1,1,0,0,0,0,2,2,2,2,2,2,2,2,2,2,2,2
1777227390545000,5.005859e-09,5.122274e-09,3.245077e-08,0.0,0.0,-2.9802322e-08,0,0,1,1,0,0,0,0,2,2,2,2,2,2,2,2,2,2,2,2
1777227390745000,-2.6775524e-08,-1.8626451e-08,5.0640665e-09,0.0,0.0,0.0,0,0,1,1,0,0,0,0,2,2,2,2,2,2,2,2,2,2,2,2
1777227390945000,-2.0023435e-08,-3.1432137e-09,-2.7241185e-08,0.0,0.0,-2.9802322e-08,0,0,1,1,0,0,0,0,2,2,2,2,2,2,2,2,2,2,2,2
1777227391145000,-2.4912879e-08,-1.8626451e-08,-9.371433e-09,0.0,0.0,0.0,0,0,1,1,0,0,0,0,2,2,2,2,2,2,2,2,2,2,2,2
1777227391345000,5.2386895e-10,-1.094304e-08,3.009336e-08,0.0,0.0,0.0,0,0,1,1,0,0,0,0,2,2,2,2,2,2,2,2,2,2,2,2
1777227391545000,8.1490725e-09,-2.4214387e-08,-3.8271537e-09,0.0,0.0,0.0,0,0,1,1,0,0,0,0,2,2,2,2,2,2,2,2,2,2,2,2
1777227391745000,-4.2608008e-08,3.259629e-09,-2.4563633e-08,0.0,0.0,-2.9802322e-08,0,0,1,1,0,0,0,0,2,2,2,2,2,2,2,2,2,2,2,2
1777227391945000,4.656613e-09,-4.656613e-09,-2.3792381e-09,0.0,0.0,2.9802322e-08,0,0,1,1,0,0,0,0,2,2,2,2,2,2,2,2,2,2,2,2
1777227392145000,-1.3620593e-08,-9.313226e-10,-7.072231e-09,0.0,0.0,2.9802322e-08,0,0,1,1,0,0,0,0,2,2,2,2,2,2,2,2,2,2,2,2
1777227392345000,-4.947651e-09,1.2805685e-08,-1.7826096e-08,0.0,0.0,-2.9802322e-08,0,0,1,1,0,0,0,0,2,2,2,2,2,2,2,2,2,2,2,2
1777227392545000,-6.9849193e-10,8.381903e-09,4.656613e-10,0.0,0.0,-2.9802322e-08,0,0,1,1,0,0,0,0,2,2,2,2,2,2,2,2,2,2,2,2
1777227392745000,-1.4319085e-08,8.1490725e-09,2.3719622e-09,0.0,0.0,0.0,0,0,1,1,0,0,0,0,2,2,2,2,2,2,2,2,2,2,2,2
1777227392945000,-5.9371814e-09,-9.313226e-10,-1.0433723e-08,0.0,0.0,-5.9604645e-08,0,0,1,1,0,0,0,0,2,2,2,2,2,2,2,2,2,2,2,2
1777227393145000,-2.3283064e-10,-5.2386895e-09,3.695459e-08,0.0,0.0,0.0,0,0,1,1,0,0,0,0,2,2,2,2,2,2,2,2,2,2,2,2
1777227393345000,-1.9965228e-08,-2.3283064e-09,-1.7811544e-08,0.0,0.0,-2.9802322e-08,0,0,1,1,0,0,0,0,2,2,2,2,2,2,2,2,2,2,2,2
1777227393545000,2.2351742e-08,2.561137e-09,1.5716068e-09,0.0,0.0,0.0,0,0,1,1,0,0,0,0,2,2,2,2,2,2,2,2,2,2,2,2
1777227393745000,2.1304004e-08,7.916242e-09,7.1595423e-09,0.0,0.0,0.0,0,0,1,1,0,0,0,0,2,2,2,2,2,2,2,2,2,2,2,2
1777227393945000,-2.0721927e-08,-8.614734e-09,3.2232492e-09,0.0,0.0,-5.9604645e-08,0,0,1,1,0,0,0,0,2,2,2,2,2,2,2,2,2,2,2,2
1777227394145000,2.8572686e-08,1.1175871e-08,-8.738425e-09,0.0,0.0,0.0,0,0,1,1,0,0,0,0,2,2,2,2,2,2,2,2,2,2,2,2
1777227394345000,-1.6298145e-09,-9.313226e-10,-1.1234079e-08,0.0,0.0,-5.9604645e-08,0,0,1,1,0,0,0,0,2,2,2,2,2,2,2,2,2,2,2,2
1777227394545000,-4.1909516e-09,-9.313226e-09,1.2431883e-08,0.0,0.0,0.0,0,0,1,1,0,0,0,0,2,2,2,2,2,2,2,2,2,2,2,2
1777227394745000,-3.6678102e-08,-7.916242e-09,3.3644028e-08,0.0,0.0,0.0,0,0,1,1,0,0,0,0,2,2,2,2,2,2,2,2,2,2,2,2
1777227394945000,-7.683411e-09,-1.5366822e-08,2.7066562e-08,0.0,0.0,0.0,0,0,1,1,0,0,0,0,2,2,2,2,2,2,2,2,2,2,2,2
1777227395145000,-3.4691766e-08,-6.519258e-09,2.5262125e-08,0.0,0.0,0.0,0,0,1,1,0,0,0,0,2,2,2,2,2,2,2,2,2,2,2,2
1777227395345000,-3.4924597e-10,1.2456439e-08,-5.0567905e-10,0.0,0.0,0.0,0,0,1,1,0,0,0,0,2,2,2,2,2,2,2,2,2,2,2,2
1777227395545000,-2.2817403e-08,2.142042e-08,1.3242243e-08,0.0,0.0,0.0,0,0,1,1,0,0,0,0,2,2,2,2,2,2,2,2,2,2,2,2
1777227395745000,1.2165401e-08,-1.8626451e-09,2.5029294e-09,0.0,0.0,0.0,0,0,1,1,0,0,0,0,2,2,2,2,2,2,2,2,2,2,2,2
1777227395945000,-8.731149e-09,-1.0477379e-08,-3.259629e-09,0.0,0.0,-2.9802322e-08,0,0,1,1,0,0,0,0,2,2,2,2,2,2,2,2,2,2,2,2
1777227396145000,-5.122274e-09,-1.839362e-08,2.8085196e-09,0.0,0.0,0.0,0,0,1,1,0,0,0,0,2,2,2,2,2,2,2,2,2,2,2,2
1777227396345000,-8.3236955e-09,-2.3748726e-08,1.1030352e-08,0.0,0.0,-2.9802322e-08,0,0,1,1,0,0,0,0,2,2,2,2,2,2,2,2,2,2,2,2
1777227396545000,6.7520887e-09,-5.5879354e-09,5.500624e-09,0.0,0.0,2.9802322e-08,0,0,1,1,0,0,0,0,2,2,2,2,2,2,2,2,2,2,2,2
1777227396745000,-4.2142347e-08,7.450581e-09,-4.132744e-09,0.0,0.0,0.0,0,0,1,1,0,0,0,0,2,2,2,2,2,2,2,2,2,2,2,2
1777227396945000,-5.5879354e-09,6.7520887e-09,1.7636921e-08,0.0,0.0,-2.9802322e-08,0,0,1,1,0,0,0,0,2,2,2,2,2,2,2,2,2,2,2,2
1777227397145000,9.778887e-09,1.21071935e-08,1.9659637e-08,0.0,0.0,0.0,0,0,1,1,0,0,0,0,2,2,2,2,2,2,2,2,2,2,2,2
1777227397345000,1.0477379e-08,1.0244548e-08,-1.9936124e-09,0.0,0.0,2.9802322e-08,0,0,1,1,0,0,0,0,2,2,2,2,2,2,2,2,2,2,2,2
1777227397545000,1.094304e-08,9.778887e-09,-7.916242e-09,0.0,0.0,0.0,0,0,1,1,0,0,0,0,2,2,2,2,2,2,2,2,2,2,2,2
1777227397745000,-1.3038516e-08,-1.3056706e-08,9.5315045e-09,0.0,0.0,0.0,0,0,1,1,0,0,0,0,2,2,2,2,2,2,2,2,2,2,2,2
1777227397945000,-3.259629e-09,7.450581e-09,-4.3364707e-09,0.0,0.0,-2.9802322e-08,0,0,1,1,0,0,0,0,2,2,2,2,2,2,2,2,2,2,2,2
1777227398145000,2.165325e-08,-9.313226e-10,-1.717126e-08,0.0,0.0,0.0,0,0,1,1,0,0,0,0,2,2,2,2,2,2,2,2,2,2,2,2
1777227398345000,1.1961674e-08,-4.1909516e-09,1.0135409e-08,0.0,0.0,2.9802322e-08,0,0,1,1,0,0,0,0,2,2,2,2,2,2,2,2,2,2,2,2
1777227398545000,2.561137e-08,-1.0244548e-08,-1.033186e-08,0.0,0.0,2.9802322e-08,0,0,1,1,0,0,0,0,2,2,2,2,2,2,2,2,2,2,2,2
1777227398745000,-1.7374987e-08,1.2572855e-08,-1.778244e-08,0.0,0.0,0.0,0,0,1,1,0,0,0,0,2,2,2,2,2,2,2,2,2,2,2,2
1777227398945000,8.614734e-09,-2.0489097e-08,-8.032657e-09,0.0,0.0,2.9802322e-08,0,0,1,1,0,0,0,0,2,2,2,2,2,2,2,2,2,2,2,2
1777227399145000,-3.8417056e-09,7.566996e-09,1.7695129e-08,0.0,0.0,2.9802322e-08,0,0,1,1,0,0,0,0,2,2,2,2,2,2,2,2,2,2,2,2
1777227399345000,3.3993274e-08,8.381903e-09,-2.1464075e-08,0.0,0.0,0.0,0,0,1,1,0,0,0,0,2,2,2,2,2,2,2,2,2,2,2,2
1777227399545000,-3.4924597e-08,2.561137e-09,-1.0477379e-09,0.0,0.0,0.0,0,0,1,1,0,0,0,0,2,2,2,2,2,2,2,2,2,2,2,2
1777227399745000,2.9918738e-08,-1.6763806e-08,-9.298674e-09,0.0,0.0,2.9802322e-08,0,0,1,1,0,0,0,0,2,2,2,2,2,2,2,2,2,2,2,2
1777227399945000,-1.816079e-08,-1.0477379e-08,1.3096724e-10,0.0,0.0,0.0,0,0,1,1,0,0,0,0,2,2,2,2,2,2,2,2,2,2,2,2
1777227400145000,-6.0535967e-09,2.4680048e-08,2.4825567e-08,0.0,0.0,0.0,0,0,1,1,0,0,0,0,2,2,2,2,2,2,2,2,2,2,2,2
1777227400345000,-4.1909516e-09,-4.656613e-10,-1.0171789e-08,0.0,0.0,-2.9802322e-08,0,0,1,1,0,0,0,0,2,2,2,2,2,2,2,2,2,2,2,2
1777227400545000,-1.094304e-08,-7.1013346e-09,1.4752004e-09,0.0,0.0,-2.9802322e-08,0,0,1,1,0,0,0,0,2,2,2,2,2,2,2,2,2,2,2,2
1777227400745000,2.0954758e-09,-7.21775e-09,2.142042e-08,0.0,0.0,-2.9802322e-08,0,0,1,1,0,0,0,0,2,2,2,2,2,2,2,2,2,2,2,2
1777227400945000,-2.1769665e-08,9.778887e-09,-7.1013346e-09,0.0,0.0,0.0,0,0,1,1,0,0,0,0,2,2,2,2,2,2,2,2,2,2,2,2
1777227401145000,-3.282912e-08,5.122274e-09,-1.5104888e-08,0.0,0.0,2.9802322e-08,0,0,1,1,0,0,0,0,2,2,2,2,2,2,2,2,2,2,2,2
1777227401345000,-1.2572855e-08,5.355105e-09,2.026718e-08,0.0,0.0,0.0,0,0,1,1,0,0,0,0,2,2,2,2,2,2,2,2,2,2,2,2
1777227401545000,-2.2584572e-08,9.778887e-09,-4.132744e-09,0.0,0.0,-2.9802322e-08,0,0,1,1,0,0,0,0,2,2,2,2,2,2,2,2,2,2,2,2
1777227401745000,5.122274e-09,2.1187589e-08,1.0855729e-08,0.0,0.0,-2.9802322e-08,0,0,1,1,0,0,0,0,2,2,2,2,2,2,2,2,2,2,2,2
1777227401945000,2.3283064e-09,2.3283064e-10,-2.5465852e-08,0.0,0.0,-2.9802322e-08,0,0,1,1,0,0,0,0,2,2,2,2,2,2,2,2,2,2,2,2
1777227402145000,2.2118911e-09,2.7939677e-09,-3.0209776e-08,0.0,0.0,2.9802322e-08,0,0,1,1,0,0,0,0,2,2,2,2,2,2,2,2,2,2,2,2
1777227402345000,1.3038516e-08,1.1874363e-08,-6.3992047e-09,0.0,0.0,0.0,0,0,1,1,0,0,0,0,2,2,2,2,2,2,2,2,2,2,2,2
1777227402545000,-1.0419171e-08,1.5599653e-08,-1.9383151e-08,0.0,0.0,0.0,0,0,1,1,0,0,0,0,2,2,2,2,2,2,2,2,2,2,2,2
1777227402745000,1.5716068e-08,6.0535967e-09,-1.231092e-08,0.0,0.0,0.0,0,0,1,1,0,0,0,0,2,2,2,2,2,2,2,2,2,2,2,2
1777227402945000,1.4202669e-08,-7.683411e-09,-9.022187e-09,0.0,0.0,-2.9802322e-08,0,0,1,1,0,0,0,0,2,2,2,2,2,2,2,2,2,2,2,2
1777227403145000,2.2881977e-08,1.3737008e-08,1.21071935e-08,0.0,0.0,0.0,0,0,1,1,0,0,0,0,2,2,2,2,2,2,2,2,2,2,2,2
1777227403345000,1.9092113e-08,7.770723e-09,5.2386895e-10,0.0,0.0,0.0,0,0,1,1,0,0,0,0,2,2,2,2,2,2,2,2,2,2,2,2
1777227403545000,-6.8102963e-09,-2.0081643e-09,-1.1641532e-08,0.0,0.0,-2.9802322e-08,0,0,1,1,0,0,0,0,2,2,2,2,2,2,2,2,2,2,2,2
1777227403745000,5.355105e-09,-8.381903e-09,-6.6356733e-09,0.0,0.0,0.0,0,0,1,1,0,0,0,0,2,2,2,2,2,2,2,2,2,2,2,2
1777227403945000,4.0163286e-08,-1.3038516e-08,7.1013346e-09,0.0,0.0,-2.9802322e-08,0,0,1,1,0,0,0,0,2,2,2,2,2,2,2,2,2,2,2,2
1777227404145000,1.6647391e-08,5.835318e-09,-4.033791e-08,0.0,0.0,0.0,0,0,1,1,0,0,0,0,2,2,2,2,2,2,2,2,2,2,2,2
1777227404345000,1.8044375e-08,-6.519258e-09,2.3574103e-08,0.0,0.0,-2.9802322e-08,0,0,1,1,0,0,0,0,2,2,2,2,2,2,2,2,2,2,2,2
1777227404545000,2.188608e-08,1.1641532e-08,-1.1292286e-08,0.0,0.0,0.0,0,0,1,1,0,0,0,0,2,2,2,2,2,2,2,2,2,2,2,2
1777227404745000,-2.2118911e-08,-4.656613e-09,9.109499e-09,0.0,0.0,-2.9802322e-08,0,0,1,1,0,0,0,0,2,2,2,2,2,2,2,2,2,2,2,2
1777227404945000,-4.656613e-10,4.1909516e-09,7.930794e-09,0.0,0.0,0.0,0,0,1,1,0,0,0,0,2,2,2,2,2,2,2,2,2,2,2,2
1777227405145000,2.514571e-08,4.1909516e-09,-1.7607817e-09,0.0,0.0,-2.9802322e-08,0,0,1,1,0,0,0,0,2,2,2,2,2,2,2,2,2,2,2,2
1777227405345000,-1.0477379e-08,1.21071935e-08,3.958121e-08,0.0,0.0,0.0,0,0,1,1,0,0,0,0,2,2,2,2,2,2,2,2,2,2,2,2
1777227405545000,-6.9849193e-10,9.604264e-09,3.1432137e-09,0.0,0.0,0.0,0,0,1,1,0,0,0,0,2,2,2,2,2,2,2,2,2,2,2,2
1777227405745000,-1.1466909e-08,-4.656613e-10,-1.1292286e-08,0.0,0.0,-2.9802322e-08,0,0,1,1,0,0,0,0,2,2,2,2,2,2,2,2,2,2,2,2
1777227405945000,6.519258e-09,8.8475645e-09,-1.2252713e-08,0.0,0.0,0.0,0,0,1,1,0,0,0,0,2,2,2,2,2,2,2,2,2,2,2,2
1777227406145000,-1.21071935e-08,9.313226e-10,-9.924406e-09,0.0,0.0,-2.9802322e-08,0,0,1,1,0,0,0,0,2,2,2,2,2,2,2,2,2,2,2,2
1777227406345000,-8.8475645e-09,1.891749e-09,1.868466e-08,0.0,0.0,0.0,0,0,1,1,0,0,0,0,2,2,2,2,2,2,2,2,2,2,2,2
1777227406545000,-8.8475645e-09,-1.0593794e-08,1.276203e-08,0.0,0.0,-2.9802322e-08,0,0,1,1,0,0,0,0,2,2,2,2,2,2,2,2,2,2,2,2
1777227406745000,3.783498e-08,-1.2398232e-08,1.1641532e-10,0.0,0.0,-2.9802322e-08,0,0,1,1,0,0,0,0,2,2,2,2,2,2,2,2,2,2,2,2
1777227406945000,6.0535967e-09,-1.2572855e-08,3.4924597e-10,0.0,0.0,2.9802322e-08,0,0,1,1,0,0,0,0,2,2,2,2,2,2,2,2,2,2,2,2
1777227407145000,-2.4447218e-09,2.188608e-08,-4.0745363e-09,0.0,0.0,-2.9802322e-08,0,0,1,1,0,0,0,0,2,2,2,2,2,2,2,2,2,2,2,2
1777227407345000,-3.434252e-09,7.9744495e-09,2.8303475e-09,0.0,0.0,0.0,0,0,1,1,0,0,0,0,2,2,2,2,2,2,2,2,2,2,2,2
1777227407545000,1.3504177e-08,-8.614734e-09,-1.0913936e-08,0.0,0.0,0.0,0,0,1,1,0,0,0,0,2,2,2,2,2,2,2,2,2,2,2,2
1777227407745000,-1.3977115e-08,-7.3341653e-09,-1.071021e-08,0.0,0.0,-2.9802322e-08,0,0,1,1,0,0,0,0,2,2,2,2,2,2,2,2,2,2,2,2
1777227407945000,-2.188608e-08,-9.778887e-09,2.910383e-09,0.0,0.0,-2.9802322e-08,0,0,1,1,0,0,0,0,2,2,2,2,2,2,2,2,2,2,2,2
1777227408145000,-7.516064e-09,4.656613e-09,-3.754394e-09,0.0,0.0,0.0,0,0,1,1,0,0,0,0,2,2,2,2,2,2,2,2,2,2,2,2
1777227408345000,1.7695129e-08,6.519258e-09,1.7200364e-08,0.0,0.0,0.0,0,0,1,1,0,0,0,0,2,2,2,2,2,2,2,2,2,2,2,2
1777227408545000,6.0535967e-09,-5.5879354e-09,1.461558e-08,0.0,0.0,-2.9802322e-08,0,0,1,1,0,0,0,0,2,2,2,2,2,2,2,2,2,2,2,2
1777227408745000,-2.2118911e-08,1.1175871e-08,2.674642e-08,0.0,0.0,0.0,0,0,1,1,0,0,0,0,2,2,2,2,2,2,2,2,2,2,2,2
1777227408945000,1.967419e-08,1.1641532e-09,4.947651e-10,0.0,0.0,-2.9802322e-08,0,0,1,1,0,0,0,0,2,2,2,2,2,2,2,2,2,2,2,2
1777227409145000,5.355105e-09,-9.546056e-09,6.9849193e-09,0.0,0.0,-2.9802322e-08,0,0,1,1,0,0,0,0,2,2,2,2,2,2,2,2,2,2,2,2
1777227409345000,-1.0244548e-08,6.170012e-09,3.7252903e-09,0.0,0.0,0.0,0,0,1,1,0,0,0,0,2,2,2,2,2,2,2,2,2,2,2,2
1777227409545000,-3.0035153e-08,9.662472e-09,-8.905772e-09,0.0,0.0,2.9802322e-08,0,0,1,1,0,0,0,0,2,2,2,2,2,2,2,2,2,2,2,2
1777227409745000,-1.4901161e-08,-5.005859e-09,-1.853914e-08,0.0,0.0,0.0,0,0,1,1,0,0,0,0,2,2,2,2,2,2,2,2,2,2,2,2
1777227409945000,8.6729415e-09,2.0954758e-09,-6.2864274e-09,0.0,0.0,0.0,0,0,1,1,0,0,0,0,2,2,2,2,2,2,2,2,2,2,2,2
1777227410145000,-2.5291229e-08,1.4901161e-08,3.3032848e-09,0.0,0.0,-2.9802322e-08,0,0,1,1,0,0,0,0,2,2,2,2,2,2,2,2,2,2,2,2
1777227410345000,-6.519258e-09,2.165325e-08,-9.487849e-09,0.0,0.0,2.9802322e-08,0,0,1,1,0,0,0,0,2,2,2,2,2,2,2,2,2,2,2,2
1777227410545000,-1.5948899e-08,-6.4028427e-09,-2.3654138e-08,0.0,0.0,-2.9802322e-08,0,0,1,1,0,0,0,0,2,2,2,2,2,2,2,2,2,2,2,2
1777227410745000,1.7753337e-08,1.2776582e-08,-1.1190423e-08,0.0,0.0,-2.9802322e-08,0,0,1,1,0,0,0,0,2,2,2,2,2,2,2,2,2,2,2,2
1777227410945000,2.9685907e-09,5.8673322e-08,4.118192e-08,0.0,0.0,-5.9604645e-08,0,0,1,1,0,0,0,0,2,2,2,2,2,2,2,2,2,2,2,2
1777227411145000,2.9802322e-08,-1.3969839e-09,-1.4551915e-08,0.0,0.0,0.0,0,0,1,1,0,0,0,0,2,2,2,2,2,2,2,2,2,2,2,2
1777227411345000,-1.8626451e-08,4.2200554e-09,-1.4377292e-08,0.0,0.0,-5.9604645e-08,0,0,1,1,0,0,0,0,2,2,2,2,2,2,2,2,2,2,2,2
1777227411545000,-3.0966476e-08,-2.2817403e-08,-3.4924597e-09,0.0,0.0,-5.9604645e-08,0,0,1,1,0,0,0,0,2,2,2,2,2,2,2,2,2,2,2,2
1777227411745000,6.0535967e-09,2.1449523e-08,-1.5599653e-08,0.0,0.0,0.0,0,0,1,1,0,0,0,0,2,2,2,2,2,2,2,2,2,2,2,2
1777227411945000,-4.1007297e-08,-1.2340024e-08,-1.1692464e-08,0.0,0.0,-5.9604645e-08,0,0,1,1,0,0,0,0,2,2,2,2,2,2,2,2,2,2,2,2
1777227412145000,-1.44355e-08,-1.6298145e-08,2.8434442e-08,0.0,0.0,0.0,0,0,1,1,0,0,0,0,2,2,2,2,2,2,2,2,2,2,2,2
1777227412345000,-1.46683306e-08,-2.0954758e-08,-2.8292561e-08,0.0,0.0,0.0,0,0,1,1,0,0,0,0,2,2,2,2,2,2,2,2,2,2,2,2
1777227412545000,-1.7229468e-08,-2.4680048e-08,-1.7840648e-08,0.0,0.0,-2.9802322e-08,0,0,1,1,0,0,0,0,2,2,2,2,2,2,2,2,2,2,2,2
1777227412745000,-2.2817403e-08,7.916242e-09,1.877197e-08,0.0,0.0,0.0,0,0,1,1,0,0,0,0,2,2,2,2,2,2,2,2,2,2,2,2
1777227412945000,1.6530976e-08,1.8626451e-09,1.9790605e-09,0.0,0.0,-2.9802322e-08,0,0,1,1,0,0,0,0,2,2,2,2,2,2,2,2,2,2,2,2
1777227413145000,-4.656613e-08,-5.6170393e-09,-3.0559022e-09,0.0,0.0,0.0,0,0,1,1,0,0,0,0,2,2,2,2,2,2,2,2,2,2,2,2
1777227413345000,-2.8871e-08,-1.2456439e-08,1.9208528e-09,0.0,0.0,0.0,0,0,1,1,0,0,0,0,2,2,2,2,2,2,2,2,2,2,2,2
1777227413545000,2.4097972e-08,4.8894435e-09,-2.73576e-09,0.0,0.0,0.0,0,0,1,1,0,0,0,0,2,2,2,2,2,2,2,2,2,2,2,2
1777227413745000,-5.5879354e-09,-2.4680048e-08,7.537892e-09,0.0,0.0,0.0,0,0,1,1,0,0,0,0,2,2,2,2,2,2,2,2,2,2,2,2
1777227413945000,-8.1490725e-10,3.8271537e-09,1.7578714e-08,0.0,0.0,-2.9802322e-08,0,0,1,1,0,0,0,0,2,2,2,2,2,2,2,2,2,2,2,2
1777227414145000,9.546056e-09,-1.850276e-08,2.1289452e-08,0.0,0.0,-2.9802322e-08,0,0,1,1,0,0,0,0,2,2,2,2,2,2,2,2,2,2,2,2
1777227414345000,1.4202669e-08,-1.4086254e-08,-1.1466909e-08,0.0,0.0,-2.9802322e-08,0,0,1,1,0,0,0,0,2,2,2,2,2,2,2,2,2,2,2,2
1777227414545000,-1.3969839e-08,-1.6298145e-09,-6.8102963e-09,0.0,0.0,0.0,0,0,1,1,0,0,0,0,2,2,2,2,2,2,2,2,2,2,2,2
1777227414745000,7.916242e-09,1.0855729e-08,-5.296897e-09,0.0,0.0,0.0,0,0,1,1,0,0,0,0,2,2,2,2,2,2,2,2,2,2,2,2
1777227414945000,-2.0838343e-08,-1.44355e-08,-4.1909516e-09,0.0,0.0,0.0,0,0,1,1,0,0,0,0,2,2,2,2,2,2,2,2,2,2,2,2
1777227415145000,-1.4086254e-08,1.6589183e-08,-2.0954758e-09,0.0,0.0,-2.9802322e-08,0,0,1,1,0,0,0,0,2,2,2,2,2,2,2,2,2,2,2,2
1777227415345000,4.48199e-08,1.6647391e-08,-2.1056621e-08,0.0,0.0,2.9802322e-08,0,0,1,1,0,0,0,0,2,2,2,2,2,2,2,2,2,2,2,2
1777227415545000,-1.0593794e-08,-1.5017577e-08,5.180482e-09,0.0,0.0,0.0,0,0,1,1,0,0,0,0,2,2,2,2,2,2,2,2,2,2,2,2
1777227415745000,-1.2834789e-08,5.47152e-09,-9.95351e-09,0.0,0.0,-2.9802322e-08,0,0,1,1,0,0,0,0,2,2,2,2,2,2,2,2,2,2,2,2
1777227415945000,-1.8277206e-08,-1.094304e-08,1.31258275e-08,0.0,0.0,-2.9802322e-08,0,0,1,1,0,0,0,0,2,2,2,2,2,2,2,2,2,2,2,2
1777227416145000,-2.0721927e-08,1.4202669e-08,-1.5599653e-08,0.0,0.0,0.0,0,0,1,1,0,0,0,0,2,2,2,2,2,2,2,2,2,2,2,2
1777227416345000,-2.5247573e-08,-8.1490725e-09,-2.6600901e-08,0.0,0.0,0.0,0,0,1,1,0,0,0,0,2,2,2,2,2,2,2,2,2,2,2,2
1777227416545000,-1.2805685e-08,3.4924597e-10,1.3387762e-08,0.0,0.0,0.0,0,0,1,1,0,0,0,0,2,2,2,2,2,2,2,2,2,2,2,2
1777227416745000,2.3283064e-08,7.683411e-09,2.1827873e-09,0.0,0.0,0.0,0,0,1,1,0,0,0,0,2,2,2,2,2,2,2,2,2,2,2,2
1777227416945000,1.9877916e-08,4.656613e-09,1.1350494e-09,0.0,0.0,0.0,0,0,1,1,0,0,0,0,2,2,2,2,2,2,2,2,2,2,2,2
1777227417145000,3.7252903e-09,7.450581e-09,-1.1292286e-08,0.0,0.0,-2.9802322e-08,0,0,1,1,0,0,0,0,2,2,2,2,2,2,2,2,2,2,2,2
1777227417345000,-9.080395e-09,1.3969839e-09,-7.4360287e-09,0.0,0.0,2.9802322e-08,0,0,1,1,0,0,0,0,2,2,2,2,2,2,2,2,2,2,2,2
1777227417545000,5.47152e-09,-1.094304e-08,-1.5124897e-08,0.0,0.0,-2.9802322e-08,0,0,1,1,0,0,0,0,2,2,2,2,2,2,2,2,2,2,2,2
1777227417745000,-2.9831426e-08,1.6763806e-08,-3.1432137e-09,0.0,0.0,0.0,0,0,1,1,0,0,0,0,2,2,2,2,2,2,2,2,2,2,2,2
1777227417945000,2.9569492e-08,-1.8626451e-09,-1.3227691e-08,0.0,0.0,0.0,0,0,1,1,0,0,0,0,2,2,2,2,2,2,2,2,2,2,2,2
1777227418145000,-4.1909516e-09,6.53381e-09,1.1641532e-09,0.0,0.0,0.0,0,0,1,1,0,0,0,0,2,2,2,2,2,2,2,2,2,2,2,2
1777227418345000,5.7043508e-09,-4.4237822e-09,-1.0186341e-08,0.0,0.0,0.0,0,0,1,1,0,0,0,0,2,2,2,2,2,2,2,2,2,2,2,2
1777227418545000,1.5599653e-08,1.8626451e-09,3.5215635e-09,0.0,0.0,-2.9802322e-08,0,0,1,1,0,0,0,0,2,2,2,2,2,2,2,2,2,2,2,2
1777227418745000,-2.6426278e-08,1.4901161e-08,-2.0372681e-09,0.0,0.0,0.0,0,0,1,1,0,0,0,0,2,2,2,2,2,2,2,2,2,2,2,2
1777227418945000,5.2910764e-08,3.7252903e-09,1.0244548e-08,0.0,0.0,0.0,0,0,1,1,0,0,0,0,2,2,2,2,2,2,2,2,2,2,2,2
1777227419145000,1.0244548e-08,1.2572855e-08,2.2351742e-08,0.0,0.0,2.9802322e-08,0,0,1,1,0,0,0,0,2,2,2,2,2,2,2,2,2,2,2,2
1777227419345000,1.44355e-08,2.7939677e-09,9.313226e-09,0.0,0.0,-5.9604645e-08,0,0,1,1,0,0,0,0,2,2,2,2,2,2,2,2,2,2,2,2
1777227419545000,-2.6077032e-08,1.7229468e-08,2.0489097e-08,0.0,0.0,-5.9604645e-08,0,0,1,1,0,0,0,0,2,2,2,2,2,2,2,2,2,2,2,2
1777227419745000,-4.656613e-09,1.8626451e-08,-2.0489097e-08,0.0,0.0,0.0,0,0,1,1,0,0,0,0,2,2,2,2,2,2,2,2,2,2,2,2
1777227419945000,7.916242e-09,-1.3504177e-08,-1.3038516e-08,0.0,0.0,-5.9604645e-08,0,0,1,1,0,0,0,0,2,2,2,2,2,2,2,2,2,2,2,2
1777227420145000,3.7252903e-09,1.816079e-08,3.7252903e-09,0.0,0.0,-5.9604645e-08,0,0,1,1,0,0,0,0,2,2,2,2,2,2,2,2,2,2,2,2
1777227420345000,-1.7695129e-08,-1.3169483e-08,1.3969839e-08,0.0,0.0,-5.9604645e-08,0,0,1,1,0,0,0,0,2,2,2,2,2,2,2,2,2,2,2,2
1777227420545000,4.1909516e-09,-1.8626451e-08,1.3038516e-08,0.0,0.0,-5.9604645e-08,0,0,1,1,0,0,0,0,2,2,2,2,2,2,2,2,2,2,2,2
1777227420745000,2.0721927e-08,-1.6298145e-09,9.313226e-09,0.0,0.0,-1.1920929e-07,0,0,1,1,0,0,0,0,2,2,2,2,2,2,2,2,2,2,2,2
1777227420945000,-1.1175871e-08,-1.0477379e-08,1.3038516e-08,0.0,0.0,-5.9604645e-08,0,0,1,1,0,0,0,0,2,2,2,2,2,2,2,2,2,2,2,2
1777227421145000,2.142042e-08,3.4691766e-08,-1.6763806e-08,0.0,0.0,-2.9802322e-08,0,0,1,1,0,0,0,0,2,2,2,2,2,2,2,2,2,2,2,2
1777227421345000,-4.1909516e-09,6.0535967e-09,7.450581e-09,0.0,0.0,0.0,0,0,1,1,0,0,0,0,2,2,2,2,2,2,2,2,2,2,2,2
1777227421545000,-3.3993274e-08,1.3504177e-08,-5.5879354e-09,0.0,0.0,0.0,0,0,1,1,0,0,0,0,2,2,2,2,2,2,2,2,2,2,2,2
1777227421745000,-2.7474016e-08,-7.916242e-09,-4.656613e-09,0.0,0.0,-2.9802322e-08,0,0,1,1,0,0,0,0,2,2,2,2,2,2,2,2,2,2,2,2
1777227421945000,-3.213063e-08,-8.8475645e-09,-1.0360964e-08,0.0,0.0,-2.9802322e-08,0,0,1,1,0,0,0,0,2,2,2,2,2,2,2,2,2,2,2,2
1777227422145000,-3.0733645e-08,-5.5879354e-09,-3.3527613e-08,0.0,0.0,-2.9802322e-08,0,0,1,1,0,0,0,0,2,2,2,2,2,2,2,2,2,2,2,2
1777227422345000,-2.7939677e-09,-1.8626451e-08,-1.4901161e-08,0.0,0.0,-2.9802322e-08,0,0,1,1,0,0,0,0,2,2,2,2,2,2,2,2,2,2,2,2
1777227422545000,-1.8626451e-08,-1.5366822e-08,-1.4901161e-08,0.0,0.0,-2.9802322e-08,0,0,1,1,0,0,0,0,2,2,2,2,2,2,2,2,2,2,2,2
1777227422745000,3.4458935e-08,1.8626451e-09,-2.0489097e-08,0.0,0.0,-2.9802322e-08,0,0,1,1,0,0,0,0,2,2,2,2,2,2,2,2,2,2,2,2
1777227422945000,-3.1199306e-08,3.7252903e-09,-1.8626451e-08,0.0,0.0,0.0,0,0,1,1,0,0,0,0,2,2,2,2,2,2,2,2,2,2,2,2
1777227423145000,2.4912879e-08,2.2351742e-08,-2.7008355e-08,0.0,0.0,0.0,0,0,1,1,0,0,0,0,2,2,2,2,2,2,2,2,2,2,2,2
1777227423345000,1.3969839e-08,-1.21071935e-08,-1.8626451e-09,0.0,0.0,0.0,0,0,1,1,0,0,0,0,2,2,2,2,2,2,2,2,2,2,2,2
1777227423545000,1.839362e-08,-6.519258e-09,8.381903e-09,0.0,0.0,-5.9604645e-08,0,0,1,1,0,0,0,0,2,2,2,2,2,2,2,2,2,2,2,2
1777227423745000,-1.5832484e-08,-9.313226e-10,-2.6077032e-08,0.0,0.0,-2.9802322e-08,0,0,1,1,0,0,0,0,2,2,2,2,2,2,2,2,2,2,2,2
1777227423945000,-3.4924597e-09,1.3969839e-08,1.3038516e-08,0.0,0.0,0.0,0,0,1,1,0,0,0,0,2,2,2,2,2,2,2,2,2,2,2,2
1777227424145000,-1.14087015e-08,-8.8475645e-09,1.1175871e-08,0.0,0.0,2.9802322e-08,0,0,1,1,0,0,0,0,2,2,2,2,2,2,2,2,2,2,2,2
1777227424345000,-7.450581e-09,-5.5879354e-09,1.6763806e-08,0.0,0.0,0.0,0,0,1,1,0,0,0,0,2,2,2,2,2,2,2,2,2,2,2,2
1777227424545000,-1.7229468e-08,1.1641532e-08,-2.2351742e-08,0.0,0.0,-2.9802322e-08,0,0,1,1,0,0,0,0,2,2,2,2,2,2,2,2,2,2,2,2
1777227424745000,-2.3981556e-08,-2.0489097e-08,-1.8626451e-08,0.0,0.0,0.0,0,0,1,1,0,0,0,0,2,2,2,2,2,2,2,2,2,2,2,2
1777227424945000,8.381903e-09,1.4901161e-08,9.313226e-09,0.0,0.0,-5.9604645e-08,0,0,1,1,0,0,0,0,2,2,2,2,2,2,2,2,2,2,2,2
1777227425145000,-5.122274e-09,-8.8475645e-09,1.1874363e-08,0.0,0.0,0.0,0,0,1,1,0,0,0,0,2,2,2,2,2,2,2,2,2,2,2,2
1777227425345000,-1.5133992e-08,-1.839362e-08,7.450581e-09,0.0,0.0,0.0,0,0,1,1,0,0,0,0,2,2,2,2,2,2,2,2,2,2,2,2
1777227425545000,-1.44355e-08,1.1088559e-08,9.313226e-10,0.0,0.0,0.0,0,0,1,1,0,0,0,0,2,2,2,2,2,2,2,2,2,2,2,2
1777227425745000,-4.0978193e-08,-2.1187589e-08,3.4924597e-09,0.0,0.0,-2.9802322e-08,0,0,1,1,0,0,0,0,2,2,2,2,2,2,2,2,2,2,2,2
1777227425945000,4.4412445e-08,-1.21071935e-08,1.4544639e-08,0.0,0.0,-2.9802322e-08,0,0,1,1,0,0,0,0,2,2,2,2,2,2,2,2,2,2,2,2
1777227426145000,2.4447218e-09,-2.7008355e-08,-1.1874363e-08,0.0,0.0,0.0,0,0,1,1,0,0,0,0,2,2,2,2,2,2,2,2,2,2,2,2
1777227426345000,1.3329554e-08,1.21071935e-08,-6.9849193e-10,0.0,0.0,0.0,0,0,1,1,0,0,0,0,2,2,2,2,2,2,2,2,2,2,2,2
1777227426545000,2.4796464e-08,-5.122274e-09,-9.429641e-09,0.0,0.0,0.0,0,0,1,1,0,0,0,0,2,2,2,2,2,2,2,2,2,2,2,2
1777227426745000,-3.7252903e-08,5.820766e-09,8.818461e-09,0.0,0.0,2.9802322e-08,0,0,1,1,0,0,0,0,2,2,2,2,2,2,2,2,2,2,2,2
1777227426945000,-1.2572855e-08,3.7252903e-09,-6.344635e-09,0.0,0.0,0.0,0,0,1,1,0,0,0,0,2,2,2,2,2,2,2,2,2,2,2,2
1777227427145000,1.1292286e-08,9.313226e-09,1.3969839e-08,0.0,0.0,-2.9802322e-08,0,0,1,1,0,0,0,0,2,2,2,2,2,2,2,2,2,2,2,2
1777227427345000,9.313226e-09,1.7229468e-08,-2.0678272e-08,0.0,0.0,0.0,0,0,1,1,0,0,0,0,2,2,2,2,2,2,2,2,2,2,2,2
1777227427545000,-1.9383151e-08,5.5879354e-09,1.7462298e-10,0.0,0.0,-2.9802322e-08,0,0,1,1,0,0,0,0,2,2,2,2,2,2,2,2,2,2,2,2
1777227427745000,-1.0339136e-08,-1.816079e-08,8.934876e-09,0.0,0.0,-2.9802322e-08,0,0,1,1,0,0,0,0,2,2,2,2,2,2,2,2,2,2,2,2
1777227427945000,-2.9802322e-08,5.820766e-09,2.863817e-08,0.0,0.0,-2.9802322e-08,0,0,1,1,0,0,0,0,2,2,2,2,2,2,2,2,2,2,2,2
1777227428145000,1.5599653e-08,2.3283064e-09,-8.3236955e-09,0.0,0.0,-5.9604645e-08,0,0,1,1,0,0,0,0,2,2,2,2,2,2,2,2,2,2,2,2
1777227428345000,3.236346e-08,-1.1641532e-08,-1.51922e-08,0.0,0.0,0.0,0,0,1,1,0,0,0,0,2,2,2,2,2,2,2,2,2,2,2,2
1777227428545000,-2.3283064e-08,-2.3283064e-09,-3.8417056e-09,0.0,0.0,0.0,0,0,1,1,0,0,0,0,2,2,2,2,2,2,2,2,2,2,2,2
1777227428745000,-1.9790605e-09,-1.0244548e-08,1.8073479e-08,0.0,0.0,-2.9802322e-08,0,0,1,1,0,0,0,0,2,2,2,2,2,2,2,2,2,2,2,2
1777227428945000,2.142042e-08,-4.656613e-09,7.406925e-09,0.0,0.0,0.0,0,0,1,1,0,0,0,0,2,2,2,2,2,2,2,2,2,2,2,2
1777227429145000,1.6298145e-09,-1.3504177e-08,-6.344635e-09,0.0,0.0,-2.9802322e-08,0,0,1,1,0,0,0,0,2,2,2,2,2,2,2,2,2,2,2,2
1777227429345000,8.381903e-09,2.3283064e-09,-7.479684e-09,0.0,0.0,0.0,0,0,1,1,0,0,0,0,2,2,2,2,2,2,2,2,2,2,2,2
1777227429545000,1.0622898e-08,9.313226e-09,6.693881e-09,0.0,0.0,0.0,0,0,1,1,0,0,0,0,2,2,2,2,2,2,2,2,2,2,2,2
1777227429745000,2.3981556e-08,-7.450581e-09,-2.0489097e-08,0.0,0.0,-2.9802322e-08,0,0,1,1,0,0,0,0,2,2,2,2,2,2,2,2,2,2,2,2
1777227429945000,1.5832484e-08,5.5879354e-09,-2.4287147e-08,0.0,0.0,-2.9802322e-08,0,0,1,1,0,0,0,0,2,2,2,2,2,2,2,2,2,2,2,2
1777227430145000,2.514571e-08,0.0,-5.151378e-09,0.0,0.0,0.0,0,0,1,1,0,0,0,0,2,2,2,2,2,2,2,2,2,2,2,2
1777227430345000,-2.4796464e-08,-3.259629e-09,-1.3198587e-08,0.0,0.0,-2.9802322e-08,0,0,1,1,0,0,0,0,2,2,2,2,2,2,2,2,2,2,2,2
1777227430545000,-2.1536835e-08,-5.122274e-09,9.938958e-09,0.0,0.0,-2.9802322e-08,0,0,1,1,0,0,0,0,2,2,2,2,2,2,2,2,2,2,2,2
1777227430745000,-1.3096724e-08,-5.9371814e-09,2.757588e-08,0.0,0.0,0.0,0,0,1,1,0,0,0,0,2,2,2,2,2,2,2,2,2,2,2,2
1777227430945000,-3.434252e-08,1.1292286e-08,5.529728e-09,0.0,0.0,-2.9802322e-08,0,0,1,1,0,0,0,0,2,2,2,2,2,2,2,2,2,2,2,2
1777227431145000,-1.5366822e-08,-1.6298145e-08,-2.8521754e-09,0.0,0.0,-2.9802322e-08,0,0,1,1,0,0,0,0,2,2,2,2,2,2,2,2,2,2,2,2
1777227431345000,2.0023435e-08,1.9790605e-09,9.0221874e-10,0.0,0.0,0.0,0,0,1,1,0,0,0,0,2,2,2,2,2,2,2,2,2,2,2,2
1777227431545000,-1.0069925e-08,-6.519258e-09,-3.015157e-08,0.0,0.0,-2.9802322e-08,0,0,1,1,0,0,0,0,2,2,2,2,2,2,2,2,2,2,2,2
1777227431745000,5.9371814e-09,5.5879354e-09,-1.4493708e-08,0.0,0.0,0.0,0,0,1,1,0,0,0,0,2,2,2,2,2,2,2,2,2,2,2,2
1777227431945000,4.1909516e-09,-4.1909516e-09,1.5133992e-09,0.0,0.0,-2.9802322e-08,0,0,1,1,0,0,0,0,2,2,2,2,2,2,2,2,2,2,2,2
1777227432145000,-5.7043508e-09,-1.6763806e-08,3.3760443e-09,0.0,0.0,-2.9802322e-08,0,0,1,1,0,0,0,0,2,2,2,2,2,2,2,2,2,2,2,2
1777227432345000,-1.9965228e-08,3.259629e-09,2.757588e-09,0.0,0.0,0.0,0,0,1,1,0,0,0,0,2,2,2,2,2,2,2,2,2,2,2,2
1777227432545000,-3.0035153e-08,-2.3283064e-09,1.2252713e-08,0.0,0.0,2.9802322e-08,0,0,1,1,0,0,0,0,2,2,2,2,2,2,2,2,2,2,2,2
1777227432745000,-9.225914e-09,3.259629e-09,-5.500624e-09,0.0,0.0,-2.9802322e-08,0,0,1,1,0,0,0,0,2,2,2,2,2,2,2,2,2,2,2,2
1777227432945000,2.2118911e-08,-1.3504177e-08,1.0884833e-08,0.0,0.0,-2.9802322e-08,0,0,1,1,0,0,0,0,2,2,2,2,2,2,2,2,2,2,2,2
1777227433145000,4.4237822e-09,-1.8626451e-09,1.033186e-08,0.0,0.0,0.0,0,0,1,1,0,0,0,0,2,2,2,2,2,2,2,2,2,2,2,2
1777227433345000,-3.7893187e-08,-6.0535967e-09,2.6775524e-08,0.0,0.0,0.0,0,0,1,1,0,0,0,0,2,2,2,2,2,2,2,2,2,2,2,2
1777227433545000,-1.6878403e-08,-2.3108441e-08,-2.7803253e-08,0.0,0.0,0.0,0,0,1,1,0,0,0,0,2,2,2,2,2,2,2,2,2,2,2,2
1777227433745000,-2.7939677e-08,2.7939677e-09,-7.3341653e-09,0.0,0.0,0.0,0,0,1,1,0,0,0,0,2,2,2,2,2,2,2,2,2,2,2,2
1777227433945000,6.170012e-09,1.5366822e-08,-4.9039954e-09,0.0,0.0,2.9802322e-08,0,0,1,1,0,0,0,0,2,2,2,2,2,2,2,2,2,2,2,2
1777227434145000,4.877802e-08,-9.313226e-09,-1.3897079e-08,0.0,0.0,0.0,0,0,1,1,0,0,0,0,2,2,2,2,2,2,2,2,2,2,2,2
1777227434345000,-2.1187589e-08,-4.1909516e-09,-8.607458e-09,0.0,0.0,-2.9802322e-08,0,0,1,1,0,0,0,0,2,2,2,2,2,2,2,2,2,2,2,2
1777227434545000,-2.8856448e-08,6.2864274e-09,-5.3842086e-09,0.0,0.0,0.0,0,0,1,1,0,0,0,0,2,2,2,2,2,2,2,2,2,2,2,2
1777227434745000,-1.9790605e-08,-2.3283064e-09,7.799827e-09,0.0,0.0,0.0,0,0,1,1,0,0,0,0,2,2,2,2,2,2,2,2,2,2,2,2
1777227434945000,-2.3283064e-08,1.4013494e-08,1.8801074e-08,0.0,0.0,0.0,0,0,1,1,0,0,0,0,2,2,2,2,2,2,2,2,2,2,2,2
1777227435145000,-8.440111e-10,-6.0535967e-09,-2.3283064e-10,0.0,0.0,2.9802322e-08,0,0,1,1,0,0,0,0,2,2,2,2,2,2,2,2,2,2,2,2
1777227435345000,-4.656613e-09,1.816079e-08,-4.598405e-09,0.0,0.0,-2.9802322e-08,0,0,1,1,0,0,0,0,2,2,2,2,2,2,2,2,2,2,2,2
1777227435545000,5.5879354e-09,-1.6298145e-09,-1.3737008e-08,0.0,0.0,2.9802322e-08,0,0,1,1,0,0,0,0,2,2,2,2,2,2,2,2,2,2,2,2
1777227435745000,-4.3422915e-08,-1.6298145e-09,-5.84987e-09,0.0,0.0,-2.9802322e-08,0,0,1,1,0,0,0,0,2,2,2,2,2,2,2,2,2,2,2,2
1777227435945000,-7.683411e-09,1.7695129e-08,8.192728e-09,0.0,0.0,0.0,0,0,1,1,0,0,0,0,2,2,2,2,2,2,2,2,2,2,2,2
1777227436145000,-1.3969839e-08,8.381903e-09,2.2118911e-09,0.0,0.0,-2.9802322e-08,0,0,1,1,0,0,0,0,2,2,2,2,2,2,2,2,2,2,2,2
1777227436345000,1.6298145e-08,-4.1909516e-09,5.47152e-09,0.0,0.0,2.9802322e-08,0,0,1,1,0,0,0,0,2,2,2,2,2,2,2,2,2,2,2,2
1777227436545000,-1.0157237e-08,1.3504177e-08,-9.26957e-09,0.0,0.0,2.9802322e-08,0,0,1,1,0,0,0,0,2,2,2,2,2,2,2,2,2,2,2,2
1777227436745000,1.8626451e-08,3.0267984e-09,-1.2456439e-08,0.0,0.0,0.0,0,0,1,1,0,0,0,0,2,2,2,2,2,2,2,2,2,2,2,2
1777227436945000,-1.6763806e-08,-1.3969839e-08,4.307367e-09,0.0,0.0,-2.9802322e-08,0,0,1,1,0,0,0,0,2,2,2,2,2,2,2,2,2,2,2,2
1777227437145000,2.7474016e-08,-2.6775524e-09,-1.7011189e-08,0.0,0.0,0.0,0,0,1,1,0,0,0,0,2,2,2,2,2,2,2,2,2,2,2,2
1777227437345000,7.450581e-09,2.4447218e-09,2.6775524e-09,0.0,0.0,0.0,0,0,1,1,0,0,0,0,2,2,2,2,2,2,2,2,2,2,2,2
1777227437545000,1.1787051e-08,5.5879354e-09,8.381903e-09,0.0,0.0,-2.9802322e-08,0,0,1,1,0,0,0,0,2,2,2,2,2,2,2,2,2,2,2,2
1777227437745000,8.731149e-09,7.450581e-09,-6.344635e-09,0.0,0.0,0.0,0,0,1,1,0,0,0,0,2,2,2,2,2,2,2,2,2,2,2,2
1777227437945000,-7.916242e-09,4.656613e-09,-3.623427e-08,0.0,0.0,-2.9802322e-08,0,0,1,1,0,0,0,0,2,2,2,2,2,2,2,2,2,2,2,2
1777227438145000,-4.8894435e-09,7.916242e-09,1.7724233e-08,0.0,0.0,-2.9802322e-08,0,0,1,1,0,0,0,0,2,2,2,2,2,2,2,2,2,2,2,2
1777227438345000,2.7008355e-08,-5.5879354e-09,1.0344593e-08,0.0,0.0,2.9802322e-08,0,0,1,1,0,0,0,0,2,2,2,2,2,2,2,2,2,2,2,2
1777227438545000,9.662472e-09,-2.7939677e-09,-7.712515e-09,0.0,0.0,-2.9802322e-08,0,0,1,1,0,0,0,0,2,2,2,2,2,2,2,2,2,2,2,2
1777227438745000,1.1525117e-08,6.519258e-09,2.1769665e-08,0.0,0.0,-2.9802322e-08,0,0,1,1,0,0,0,0,2,2,2,2,2,2,2,2,2,2,2,2
1777227438945000,-1.9965228e-08,-6.0535967e-09,2.7910573e-08,0.0,0.0,0.0,0,0,1,1,0,0,0,0,2,2,2,2,2,2,2,2,2,2,2,2
1777227439145000,-1.0593794e-08,1.2805685e-08,-2.3574103e-08,0.0,0.0,2.9802322e-08,0,0,1,1,0,0,0,0,2,2,2,2,2,2,2,2,2,2,2,2
1777227439345000,3.131572e-08,7.1013346e-09,1.693843e-08,0.0,0.0,0.0,0,0,1,1,0,0,0,0,2,2,2,2,2,2,2,2,2,2,2,2
1777227439545000,-2.1536835e-09,-1.8626451e-09,1.3038516e-08,0.0,0.0,2.9802322e-08,0,0,1,1,0,0,0,0,2,2,2,2,2,2,2,2,2,2,2,2
1777227439745000,1.4202669e-08,-4.656613e-10,-1.36788e-09,0.0,0.0,-2.9802322e-08,0,0,1,1,0,0,0,0,2,2,2,2,2,2,2,2,2,2,2,2
1777227439945000,2.3283064e-08,4.656613e-09,2.5283953e-09,0.0,0.0,0.0,0,0,1,1,0,0,0,0,2,2,2,2,2,2,2,2,2,2,2,2
1777227440145000,-1.0797521e-08,-5.5879354e-09,3.9784936e-08,0.0,0.0,0.0,0,0,1,1,0,0,0,0,2,2,2,2,2,2,2,2,2,2,2,2
1777227440345000,2.4447218e-09,1.3969839e-09,-1.456101e-08,0.0,0.0,0.0,0,0,1,1,0,0,0,0,2,2,2,2,2,2,2,2,2,2,2,2
1777227440545000,-4.383037e-08,9.313226e-09,2.2431777e-08,0.0,0.0,0.0,0,0,1,1,0,0,0,0,2,2,2,2,2,2,2,2,2,2,2,2
1777227440745000,-3.4924597e-08,-2.3283064e-10,2.0023435e-08,0.0,0.0,0.0,0,0,1,1,0,0,0,0,2,2,2,2,2,2,2,2,2,2,2,2
1777227440945000,1.7695129e-08,6.519258e-09,-2.2497261e-08,0.0,0.0,0.0,0,0,1,1,0,0,0,0,2,2,2,2,2,2,2,2,2,2,2,2
1777227441145000,-1.8626451e-08,1.7695129e-08,1.4842954e-09,0.0,0.0,0.0,0,0,1,1,0,0,0,0,2,2,2,2,2,2,2,2,2,2,2,2
1777227441345000,-1.5919795e-08,1.19325705e-08,7.450581e-09,0.0,0.0,-2.9802322e-08,0,0,1,1,0,0,0,0,2,2,2,2,2,2,2,2,2,2,2,2
1777227441545000,2.165325e-08,-6.519258e-09,-7.945346e-09,0.0,0.0,0.0,0,0,1,1,0,0,0,0,2,2,2,2,2,2,2,2,2,2,2,2
1777227441745000,-1.9557774e-08,2.3283064e-09,2.7939677e-09,0.0,0.0,-2.9802322e-08,0,0,1,1,0,0,0,0,2,2,2,2,2,2,2,2,2,2,2,2
1777227441945000,-4.5401976e-08,4.4237822e-09,-7.625204e-09,0.0,0.0,-2.9802322e-08,0,0,1,1,0,0,0,0,2,2,2,2,2,2,2,2,2,2,2,2
1777227442145000,-1.2572855e-08,-5.5879354e-09,-2.568413e-09,0.0,0.0,-2.9802322e-08,0,0,1,1,0,0,0,0,2,2,2,2,2,2,2,2,2,2,2,2
1777227442345000,-3.5390258e-08,2.240995e-08,5.500624e-09,0.0,0.0,0.0,0,0,1,1,0,0,0,0,2,2,2,2,2,2,2,2,2,2,2,2
1777227442545000,2.2700988e-08,-8.1490725e-09,1.627268e-08,0.0,0.0,-2.9802322e-08,0,0,1,1,0,0,0,0,2,2,2,2,2,2,2,2,2,2,2,2
1777227442745000,7.3737283e-09,1.3969839e-08,-7.4651325e-09,0.0,0.0,0.0,0,0,1,1,0,0,0,0,2,2,2,2,2,2,2,2,2,2,2,2
1777227442945000,2.5844201e-08,-4.656613e-10,-1.207809e-08,0.0,0.0,0.0,0,0,1,1,0,0,0,0,2,2,2,2,2,2,2,2,2,2,2,2
1777227443145000,5.646143e-09,1.8626451e-08,4.0308805e-09,0.0,0.0,0.0,0,0,1,1,0,0,0,0,2,2,2,2,2,2,2,2,2,2,2,2
1777227443345000,-9.778887e-09,-1.3969839e-09,3.1141099e-09,0.0,0.0,-2.9802322e-08,0,0,1,1,0,0,0,0,2,2,2,2,2,2,2,2,2,2,2,2
1777227443545000,2.2351742e-08,9.313226e-09,1.3198587e-08,0.0,0.0,-2.9802322e-08,0,0,1,1,0,0,0,0,2,2,2,2,2,2,2,2,2,2,2,2
1777227443745000,3.5972334e-08,9.313226e-09,1.1186785e-08,0.0,0.0,2.9802322e-08,0,0,1,1,0,0,0,0,2,2,2,2,2,2,2,2,2,2,2,2
1777227443945000,1.839362e-08,9.778887e-09,1.0069925e-08,0.0,0.0,-2.9802322e-08,0,0,1,1,0,0,0,0,2,2,2,2,2,2,2,2,2,2,2,2
1777227444145000,-9.284122e-09,-1.8626451e-09,-3.7252903e-09,0.0,0.0,-2.9802322e-08,0,0,1,1,0,0,0,0,2,2,2,2,2,2,2,2,2,2,2,2
1777227444345000,2.2162567e-08,8.905772e-09,5.3842086e-10,0.0,0.0,-2.9802322e-08,0,0,1,1,0,0,0,0,2,2,2,2,2,2,2,2,2,2,2,2
1777227444545000,-1.17579475e-08,1.9092113e-08,3.1723175e-08,0.0,0.0,2.9802322e-08,0,0,1,1,0,0,0,0,2,2,2,2,2,2,2,2,2,2,2,2
1777227444745000,9.546056e-09,5.3623808e-09,-1.3460522e-08,0.0,0.0,0.0,0,0,1,1,0,0,0,0,2,2,2,2,2,2,2,2,2,2,2,2
1777227444945000,6.9849193e-10,7.450581e-09,3.2116077e-08,0.0,0.0,2.9802322e-08,0,0,1,1,0,0,0,0,2,2,2,2,2,2,2,2,2,2,2,2
1777227445145000,1.8830178e-08,9.313226e-10,-1.0681106e-08,0.0,0.0,0.0,0,0,1,1,0,0,0,0,2,2,2,2,2,2,2,2,2,2,2,2
1777227445345000,-3.2712705e-08,-2.7939677e-09,1.724402e-08,0.0,0.0,-2.9802322e-08,0,0,1,1,0,0,0,0,2,2,2,2,2,2,2,2,2,2,2,2
1777227445545000,-2.142042e-08,-1.3038516e-08,1.1787051e-09,0.0,0.0,2.9802322e-08,0,0,1,1,0,0,0,0,2,2,2,2,2,2,2,2,2,2,2,2
1777227445745000,3.7718564e-08,-9.473297e-09,1.3969839e-08,0.0,0.0,0.0,0,0,1,1,0,0,0,0,2,2,2,2,2,2,2,2,2,2,2,2
1777227445945000,-1.094304e-08,-6.519258e-09,-4.270987e-09,0.0,0.0,2.9802322e-08,0,0,1,1,0,0,0,0,2,2,2,2,2,2,2,2,2,2,2,2
1777227446145000,2.0489097e-08,2.4912879e-08,1.8029823e-08,0.0,0.0,0.0,0,0,1,1,0,0,0,0,2,2,2,2,2,2,2,2,2,2,2,2
1777227446345000,2.9394869e-08,1.0244548e-08,-3.3178367e-09,0.0,0.0,-2.9802322e-08,0,0,1,1,0,0,0,0,2,2,2,2,2,2,2,2,2,2,2,2
1777227446545000,-1.1059456e-08,1.9557774e-08,1.3853423e-08,0.0,0.0,0.0,0,0,1,1,0,0,0,0,2,2,2,2,2,2,2,2,2,2,2,2
1777227446745000,6.7520887e-09,-1.4202669e-08,-2.7241185e-08,0.0,0.0,0.0,0,0,1,1,0,0,0,0,2,2,2,2,2,2,2,2,2,2,2,2
1777227446945000,2.910565e-08,-1.2572855e-08,-1.830631e-08,0.0,0.0,0.0,0,0,1,1,0,0,0,0,2,2,2,2,2,2,2,2,2,2,2,2
1777227447145000,2.7241185e-08,9.546056e-09,3.958121e-09,0.0,0.0,-5.9604645e-08,0,0,1,1,0,0,0,0,2,2,2,2,2,2,2,2,2,2,2,2
1777227447345000,-1.0244548e-08,1.3969839e-08,-2.4068868e-08,0.0,0.0,-5.9604645e-08,0,0,1,1,0,0,0,0,2,2,2,2,2,2,2,2,2,2,2,2
1777227447545000,-1.5599653e-08,-6.519258e-09,9.371433e-09,0.0,0.0,-2.9802322e-08,0,0,1,1,0,0,0,0,2,2,2,2,2,2,2,2,2,2,2,2
1777227447745000,3.0602678e-08,4.656613e-09,-1.4726538e-08,0.0,0.0,-2.9802322e-08,0,0,1,1,0,0,0,0,2,2,2,2,2,2,2,2,2,2,2,2
1777227447945000,-2.6426278e-08,-9.313226e-10,-2.2293534e-08,0.0,0.0,2.9802322e-08,0,0,1,1,0,0,0,0,2,2,2,2,2,2,2,2,2,2,2,2
1777227448145000,-1.1175871e-08,-3.8417056e-09,-4.0745363e-10,0.0,0.0,0.0,0,0,1,1,0,0,0,0,2,2,2,2,2,2,2,2,2,2,2,2
1777227448345000,-2.6775524e-09,8.789357e-09,2.3544999e-08,0.0,0.0,-2.9802322e-08,0,0,1,1,0,0,0,0,2,2,2,2,2,2,2,2,2,2,2,2
1777227448545000,1.36496965e-08,4.656613e-09,9.022187e-09,0.0,0.0,-2.9802322e-08,0,0,1,1,0,0,0,0,2,2,2,2,2,2,2,2,2,2,2,2
1777227448745000,-5.8789738e-09,-7.450581e-09,1.1714292e-08,0.0,0.0,0.0,0,0,1,1,0,0,0,0,2,2,2,2,2,2,2,2,2,2,2,2
1777227448945000,6.0535967e-09,6.519258e-09,1.915032e-08,0.0,0.0,-2.9802322e-08,0,0,1,1,0,0,0,0,2,2,2,2,2,2,2,2,2,2,2,2
1777227449145000,2.6222551e-08,0.0,-1.9441359e-08,0.0,0.0,-2.9802322e-08,0,0,1,1,0,0,0,0,2,2,2,2,2,2,2,2,2,2,2,2
1777227449345000,1.14087015e-08,-1.5366822e-08,7.887138e-09,0.0,0.0,0.0,0,0,1,1,0,0,0,0,2,2,2,2,2,2,2,2,2,2,2,2
1777227449545000,-4.656613e-08,-3.7252903e-09,2.910383e-10,0.0,0.0,-2.9802322e-08,0,0,1,1,0,0,0,0,2,2,2,2,2,2,2,2,2,2,2,2
1777227449745000,1.0826625e-08,-2.3283064e-09,-2.1158485e-08,0.0,0.0,-2.9802322e-08,0,0,1,1,0,0,0,0,2,2,2,2,2,2,2,2,2,2,2,2
1777227449945000,-1.5599653e-08,-6.2864274e-09,-1.9848812e-08,0.0,0.0,0.0,0,0,1,1,0,0,0,0,2,2,2,2,2,2,2,2,2,2,2,2
1777227450145000,-1.2340024e-08,-1.0113581e-08,-5.522452e-09,0.0,0.0,-2.9802322e-08,0,0,1,1,0,0,0,0,2,2,2,2,2,2,2,2,2,2,2,2
1777227450345000,2.2584572e-08,-1.6298145e-09,6.9849193e-10,0.0,0.0,0.0,0,0,1,1,0,0,0,0,2,2,2,2,2,2,2,2,2,2,2,2
1777227450545000,2.165325e-08,-2.561137e-09,-2.0954758e-08,0.0,0.0,0.0,0,0,1,1,0,0,0,0,2,2,2,2,2,2,2,2,2,2,2,2
1777227450745000,-9.313226e-10,1.8859282e-08,8.185452e-09,0.0,0.0,-2.9802322e-08,0,0,1,1,0,0,0,0,2,2,2,2,2,2,2,2,2,2,2,2
1777227450945000,-6.9849193e-09,1.4086254e-08,-3.5041012e-08,0.0,0.0,-2.9802322e-08,0,0,1,1,0,0,0,0,2,2,2,2,2,2,2,2,2,2,2,2
1777227451145000,-3.5390258e-08,5.5879354e-09,1.5832484e-08,0.0,0.0,0.0,0,0,1,1,0,0,0,0,2,2,2,2,2,2,2,2,2,2,2,2
1777227451345000,-2.7939677e-09,-1.5366822e-08,-1.8626451e-09,0.0,0.0,-2.9802322e-08,0,0,1,1,0,0,0,0,2,2,2,2,2,2,2,2,2,2,2,2
1777227451545000,-7.450581e-09,-4.656613e-10,-3.7252903e-09,0.0,0.0,-2.9802322e-08,0,0,1,1,0,0,0,0,2,2,2,2,2,2,2,2,2,2,2,2
1777227451745000,8.614734e-09,-1.1641532e-09,3.7252903e-09,0.0,0.0,0.0,0,0,1,1,0,0,0,0,2,2,2,2,2,2,2,2,2,2,2,2
1777227451945000,3.608875e-08,-7.450581e-09,2.7939677e-08,0.0,0.0,0.0,0,0,1,1,0,0,0,0,2,2,2,2,2,2,2,2,2,2,2,2
1777227452145000,-4.8894435e-09,1.4872057e-08,-2.6077032e-08,0.0,0.0,0.0,0,0,1,1,0,0,0,0,2,2,2,2,2,2,2,2,2,2,2,2
1777227452345000,4.004687e-08,2.2700988e-09,-7.450581e-09,0.0,0.0,-2.9802322e-08,0,0,1,1,0,0,0,0,2,2,2,2,2,2,2,2,2,2,2,2
1777227452545000,-5.820766e-09,1.5948899e-08,9.313226e-10,0.0,0.0,-2.9802322e-08,0,0,1,1,0,0,0,0,2,2,2,2,2,2,2,2,2,2,2,2
1777227452745000,4.8894435e-08,1.816079e-08,-1.1175871e-08,0.0,0.0,-5.9604645e-08,0,0,1,1,0,0,0,0,2,2,2,2,2,2,2,2,2,2,2,2
1777227452945000,-2.6775524e-08,-1.5366822e-08,-7.450581e-09,0.0,0.0,-2.9802322e-08,0,0,1,1,0,0,0,0,2,2,2,2,2,2,2,2,2,2,2,2
1777227453145000,-2.3283064e-09,2.3283064e-09,-2.6077032e-08,0.0,0.0,-2.9802322e-08,0,0,1,1,0,0,0,0,2,2,2,2,2,2,2,2,2,2,2,2
1777227453345000,-2.6309863e-08,-5.005859e-09,0.0,0.0,0.0,-2.9802322e-08,0,0,1,1,0,0,0,0,2,2,2,2,2,2,2,2,2,2,2,2
1777227453545000,1.6763806e-08,-3.259629e-09,-1.3038516e-08,0.0,0.0,-2.9802322e-08,0,0,1,1,0,0,0,0,2,2,2,2,2,2,2,2,2,2,2,2
1777227453745000,-1.9324943e-08,-2.3283064e-09,-5.5879354e-09,0.0,0.0,-2.9802322e-08,0,0,1,1,0,0,0,0,2,2,2,2,2,2,2,2,2,2,2,2
1777227453945000,-5.2619725e-08,-4.48199e-09,-3.7252903e-09,0.0,0.0,-2.9802322e-08,0,0,1,1,0,0,0,0,2,2,2,2,2,2,2,2,2,2,2,2
1777227454145000,1.2805685e-09,1.2805685e-08,1.1641532e-08,0.0,0.0,-2.9802322e-08,0,0,1,1,0,0,0,0,2,2,2,2,2,2,2,2,2,2,2,2
1777227454345000,-9.313226e-10,-2.6077032e-08,9.313226e-09,0.0,0.0,0.0,0,0,1,1,0,0,0,0,2,2,2,2,2,2,2,2,2,2,2,2
1777227454545000,-1.3038516e-08,-1.21071935e-08,3.3527613e-08,0.0,0.0,-2.9802322e-08,0,0,1,1,0,0,0,0,2,2,2,2,2,2,2,2,2,2,2,2
1777227454745000,-3.632158e-08,2.6833732e-08,0.0,0.0,0.0,2.9802322e-08,0,0,1,1,0,0,0,0,2,2,2,2,2,2,2,2,2,2,2,2
1777227454945000,1.44355e-08,7.566996e-09,1.3038516e-08,0.0,0.0,0.0,0,0,1,1,0,0,0,0,2,2,2,2,2,2,2,2,2,2,2,2
1777227455145000,2.4447218e-09,-1.3969839e-09,6.519258e-09,0.0,0.0,2.9802322e-08,0,0,1,1,0,0,0,0,2,2,2,2,2,2,2,2,2,2,2,2
1777227455345000,4.1443855e-08,1.0011718e-08,-5.5879354e-09,0.0,0.0,-2.9802322e-08,0,0,1,1,0,0,0,0,2,2,2,2,2,2,2,2,2,2,2,2
1777227455545000,1.3038516e-08,1.2572855e-08,-1.3038516e-08,0.0,0.0,0.0,0,0,1,1,0,0,0,0,2,2,2,2,2,2,2,2,2,2,2,2
1777227455745000,2.9336661e-08,-1.8117134e-09,-4.656613e-09,0.0,0.0,0.0,0,0,1,1,0,0,0,0,2,2,2,2,2,2,2,2,2,2,2,2
1777227455945000,-5.122274e-08,-7.21775e-09,7.450581e-09,0.0,0.0,-2.9802322e-08,0,0,1,1,0,0,0,0,2,2,2,2,2,2,2,2,2,2,2,2
1777227456145000,-7.916242e-09,-1.7345883e-08,-1.8626451e-09,0.0,0.0,-2.9802322e-08,0,0,1,1,0,0,0,0,2,2,2,2,2,2,2,2,2,2,2,2
1777227456345000,4.0512532e-08,1.1641532e-08,-3.7252903e-09,0.0,0.0,0.0,0,0,1,1,0,0,0,0,2,2,2,2,2,2,2,2,2,2,2,2
1777227456545000,-7.450581e-09,1.0128133e-08,9.313226e-09,0.0,0.0,-2.9802322e-08,0,0,1,1,0,0,0,0,2,2,2,2,2,2,2,2,2,2,2,2
1777227456745000,5.3085387e-08,-4.0745363e-09,-3.7252903e-09,0.0,0.0,-2.9802322e-08,0,0,1,1,0,0,0,0,2,2,2,2,2,2,2,2,2,2,2,2
1777227456945000,-3.958121e-09,1.1874363e-08,1.8626451e-09,0.0,0.0,0.0,0,0,1,1,0,0,0,0,2,2,2,2,2,2,2,2,2,2,2,2
1777227457145000,2.2351742e-08,-1.14087015e-08,1.4901161e-08,0.0,0.0,-5.9604645e-08,0,0,1,1,0,0,0,0,2,2,2,2,2,2,2,2,2,2,2,2
1777227457345000,1.3504177e-08,-2.4680048e-08,-1.6763806e-08,0.0,0.0,-2.9802322e-08,0,0,1,1,0,0,0,0,2,2,2,2,2,2,2,2,2,2,2,2
1777227457545000,5.122274e-09,2.5727786e-08,6.519258e-09,0.0,0.0,0.0,0,0,1,1,0,0,0,0,2,2,2,2,2,2,2,2,2,2,2,2
1777227457745000,-2.514571e-08,-9.080395e-09,1.4901161e-08,0.0,0.0,0.0,0,0,1,1,0,0,0,0,2,2,2,2,2,2,2,2,2,2,2,2
1777227457945000,1.2572855e-08,1.9092113e-08,-6.0535967e-09,0.0,0.0,0.0,0,0,1,1,0,0,0,0,2,2,2,2,2,2,2,2,2,2,2,2
1777227458145000,-7.566996e-09,-2.1595042e-08,-4.307367e-09,0.0,0.0,-5.9604645e-08,0,0,1,1,0,0,0,0,2,2,2,2,2,2,2,2,2,2,2,2
1777227458345000,-9.371433e-09,3.958121e-09,8.614734e-09,0.0,0.0,-2.9802322e-08,0,0,1,1,0,0,0,0,2,2,2,2,2,2,2,2,2,2,2,2
1777227458545000,3.8184226e-08,-1.0797521e-08,-4.656613e-10,0.0,0.0,0.0,0,0,1,1,0,0,0,0,2,2,2,2,2,2,2,2,2,2,2,2
1777227458745000,9.546056e-09,7.683411e-09,2.7939677e-09,0.0,0.0,-2.9802322e-08,0,0,1,1,0,0,0,0,2,2,2,2,2,2,2,2,2,2,2,2
1777227458945000,-1.21071935e-08,-1.9557774e-08,1.2340024e-08,0.0,0.0,0.0,0,0,1,1,0,0,0,0,2,2,2,2,2,2,2,2,2,2,2,2
1777227459145000,-5.820766e-11,-1.9208528e-09,2.1536835e-08,0.0,0.0,0.0,0,0,1,1,0,0,0,0,2,2,2,2,2,2,2,2,2,2,2,2
1777227459345000,-4.2491592e-08,1.0244548e-08,2.3748726e-08,0.0,0.0,2.9802322e-08,0,0,1,1,0,0,0,0,2,2,2,2,2,2,2,2,2,2,2,2
1777227459545000,1.094304e-08,-4.1909516e-09,4.8894435e-09,0.0,0.0,-5.9604645e-08,0,0,1,1,0,0,0,0,2,2,2,2,2,2,2,2,2,2,2,2
1777227459745000,-1.3504177e-08,1.0477379e-09,-4.3655746e-09,0.0,0.0,2.9802322e-08,0,0,1,1,0,0,0,0,2,2,2,2,2,2,2,2,2,2,2,2
1777227459945000,-3.1664968e-08,-8.8475645e-09,1.1641532e-08,0.0,0.0,-2.9802322e-08,0,0,1,1,0,0,0,0,2,2,2,2,2,2,2,2,2,2,2,2
1777227460145000,-5.2386895e-09,2.712477e-08,-5.005859e-09,0.0,0.0,-2.9802322e-08,0,0,1,1,0,0,0,0,2,2,2,2,2,2,2,2,2,2,2,2
1777227460345000,4.7613867e-08,-1.6298145e-09,2.9685907e-09,0.0,0.0,0.0,0,0,1,1,0,0,0,0,2,2,2,2,2,2,2,2,2,2,2,2
1777227460545000,-1.816079e-08,3.259629e-09,1.2456439e-08,0.0,0.0,-2.9802322e-08,0,0,1,1,0,0,0,0,2,2,2,2,2,2,2,2,2,2,2,2
1777227460745000,-2.1245796e-08,-6.0535967e-09,2.4039764e-08,0.0,0.0,-2.9802322e-08,0,0,1,1,0,0,0,0,2,2,2,2,2,2,2,2,2,2,2,2
1777227460945000,3.0267984e-09,-1.8902938e-08,-2.2540917e-08,0.0,0.0,-2.9802322e-08,0,0,1,1,0,0,0,0,2,2,2,2,2,2,2,2,2,2,2,2
1777227461145000,1.2805685e-08,-3.3760443e-09,-2.6193447e-09,0.0,0.0,-2.9802322e-08,0,0,1,1,0,0,0,0,2,2,2,2,2,2,2,2,2,2,2,2
1777227461345000,-6.0535967e-09,8.8475645e-09,1.6385457e-08,0.0,0.0,0.0,0,0,1,1,0,0,0,0,2,2,2,2,2,2,2,2,2,2,2,2
1777227461545000,2.7008355e-08,1.2572855e-08,9.400537e-09,0.0,0.0,0.0,0,0,1,1,0,0,0,0,2,2,2,2,2,2,2,2,2,2,2,2
1777227461745000,9.081305e-09,1.8349965e-08,-2.5174813e-09,0.0,0.0,0.0,0,0,1,1,0,0,0,0,2,2,2,2,2,2,2,2,2,2,2,2
1777227461945000,-6.9849193e-09,-4.1909516e-09,2.9562443e-08,0.0,0.0,-5.9604645e-08,0,0,1,1,0,0,0,0,2,2,2,2,2,2,2,2,2,2,2,2
1777227462145000,-1.2456439e-08,6.9849193e-10,6.6356733e-09,0.0,0.0,0.0,0,0,1,1,0,0,0,0,2,2,2,2,2,2,2,2,2,2,2,2
1777227462345000,4.656613e-10,2.6193447e-10,1.7120328e-08,0.0,0.0,0.0,0,0,1,1,0,0,0,0,2,2,2,2,2,2,2,2,2,2,2,2
1777227462545000,1.3620593e-08,1.5832484e-08,-4.947651e-09,0.0,0.0,0.0,0,0,1,1,0,0,0,0,2,2,2,2,2,2,2,2,2,2,2,2
1777227462745000,-9.313226e-09,-1.1641532e-08,7.712515e-10,0.0,0.0,-2.9802322e-08,0,0,1,1,0,0,0,0,2,2,2,2,2,2,2,2,2,2,2,2
1777227462945000,-2.986053e-08,1.8626451e-09,1.1990778e-08,0.0,0.0,-2.9802322e-08,0,0,1,1,0,0,0,0,2,2,2,2,2,2,2,2,2,2,2,2
1777227463145000,-2.0023435e-08,1.868466e-08,9.895302e-10,0.0,0.0,0.0,0,0,1,1,0,0,0,0,2,2,2,2,2,2,2,2,2,2,2,2
1777227463345000,-4.5634806e-08,-4.656613e-10,1.6159902e-08,0.0,0.0,0.0,0,0,1,1,0,0,0,0,2,2,2,2,2,2,2,2,2,2,2,2
1777227463545000,9.778887e-09,1.4406396e-08,-1.0011718e-08,0.0,0.0,0.0,0,0,1,1,0,0,0,0,2,2,2,2,2,2,2,2,2,2,2,2
1777227463745000,-3.3760443e-09,1.2572855e-08,4.9185473e-09,0.0,0.0,0.0,0,0,1,1,0,0,0,0,2,2,2,2,2,2,2,2,2,2,2,2
1777227463945000,2.9744115e-08,1.2158125e-08,2.9511284e-08,0.0,0.0,-2.9802322e-08,0,0,1,1,0,0,0,0,2,2,2,2,2,2,2,2,2,2,2,2
1777227464145000,1.816079e-08,-2.7939677e-09,3.210971e-09,0.0,0.0,-2.9802322e-08,0,0,1,1,0,0,0,0,2,2,2,2,2,2,2,2,2,2,2,2
1777227464345000,-3.7252903e-09,-7.741619e-09,1.2601959e-08,0.0,0.0,-2.9802322e-08,0,0,1,1,0,0,0,0,2,2,2,2,2,2,2,2,2,2,2,2
1777227464545000,-1.5133992e-09,5.5879354e-09,2.6138878e-09,0.0,0.0,0.0,0,0,1,1,0,0,0,0,2,2,2,2,2,2,2,2,2,2,2,2
1777227464745000,-1.14087015e-08,1.0011718e-08,1.1059456e-08,0.0,0.0,0.0,0,0,1,1,0,0,0,0,2,2,2,2,2,2,2,2,2,2,2,2
1777227464945000,-1.5366822e-08,-2.3283064e-09,-8.600182e-09,0.0,0.0,-2.9802322e-08,0,0,1,1,0,0,0,0,2,2,2,2,2,2,2,2,2,2,2,2
1777227465145000,2.0023435e-08,-2.4680048e-08,-1.6880222e-08,0.0,0.0,-5.9604645e-08,0,0,1,1,0,0,0,0,2,2,2,2,2,2,2,2,2,2,2,2
1777227465345000,1.3562385e-08,-9.080395e-09,-1.9383151e-08,0.0,0.0,0.0,0,0,1,1,0,0,0,0,2,2,2,2,2,2,2,2,2,2,2,2
1777227465545000,2.2817403e-08,-2.0023435e-08,-2.9016519e-08,0.0,0.0,-2.9802322e-08,0,0,1,1,0,0,0,0,2,2,2,2,2,2,2,2,2,2,2,2
1777227465745000,-6.9849193e-09,4.656613e-10,-6.1118044e-10,0.0,0.0,-2.9802322e-08,0,0,1,1,0,0,0,0,2,2,2,2,2,2,2,2,2,2,2,2
1777227465945000,3.3294782e-08,1.3969839e-09,-3.0944648e-08,0.0,0.0,-2.9802322e-08,0,0,1,1,0,0,0,0,2,2,2,2,2,2,2,2,2,2,2,2
1777227466145000,1.7462298e-08,1.8626451e-09,-1.4493708e-08,0.0,0.0,-2.9802322e-08,0,0,1,1,0,0,0,0,2,2,2,2,2,2,2,2,2,2,2,2
1777227466345000,-3.7718564e-08,2.2817403e-08,-2.7474016e-08,0.0,0.0,0.0,0,0,1,1,0,0,0,0,2,2,2,2,2,2,2,2,2,2,2,2
1777227466545000,2.0023435e-08,-2.3537723e-09,-1.4493708e-08,0.0,0.0,0.0,0,0,1,1,0,0,0,0,2,2,2,2,2,2,2,2,2,2,2,2
1777227466745000,-1.7462298e-08,-1.4551915e-08,-1.3911631e-08,0.0,0.0,0.0,0,0,1,1,0,0,0,0,2,2,2,2,2,2,2,2,2,2,2,2
1777227466945000,1.7040293e-08,9.080395e-09,-4.7002686e-09,0.0,0.0,-2.9802322e-08,0,0,1,1,0,0,0,0,2,2,2,2,2,2,2,2,2,2,2,2
1777227467145000,3.608875e-09,-1.9441359e-08,-8.876668e-09,0.0,0.0,0.0,0,0,1,1,0,0,0,0,2,2,2,2,2,2,2,2,2,2,2,2
1777227467345000,1.17579475e-08,4.0745363e-08,1.0608346e-08,0.0,0.0,2.9802322e-08,0,0,1,1,0,0,0,0,2,2,2,2,2,2,2,2,2,2,2,2
1777227467545000,-1.2340024e-08,1.21071935e-08,-6.0535967e-09,0.0,0.0,0.0,0,0,1,1,0,0,0,0,2,2,2,2,2,2,2,2,2,2,2,2
1777227467745000,2.7939677e-09,-3.236346e-08,3.7252903e-09,0.0,0.0,0.0,0,0,1,1,0,0,0,0,2,2,2,2,2,2,2,2,2,2,2,2
1777227467945000,-1.3969839e-08,-1.21071935e-08,-6.4028427e-09,0.0,0.0,-2.9802322e-08,0,0,1,1,0,0,0,0,2,2,2,2,2,2,2,2,2,2,2,2
1777227468145000,-8.8475645e-09,-7.9744495e-09,3.5361154e-09,0.0,0.0,0.0,0,0,1,1,0,0,0,0,2,2,2,2,2,2,2,2,2,2,2,2
1777227468345000,-2.7590431e-08,-4.656613e-09,7.887138e-09,0.0,0.0,0.0,0,0,1,1,0,0,0,0,2,2,2,2,2,2,2,2,2,2,2,2
1777227468545000,-2.1245796e-08,-2.0954758e-09,-1.2500095e-08,0.0,0.0,0.0,0,0,1,1,0,0,0,0,2,2,2,2,2,2,2,2,2,2,2,2
1777227468745000,-3.434252e-08,-5.820766e-09,-1.4319085e-08,0.0,0.0,0.0,0,0,1,1,0,0,0,0,2,2,2,2,2,2,2,2,2,2,2,2
1777227468945000,4.2375177e-08,9.313226e-09,4.8894435e-09,0.0,0.0,-2.9802322e-08,0,0,1,1,0,0,0,0,2,2,2,2,2,2,2,2,2,2,2,2
1777227469145000,-4.5401976e-09,-1.1677912e-08,2.2118911e-09,0.0,0.0,-2.9802322e-08,0,0,1,1,0,0,0,0,2,2,2,2,2,2,2,2,2,2,2,2
1777227469345000,-1.7695129e-08,-1.21071935e-08,2.3050234e-08,0.0,0.0,0.0,0,0,1,1,0,0,0,0,2,2,2,2,2,2,2,2,2,2,2,2
1777227469545000,3.236346e-08,1.5133992e-09,6.1118044e-09,0.0,0.0,-2.9802322e-08,0,0,1,1,0,0,0,0,2,2,2,2,2,2,2,2,2,2,2,2
1777227469745000,-2.1071173e-08,2.561137e-08,1.9994332e-08,0.0,0.0,-2.9802322e-08,0,0,1,1,0,0,0,0,2,2,2,2,2,2,2,2,2,2,2,2
1777227469945000,3.1548552e-08,-5.355105e-09,1.0099029e-08,0.0,0.0,-2.9802322e-08,0,0,1,1,0,0,0,0,2,2,2,2,2,2,2,2,2,2,2,2
1777227470145000,4.2375177e-08,-6.519258e-09,-7.392373e-09,0.0,0.0,0.0,0,0,1,1,0,0,0,0,2,2,2,2,2,2,2,2,2,2,2,2
1777227470345000,2.5436748e-08,2.6775524e-09,-3.6670826e-09,0.0,0.0,0.0,0,0,1,1,0,0,0,0,2,2,2,2,2,2,2,2,2,2,2,2
1777227470545000,-3.1170202e-08,6.0535967e-09,-5.835318e-09,0.0,0.0,0.0,0,0,1,1,0,0,0,0,2,2,2,2,2,2,2,2,2,2,2,2
1777227470745000,-3.783498e-09,1.3795216e-08,2.0343577e-08,0.0,0.0,-2.9802322e-08,0,0,1,1,0,0,0,0,2,2,2,2,2,2,2,2,2,2,2,2
1777227470945000,3.562309e-08,7.450581e-09,-4.492904e-09,0.0,0.0,-2.9802322e-08,0,0,1,1,0,0,0,0,2,2,2,2,2,2,2,2,2,2,2,2
1777227471145000,2.5247573e-08,-4.656613e-10,-1.4071702e-08,0.0,0.0,-2.9802322e-08,0,0,1,1,0,0,0,0,2,2,2,2,2,2,2,2,2,2,2,2
1777227471345000,-3.0500814e-08,-1.3038516e-08,-1.0586518e-08,0.0,0.0,-2.9802322e-08,0,0,1,1,0,0,0,0,2,2,2,2,2,2,2,2,2,2,2,2
1777227471545000,-1.14087015e-08,1.3969839e-09,-8.62201e-09,0.0,0.0,-2.9802322e-08,0,0,1,1,0,0,0,0,2,2,2,2,2,2,2,2,2,2,2,2
1777227471745000,1.7229468e-08,7.21775e-09,-2.9598596e-08,0.0,0.0,0.0,0,0,1,1,0,0,0,0,2,2,2,2,2,2,2,2,2,2,2,2
1777227471945000,3.0966476e-08,1.1641532e-09,6.2573235e-09,0.0,0.0,-2.9802322e-08,0,0,1,1,0,0,0,0,2,2,2,2,2,2,2,2,2,2,2,2
1777227472145000,3.0733645e-08,-1.8626451e-09,-8.352799e-09,0.0,0.0,-2.9802322e-08,0,0,1,1,0,0,0,0,2,2,2,2,2,2,2,2,2,2,2,2
1777227472345000,1.6298145e-09,4.4237822e-09,-2.561137e-08,0.0,0.0,-2.9802322e-08,0,0,1,1,0,0,0,0,2,2,2,2,2,2,2,2,2,2,2,2
1777227472545000,8.760253e-09,-1.4901161e-08,5.675247e-09,0.0,0.0,0.0,0,0,1,1,0,0,0,0,2,2,2,2,2,2,2,2,2,2,2,2
1777227472745000,2.3981556e-08,6.519258e-09,2.3690518e-08,0.0,0.0,-2.9802322e-08,0,0,1,1,0,0,0,0,2,2,2,2,2,2,2,2,2,2,2,2
1777227472945000,1.839362e-08,7.450581e-09,1.9441359e-08,0.0,0.0,0.0,0,0,1,1,0,0,0,0,2,2,2,2,2,2,2,2,2,2,2,2
1777227473145000,7.21775e-09,-1.7229468e-08,1.2485543e-08,0.0,0.0,0.0,0,0,1,1,0,0,0,0,2,2,2,2,2,2,2,2,2,2,2,2
1777227473345000,-2.0489097e-08,4.656613e-09,8.440111e-09,0.0,0.0,0.0,0,0,1,1,0,0,0,0,2,2,2,2,2,2,2,2,2,2,2,2
1777227473545000,2.6542693e-08,-2.4447218e-09,-3.8417056e-09,0.0,0.0,-2.9802322e-08,0,0,1,1,0,0,0,0,2,2,2,2,2,2,2,2,2,2,2,2
1777227473745000,-1.3038516e-08,6.519258e-09,3.1664968e-08,0.0,0.0,-2.9802322e-08,0,0,1,1,0,0,0,0,2,2,2,2,2,2,2,2,2,2,2,2
1777227473945000,1.2805685e-08,7.450581e-09,-6.6065695e-09,0.0,0.0,0.0,0,0,1,1,0,0,0,0,2,2,2,2,2,2,2,2,2,2,2,2
1777227474145000,2.3283064e-08,-1.2805685e-09,1.1801603e-08,0.0,0.0,-5.9604645e-08,0,0,1,1,0,0,0,0,2,2,2,2,2,2,2,2,2,2,2,2
1777227474345000,-2.1187589e-08,-2.7939677e-09,7.727067e-09,0.0,0.0,2.9802322e-08,0,0,1,1,0,0,0,0,2,2,2,2,2,2,2,2,2,2,2,2
1777227474545000,2.3283064e-08,-2.7939677e-09,-6.693881e-10,0.0,0.0,-2.9802322e-08,0,0,1,1,0,0,0,0,2,2,2,2,2,2,2,2,2,2,2,2
1777227474745000,3.0267984e-09,1.14087015e-08,6.672053e-09,0.0,0.0,-2.9802322e-08,0,0,1,1,0,0,0,0,2,2,2,2,2,2,2,2,2,2,2,2
1777227474945000,1.3271347e-08,-1.8102583e-08,-1.5585101e-08,0.0,0.0,0.0,0,0,1,1,0,0,0,0,2,2,2,2,2,2,2,2,2,2,2,2
1777227475145000,-3.3294782e-08,3.259629e-09,1.6880222e-08,0.0,0.0,-2.9802322e-08,0,0,1,1,0,0,0,0,2,2,2,2,2,2,2,2,2,2,2,2
1777227475345000,2.5669578e-08,-2.3283064e-10,4.7220965e-09,0.0,0.0,-2.9802322e-08,0,0,1,1,0,0,0,0,2,2,2,2,2,2,2,2,2,2,2,2
1777227475545000,1.1874363e-08,4.1909516e-09,-3.259629e-09,0.0,0.0,2.9802322e-08,0,0,1,1,0,0,0,0,2,2,2,2,2,2,2,2,2,2,2,2
1777227475745000,-2.3748726e-08,-1.8510036e-08,1.0477379e-08,0.0,0.0,-5.9604645e-08,0,0,1,1,0,0,0,0,2,2,2,2,2,2,2,2,2,2,2,2
1777227475945000,4.1909516e-09,7.9744495e-09,-2.5727786e-08,0.0,0.0,0.0,0,0,1,1,0,0,0,0,2,2,2,2,2,2,2,2,2,2,2,2
1777227476145000,-1.17579475e-08,-2.7939677e-09,6.6356733e-09,0.0,0.0,-2.9802322e-08,0,0,1,1,0,0,0,0,2,2,2,2,2,2,2,2,2,2,2,2
1777227476345000,6.4028427e-09,6.6356733e-09,-1.9208528e-09,0.0,0.0,0.0,0,0,1,1,0,0,0,0,2,2,2,2,2,2,2,2,2,2,2,2
1777227476545000,-3.146124e-08,-2.3283064e-10,5.500624e-09,0.0,0.0,0.0,0,0,1,1,0,0,0,0,2,2,2,2,2,2,2,2,2,2,2,2
1777227476745000,5.820766e-09,1.2165401e-08,1.033186e-08,0.0,0.0,0.0,0,0,1,1,0,0,0,0,2,2,2,2,2,2,2,2,2,2,2,2
1777227476945000,-1.3969839e-08,2.2817403e-08,9.662472e-09,0.0,0.0,0.0,0,0,1,1,0,0,0,0,2,2,2,2,2,2,2,2,2,2,2,2
1777227477145000,-1.792796e-08,6.9849193e-09,1.6138074e-08,0.0,0.0,0.0,0,0,1,1,0,0,0,0,2,2,2,2,2,2,2,2,2,2,2,2
1777227477345000,1.4086254e-08,7.799827e-09,-2.1769665e-08,0.0,0.0,-2.9802322e-08,0,0,1,1,0,0,0,0,2,2,2,2,2,2,2,2,2,2,2,2
1777227477545000,-1.1641532e-10,4.656613e-09,-5.9080776e-09,0.0,0.0,0.0,0,0,1,1,0,0,0,0,2,2,2,2,2,2,2,2,2,2,2,2
1777227477745000,-2.73576e-09,1.4901161e-08,1.3969839e-09,0.0,0.0,-2.9802322e-08,0,0,1,1,0,0,0,0,2,2,2,2,2,2,2,2,2,2,2,2
1777227477945000,1.6356353e-08,1.5483238e-08,1.0913936e-08,0.0,0.0,-2.9802322e-08,0,0,1,1,0,0,0,0,2,2,2,2,2,2,2,2,2,2,2,2
1777227478145000,-1.3969839e-09,-2.2700988e-09,1.0244548e-08,0.0,0.0,-2.9802322e-08,0,0,1,1,0,0,0,0,2,2,2,2,2,2,2,2,2,2,2,2
1777227478345000,2.6542693e-08,-7.21775e-09,-5.005859e-09,0.0,0.0,0.0,0,0,1,1,0,0,0,0,2,2,2,2,2,2,2,2,2,2,2,2
1777227478545000,4.5838533e-10,-1.5599653e-08,7.566996e-09,0.0,0.0,-2.9802322e-08,0,0,1,1,0,0,0,0,2,2,2,2,2,2,2,2,2,2,2,2
1777227478745000,-1.1175871e-08,1.4551915e-08,-1.5599653e-08,0.0,0.0,-2.9802322e-08,0,0,1,1,0,0,0,0,2,2,2,2,2,2,2,2,2,2,2,2
1777227478945000,2.3283064e-09,9.313226e-10,-6.9849193e-10,0.0,0.0,0.0,0,0,1,1,0,0,0,0,2,2,2,2,2,2,2,2,2,2,2,2
1777227479145000,2.386514e-09,1.7462298e-10,7.712515e-10,0.0,0.0,0.0,0,0,1,1,0,0,0,0,2,2,2,2,2,2,2,2,2,2,2,2
1777227479345000,-8.8475645e-09,1.3169483e-09,-3.8999133e-09,0.0,0.0,-7.450581e-09,0,0,1,1,0,0,0,0,2,2,2,2,2,2,2,2,2,2,2,2
1777227479545000,4.656613e-09,3.259629e-09,6.4028427e-10,0.0,0.0,-7.450581e-09,0,0,1,1,0,0,0,0,2,2,2,2,2,2,2,2,2,2,2,2
1777227479745000,0.0026812912,-0.0017675145,-0.00035012528,0.0,0.0,-1.1641532e-10,0,0,0,1,-2,0,-2,0,2,2,2,2,2,2,2,2,2,2,2,2
1777227479945000,-0.0010908508,0.0014630896,-5.0304407e-05,0.0,0.0,-1.1641532e-10,0,0,0,1,0,-2,0,-2,2,2,2,2,2,2,2,2,2,2,2,2
1777227480145000,-4.656613e-10,5.820766e-11,-0.00019625068,0.0,0.0,-1.1641532e-10,0,0,1,1,-2,0,0,0,2,2,2,2,2,2,2,2,2,2,2,2
1777227480345000,0.0012012317,0.0010782075,-0.0008589787,0.0,0.0,-1.1641532e-10,0,0,0,1,0,-2,0,-2,2,2,2,2,2,2,2,2,2,2,2,2
1777227480545000,-1.7462298e-10,2.910383e-11,-2.910383e-11,0.0,0.0,-1.1641532e-10,0,0,1,1,0,0,0,0,2,2,2,2,2,2,2,2,2,2,2,2
1777227480745000,0.0014896474,-7.2759576e-11,-0.00049783866,0.0,0.0,-1.1641532e-10,0,0,0,1,-2,0,0,0,2,2,2,2,2,2,2,2,2,2,2,2
1777227480945000,0.001782818,-0.0008788381,-0.0002030201,0.0,0.0,-1.1641532e-10,0,0,0,1,-2,0,-2,0,2,2,2,2,2,2,2,2,2,2,2,2
1777227481145000,0.0009168852,-5.820766e-11,-5.820766e-11,0.0,0.0,-1.1641532e-10,0,0,1,1,0,0,0,0,2,2,2,2,2,2,2,2,2,2,2,2
1777227481345000,0.002115191,-0.0011286533,-0.000110715584,0.0,0.0,-1.1641532e-10,0,0,0,1,-2,0,-2,0,2,2,2,2,2,2,2,2,2,2,2,2
1777227481545000,-1.7462298e-10,0.0,0.0,0.0,0.0,-1.1641532e-10,0,0,1,1,0,0,0,0,2,2,2,2,2,2,2,2,2,2,2,2
1777227481745000,0.0008243518,0.00067365286,-0.00026722928,0.0,0.0,-1.1641532e-10,0,0,0,1,0,-2,0,-2,2,2,2,2,2,2,2,2,2,2,2,2
1777227481945000,-0.0012848029,-1.1641532e-10,-0.0005513942,0.0,0.0,-1.1641532e-10,0,0,0,1,-2,0,0,0,2,2,2,2,2,2,2,2,2,2,2,2
1777227482145000,-0.00070214266,-0.00015735149,0.00050413556,0.0,0.0,-1.1641532e-10,0,0,1,1,-2,0,-2,0,2,2,2,2,2,2,2,2,2,2,2,2
1777227482345000,-3.6471465e-06,-0.00088242325,-0.00036313932,0.0,0.0,-1.1641532e-10,0,0,1,1,-2,0,-2,0,2,2,2,2,2,2,2,2,2,2,2,2
1777227482545000,-2.0372681e-10,0.0,-2.910383e-11,0.0,0.0,-1.1641532e-10,0,0,1,1,0,0,0,0,2,2,2,2,2,2,2,2,2,2,2,2
