timestamp,accel_device_id_primary,accel_device_ids[0],accel_device_ids[1],accel_device_ids[2],accel_device_ids[3],accel_inconsistency_m_s_s[0],accel_inconsistency_m_s_s[1],accel_inconsistency_m_s_s[2],accel_inconsistency_m_s_s[3],gyro_device_id_primary,gyro_device_ids[0],gyro_device_ids[1],gyro_device_ids[2],gyro_device_ids[3],gyro_inconsistency_rad_s[0],gyro_inconsistency_rad_s[1],gyro_inconsistency_rad_s[2],gyro_inconsistency_rad_s[3],accel_healthy[0],accel_healthy[1],accel_healthy[2],accel_healthy[3],accel_priority[0],accel_priority[1],accel_priority[2],accel_priority[3],gyro_healthy[0],gyro_healthy[1],gyro_healthy[2],gyro_healthy[3],gyro_priority[0],gyro_priority[1],gyro_priority[2],gyro_priority[3]
1777227356549000,1310988,1310988,0,0,0,0.0,0.0,0.0,0.0,1310988,1310988,0,0,0,0.0,0.0,0.0,0.0,1,0,0,0,1,0,0,0,1,0,0,0,50,0,0,0
1777227356553000,1310988,1310988,0,0,0,0.0,0.0,0.0,0.0,1310988,1310988,0,0,0,0.0,0.0,0.0,0.0,1,0,0,0,1,0,0,0,1,0,0,0,50,0,0,0
1777227356749000,1310988,1310988,0,0,0,0.0,0.0,0.0,0.0,1310988,1310988,0,0,0,0.0,0.0,0.0,0.0,1,0,0,0,1,0,0,0,1,0,0,0,50,0,0,0
1777227356949000,1310988,1310988,0,0,0,0.0,0.0,0.0,0.0,1310988,1310988,0,0,0,0.0,0.0,0.0,0.0,1,0,0,0,1,0,0,0,1,0,0,0,50,0,0,0
1777227357149000,1310988,1310988,0,0,0,0.0,0.0,0.0,0.0,1310988,1310988,0,0,0,0.0,0.0,0.0,0.0,1,0,0,0,1,0,0,0,1,0,0,0,50,0,0,0
1777227357349000,1310988,1310988,0,0,0,0.0,0.0,0.0,0.0,1310988,1310988,0,0,0,0.0,0.0,0.0,0.0,1,0,0,0,1,0,0,0,1,0,0,0,50,0,0,0
1777227357549000,1310988,1310988,0,0,0,0.0,0.0,0.0,0.0,1310988,1310988,0,0,0,0.0,0.0,0.0,0.0,1,0,0,0,1,0,0,0,1,0,0,0,50,0,0,0
1777227357749000,1310988,1310988,0,0,0,0.0,0.0,0.0,0.0,1310988,1310988,0,0,0,0.0,0.0,0.0,0.0,1,0,0,0,1,0,0,0,1,0,0,0,50,0,0,0
1777227357949000,1310988,1310988,0,0,0,0.0,0.0,0.0,0.0,1310988,1310988,0,0,0,0.0,0.0,0.0,0.0,1,0,0,0,1,0,0,0,1,0,0,0,50,0,0,0
1777227358149000,1310988,1310988,0,0,0,0.0,0.0,0.0,0.0,1310988,1310988,0,0,0,0.0,0.0,0.0,0.0,1,0,0,0,1,0,0,0,1,0,0,0,50,0,0,0
1777227358349000,1310988,1310988,0,0,0,0.0,0.0,0.0,0.0,1310988,1310988,0,0,0,0.0,0.0,0.0,0.0,1,0,0,0,1,0,0,0,1,0,0,0,50,0,0,0
1777227358549000,1310988,1310988,0,0,0,0.0,0.0,0.0,0.0,1310988,1310988,0,0,0,0.0,0.0,0.0,0.0,1,0,0,0,1,0,0,0,1,0,0,0,50,0,0,0
1777227358749000,1310988,1310988,0,0,0,0.0,0.0,0.0,0.0,1310988,1310988,0,0,0,0.0,0.0,0.0,0.0,1,0,0,0,1,0,0,0,1,0,0,0,50,0,0,0
1777227358949000,1310988,1310988,0,0,0,0.0,0.0,0.0,0.0,1310988,1310988,0,0,0,0.0,0.0,0.0,0.0,1,0,0,0,1,0,0,0,1,0,0,0,50,0,0,0
1777227359149000,1310988,1310988,0,0,0,0.0,0.0,0.0,0.0,1310988,1310988,0,0,0,0.0,0.0,0.0,0.0,1,0,0,0,1,0,0,0,1,0,0,0,50,0,0,0
1777227359349000,1310988,1310988,0,0,0,0.0,0.0,0.0,0.0,1310988,1310988,0,0,0,0.0,0.0,0.0,0.0,1,0,0,0,1,0,0,0,1,0,0,0,50,0,0,0
1777227359549000,1310988,1310988,0,0,0,0.0,0.0,0.0,0.0,1310988,1310988,0,0,0,0.0,0.0,0.0,0.0,1,0,0,0,1,0,0,0,1,0,0,0,50,0,0,0
1777227359749000,1310988,1310988,0,0,0,0.0,0.0,0.0,0.0,1310988,1310988,0,0,0,0.0,0.0,0.0,0.0,1,0,0,0,1,0,0,0,1,0,0,0,50,0,0,0
1777227359949000,1310988,1310988,0,0,0,0.0,0.0,0.0,0.0,1310988,1310988,0,0,0,0.0,0.0,0.0,0.0,1,0,0,0,1,0,0,0,1,0,0,0,50,0,0,0
1777227360149000,1310988,1310988,0,0,0,0.0,0.0,0.0,0.0,1310988,1310988,0,0,0,0.0,0.0,0.0,0.0,1,0,0,0,1,0,0,0,1,0,0,0,50,0,0,0
1777227360349000,1310988,1310988,0,0,0,0.0,0.0,0.0,0.0,1310988,1310988,0,0,0,0.0,0.0,0.0,0.0,1,0,0,0,1,0,0,0,1,0,0,0,50,0,0,0
1777227360549000,1310988,1310988,0,0,0,0.0,0.0,0.0,0.0,1310988,1310988,0,0,0,0.0,0.0,0.0,0.0,1,0,0,0,1,0,0,0,1,0,0,0,50,0,0,0
1777227360749000,1310988,1310988,0,0,0,0.0,0.0,0.0,0.0,1310988,1310988,0,0,0,0.0,0.0,0.0,0.0,1,0,0,0,1,0,0,0,1,0,0,0,50,0,0,0
1777227360949000,1310988,1310988,0,0,0,0.0,0.0,0.0,0.0,1310988,1310988,0,0,0,0.0,0.0,0.0,0.0,1,0,0,0,1,0,0,0,1,0,0,0,50,0,0,0
1777227361149000,1310988,1310988,0,0,0,0.0,0.0,0.0,0.0,1310988,1310988,0,0,0,0.0,0.0,0.0,0.0,1,0,0,0,1,0,0,0,1,0,0,0,50,0,0,0
1777227361349000,1310988,1310988,0,0,0,0.0,0.0,0.0,0.0,1310988,1310988,0,0,0,0.0,0.0,0.0,0.0,1,0,0,0,1,0,0,0,1,0,0,0,50,0,0,0
1777227361549000,1310988,1310988,0,0,0,0.0,0.0,0.0,0.0,1310988,1310988,0,0,0,0.0,0.0,0.0,0.0,1,0,0,0,1,0,0,0,1,0,0,0,50,0,0,0
1777227361749000,1310988,1310988,0,0,0,0.0,0.0,0.0,0.0,1310988,1310988,0,0,0,0.0,0.0,0.0,0.0,1,0,0,0,1,0,0,0,1,0,0,0,50,0,0,0
1777227361949000,1310988,1310988,0,0,0,0.0,0.0,0.0,0.0,1310988,1310988,0,0,0,0.0,0.0,0.0,0.0,1,0,0,0,1,0,0,0,1,0,0,0,50,0,0,0
1777227362149000,1310988,1310988,0,0,0,0.0,0.0,0.0,0.0,1310988,1310988,0,0,0,0.0,0.0,0.0,0.0,1,0,0,0,1,0,0,0,1,0,0,0,50,0,0,0
1777227362349000,1310988,1310988,0,0,0,0.0,0.0,0.0,0.0,1310988,1310988,0,0,0,0.0,0.0,0.0,0.0,1,0,0,0,1,0,0,0,1,0,0,0,50,0,0,0
1777227362549000,1310988,1310988,0,0,0,0.0,0.0,0.0,0.0,1310988,1310988,0,0,0,0.0,0.0,0.0,0.0,1,0,0,0,1,0,0,0,1,0,0,0,50,0,0,0
1777227362749000,1310988,1310988,0,0,0,0.0,0.0,0.0,0.0,1310988,1310988,0,0,0,0.0,0.0,0.0,0.0,1,0,0,0,1,0,0,0,1,0,0,0,50,0,0,0
1777227362949000,1310988,1310988,0,0,0,0.0,0.0,0.0,0.0,1310988,1310988,0,0,0,0.0,0.0,0.0,0.0,1,0,0,0,1,0,0,0,1,0,0,0,50,0,0,0
1777227363149000,1310988,1310988,0,0,0,0.0,0.0,0.0,0.0,1310988,1310988,0,0,0,0.0,0.0,0.0,0.0,1,0,0,0,1,0,0,0,1,0,0,0,50,0,0,0
1777227363349000,1310988,1310988,0,0,0,0.0,0.0,0.0,0.0,1310988,1310988,0,0,0,0.0,0.0,0.0,0.0,1,0,0,0,1,0,0,0,1,0,0,0,50,0,0,0
1777227363549000,1310988,1310988,0,0,0,0.0,0.0,0.0,0.0,1310988,1310988,0,0,0,0.0,0.0,0.0,0.0,1,0,0,0,1,0,0,0,1,0,0,0,50,0,0,0
1777227363749000,1310988,1310988,0,0,0,0.0,0.0,0.0,0.0,1310988,1310988,0,0,0,0.0,0.0,0.0,0.0,1,0,0,0,1,0,0,0,1,0,0,0,50,0,0,0
1777227363949000,1310988,1310988,0,0,0,0.0,0.0,0.0,0.0,1310988,1310988,0,0,0,0.0,0.0,0.0,0.0,1,0,0,0,1,0,0,0,1,0,0,0,50,0,0,0
1777227364149000,1310988,1310988,0,0,0,0.0,0.0,0.0,0.0,1310988,1310988,0,0,0,0.0,0.0,0.0,0.0,1,0,0,0,1,0,0,0,1,0,0,0,50,0,0,0
1777227364349000,1310988,1310988,0,0,0,0.0,0.0,0.0,0.0,1310988,1310988,0,0,0,0.0,0.0,0.0,0.0,1,0,0,0,1,0,0,0,1,0,0,0,50,0,0,0
1777227364549000,1310988,1310988,0,0,0,0.0,0.0,0.0,0.0,1310988,1310988,0,0,0,0.0,0.0,0.0,0.0,1,0,0,0,1,0,0,0,1,0,0,0,50,0,0,0
1777227364749000,1310988,1310988,0,0,0,0.0,0.0,0.0,0.0,1310988,1310988,0,0,0,0.0,0.0,0.0,0.0,1,0,0,0,1,0,0,0,1,0,0,0,50,0,0,0
1777227364949000,1310988,1310988,0,0,0,0.0,0.0,0.0,0.0,1310988,1310988,0,0,0,0.0,0.0,0.0,0.0,1,0,0,0,1,0,0,0,1,0,0,0,50,0,0,0
1777227365149000,1310988,1310988,0,0,0,0.0,0.0,0.0,0.0,1310988,1310988,0,0,0,0.0,0.0,0.0,0.0,1,0,0,0,1,0,0,0,1,0,0,0,50,0,0,0
1777227365349000,1310988,1310988,0,0,0,0.0,0.0,0.0,0.0,1310988,1310988,0,0,0,0.0,0.0,0.0,0.0,1,0,0,0,1,0,0,0,1,0,0,0,50,0,0,0
1777227365549000,1310988,1310988,0,0,0,0.0,0.0,0.0,0.0,1310988,1310988,0,0,0,0.0,0.0,0.0,0.0,1,0,0,0,1,0,0,0,1,0,0,0,50,0,0,0
1777227365749000,1310988,1310988,0,0,0,0.0,0.0,0.0,0.0,1310988,1310988,0,0,0,0.0,0.0,0.0,0.0,1,0,0,0,1,0,0,0,1,0,0,0,50,0,0,0
1777227365949000,1310988,1310988,0,0,0,0.0,0.0,0.0,0.0,1310988,1310988,0,0,0,0.0,0.0,0.0,0.0,1,0,0,0,1,0,0,0,1,0,0,0,50,0,0,0
1777227366149000,1310988,1310988,0,0,0,0.0,0.0,0.0,0.0,1310988,1310988,0,0,0,0.0,0.0,0.0,0.0,1,0,0,0,1,0,0,0,1,0,0,0,50,0,0,0
1777227366349000,1310988,1310988,0,0,0,0.0,0.0,0.0,0.0,1310988,1310988,0,0,0,0.0,0.0,0.0,0.0,1,0,0,0,1,0,0,0,1,0,0,0,50,0,0,0
1777227366549000,1310988,1310988,0,0,0,0.0,0.0,0.0,0.0,1310988,1310988,0,0,0,0.0,0.0,0.0,0.0,1,0,0,0,1,0,0,0,1,0,0,0,50,0,0,0
1777227366749000,1310988,1310988,0,0,0,0.0,0.0,0.0,0.0,1310988,1310988,0,0,0,0.0,0.0,0.0,0.0,1,0,0,0,1,0,0,0,1,0,0,0,50,0,0,0
1777227366949000,1310988,1310988,0,0,0,0.0,0.0,0.0,0.0,1310988,1310988,0,0,0,0.0,0.0,0.0,0.0,1,0,0,0,1,0,0,0,1,0,0,0,50,0,0,0
1777227367149000,1310988,1310988,0,0,0,0.0,0.0,0.0,0.0,1310988,1310988,0,0,0,0.0,0.0,0.0,0.0,1,0,0,0,1,0,0,0,1,0,0,0,50,0,0,0
1777227367349000,1310988,1310988,0,0,0,0.0,0.0,0.0,0.0,1310988,1310988,0,0,0,0.0,0.0,0.0,0.0,1,0,0,0,1,0,0,0,1,0,0,0,50,0,0,0
1777227367549000,1310988,1310988,0,0,0,0.0,0.0,0.0,0.0,1310988,1310988,0,0,0,0.0,0.0,0.0,0.0,1,0,0,0,1,0,0,0,1,0,0,0,50,0,0,0
1777227367749000,1310988,1310988,0,0,0,0.0,0.0,0.0,0.0,1310988,1310988,0,0,0,0.0,0.0,0.0,0.0,1,0,0,0,1,0,0,0,1,0,0,0,50,0,0,0
1777227367949000,1310988,1310988,0,0,0,0.0,0.0,0.0,0.0,1310988,1310988,0,0,0,0.0,0.0,0.0,0.0,1,0,0,0,1,0,0,0,1,0,0,0,50,0,0,0
1777227368149000,1310988,1310988,0,0,0,0.0,0.0,0.0,0.0,1310988,1310988,0,0,0,0.0,0.0,0.0,0.0,1,0,0,0,1,0,0,0,1,0,0,0,50,0,0,0
1777227368349000,1310988,1310988,0,0,0,0.0,0.0,0.0,0.0,1310988,1310988,0,0,0,0.0,0.0,0.0,0.0,1,0,0,0,1,0,0,0,1,0,0,0,50,0,0,0
1777227368549000,1310988,1310988,0,0,0,0.0,0.0,0.0,0.0,1310988,1310988,0,0,0,0.0,0.0,0.0,0.0,1,0,0,0,1,0,0,0,1,0,0,0,50,0,0,0
1777227368749000,1310988,1310988,0,0,0,0.0,0.0,0.0,0.0,1310988,1310988,0,0,0,0.0,0.0,0.0,0.0,1,0,0,0,1,0,0,0,1,0,0,0,50,0,0,0
1777227368949000,1310988,1310988,0,0,0,0.0,0.0,0.0,0.0,1310988,1310988,0,0,0,0.0,0.0,0.0,0.0,1,0,0,0,1,0,0,0,1,0,0,0,50,0,0,0
1777227369149000,1310988,1310988,0,0,0,0.0,0.0,0.0,0.0,1310988,1310988,0,0,0,0.0,0.0,0.0,0.0,1,0,0,0,1,0,0,0,1,0,0,0,50,0,0,0
1777227369349000,1310988,1310988,0,0,0,0.0,0.0,0.0,0.0,1310988,1310988,0,0,0,0.0,0.0,0.0,0.0,1,0,0,0,1,0,0,0,1,0,0,0,50,0,0,0
1777227369549000,1310988,1310988,0,0,0,0.0,0.0,0.0,0.0,1310988,1310988,0,0,0,0.0,0.0,0.0,0.0,1,0,0,0,1,0,0,0,1,0,0,0,50,0,0,0
1777227369749000,1310988,1310988,0,0,0,0.0,0.0,0.0,0.0,1310988,1310988,0,0,0,0.0,0.0,0.0,0.0,1,0,0,0,1,0,0,0,1,0,0,0,50,0,0,0
1777227369949000,1310988,1310988,0,0,0,0.0,0.0,0.0,0.0,1310988,1310988,0,0,0,0.0,0.0,0.0,0.0,1,0,0,0,1,0,0,0,1,0,0,0,50,0,0,0
1777227370149000,1310988,1310988,0,0,0,0.0,0.0,0.0,0.0,1310988,1310988,0,0,0,0.0,0.0,0.0,0.0,1,0,0,0,1,0,0,0,1,0,0,0,50,0,0,0
1777227370349000,1310988,1310988,0,0,0,0.0,0.0,0.0,0.0,1310988,1310988,0,0,0,0.0,0.0,0.0,0.0,1,0,0,0,1,0,0,0,1,0,0,0,50,0,0,0
1777227370549000,1310988,1310988,0,0,0,0.0,0.0,0.0,0.0,1310988,1310988,0,0,0,0.0,0.0,0.0,0.0,1,0,0,0,1,0,0,0,1,0,0,0,50,0,0,0
1777227370749000,1310988,1310988,0,0,0,0.0,0.0,0.0,0.0,1310988,1310988,0,0,0,0.0,0.0,0.0,0.0,1,0,0,0,1,0,0,0,1,0,0,0,50,0,0,0
1777227370949000,1310988,1310988,0,0,0,0.0,0.0,0.0,0.0,1310988,1310988,0,0,0,0.0,0.0,0.0,0.0,1,0,0,0,1,0,0,0,1,0,0,0,50,0,0,0
1777227371149000,1310988,1310988,0,0,0,0.0,0.0,0.0,0.0,1310988,1310988,0,0,0,0.0,0.0,0.0,0.0,1,0,0,0,1,0,0,0,1,0,0,0,50,0,0,0
1777227371349000,1310988,1310988,0,0,0,0.0,0.0,0.0,0.0,1310988,1310988,0,0,0,0.0,0.0,0.0,0.0,1,0,0,0,1,0,0,0,1,0,0,0,50,0,0,0
1777227371549000,1310988,1310988,0,0,0,0.0,0.0,0.0,0.0,1310988,1310988,0,0,0,0.0,0.0,0.0,0.0,1,0,0,0,1,0,0,0,1,0,0,0,50,0,0,0
1777227371749000,1310988,1310988,0,0,0,0.0,0.0,0.0,0.0,1310988,1310988,0,0,0,0.0,0.0,0.0,0.0,1,0,0,0,1,0,0,0,1,0,0,0,50,0,0,0
1777227371949000,1310988,1310988,0,0,0,0.0,0.0,0.0,0.0,1310988,1310988,0,0,0,0.0,0.0,0.0,0.0,1,0,0,0,1,0,0,0,1,0,0,0,50,0,0,0
1777227372149000,1310988,1310988,0,0,0,0.0,0.0,0.0,0.0,1310988,1310988,0,0,0,0.0,0.0,0.0,0.0,1,0,0,0,1,0,0,0,1,0,0,0,50,0,0,0
1777227372349000,1310988,1310988,0,0,0,0.0,0.0,0.0,0.0,1310988,1310988,0,0,0,0.0,0.0,0.0,0.0,1,0,0,0,1,0,0,0,1,0,0,0,50,0,0,0
1777227372549000,1310988,1310988,0,0,0,0.0,0.0,0.0,0.0,1310988,1310988,0,0,0,0.0,0.0,0.0,0.0,1,0,0,0,1,0,0,0,1,0,0,0,50,0,0,0
1777227372749000,1310988,1310988,0,0,0,0.0,0.0,0.0,0.0,1310988,1310988,0,0,0,0.0,0.0,0.0,0.0,1,0,0,0,1,0,0,0,1,0,0,0,50,0,0,0
1777227372949000,1310988,1310988,0,0,0,0.0,0.0,0.0,0.0,1310988,1310988,0,0,0,0.0,0.0,0.0,0.0,1,0,0,0,1,0,0,0,1,0,0,0,50,0,0,0
1777227373149000,1310988,1310988,0,0,0,0.0,0.0,0.0,0.0,1310988,1310988,0,0,0,0.0,0.0,0.0,0.0,1,0,0,0,1,0,0,0,1,0,0,0,50,0,0,0
1777227373349000,1310988,1310988,0,0,0,0.0,0.0,0.0,0.0,1310988,1310988,0,0,0,0.0,0.0,0.0,0.0,1,0,0,0,1,0,0,0,1,0,0,0,50,0,0,0
1777227373549000,1310988,1310988,0,0,0,0.0,0.0,0.0,0.0,1310988,1310988,0,0,0,0.0,0.0,0.0,0.0,1,0,0,0,1,0,0,0,1,0,0,0,50,0,0,0
1777227373749000,1310988,1310988,0,0,0,0.0,0.0,0.0,0.0,1310988,1310988,0,0,0,0.0,0.0,0.0,0.0,1,0,0,0,1,0,0,0,1,0,0,0,50,0,0,0
1777227373949000,1310988,1310988,0,0,0,0.0,0.0,0.0,0.0,1310988,1310988,0,0,0,0.0,0.0,0.0,0.0,1,0,0,0,1,0,0,0,1,0,0,0,50,0,0,0
1777227374149000,1310988,1310988,0,0,0,0.0,0.0,0.0,0.0,1310988,1310988,0,0,0,0.0,0.0,0.0,0.0,1,0,0,0,1,0,0,0,1,0,0,0,50,0,0,0
1777227374349000,1310988,1310988,0,0,0,0.0,0.0,0.0,0.0,1310988,1310988,0,0,0,0.0,0.0,0.0,0.0,1,0,0,0,1,0,0,0,1,0,0,0,50,0,0,0
1777227374549000,1310988,1310988,0,0,0,0.0,0.0,0.0,0.0,1310988,1310988,0,0,0,0.0,0.0,0.0,0.0,1,0,0,0,1,0,0,0,1,0,0,0,50,0,0,0
1777227374749000,1310988,1310988,0,0,0,0.0,0.0,0.0,0.0,1310988,1310988,0,0,0,0.0,0.0,0.0,0.0,1,0,0,0,1,0,0,0,1,0,0,0,50,0,0,0
1777227374949000,1310988,1310988,0,0,0,0.0,0.0,0.0,0.0,1310988,1310988,0,0,0,0.0,0.0,0.0,0.0,1,0,0,0,1,0,0,0,1,0,0,0,50,0,0,0
1777227375149000,1310988,1310988,0,0,0,0.0,0.0,0.0,0.0,1310988,1310988,0,0,0,0.0,0.0,0.0,0.0,1,0,0,0,1,0,0,0,1,0,0,0,50,0,0,0
1777227375349000,1310988,1310988,0,0,0,0.0,0.0,0.0,0.0,1310988,1310988,0,0,0,0.0,0.0,0.0,0.0,1,0,0,0,1,0,0,0,1,0,0,0,50,0,0,0
1777227375549000,1310988,1310988,0,0,0,0.0,0.0,0.0,0.0,1310988,1310988,0,0,0,0.0,0.0,0.0,0.0,1,0,0,0,1,0,0,0,1,0,0,0,50,0,0,0
1777227375749000,1310988,1310988,0,0,0,0.0,0.0,0.0,0.0,1310988,1310988,0,0,0,0.0,0.0,0.0,0.0,1,0,0,0,1,0,0,0,1,0,0,0,50,0,0,0
1777227375949000,1310988,1310988,0,0,0,0.0,0.0,0.0,0.0,1310988,1310988,0,0,0,0.0,0.0,0.0,0.0,1,0,0,0,1,0,0,0,1,0,0,0,50,0,0,0
1777227376149000,1310988,1310988,0,0,0,0.0,0.0,0.0,0.0,1310988,1310988,0,0,0,0.0,0.0,0.0,0.0,1,0,0,0,1,0,0,0,1,0,0,0,50,0,0,0
1777227376349000,1310988,1310988,0,0,0,0.0,0.0,0.0,0.0,1310988,1310988,0,0,0,0.0,0.0,0.0,0.0,1,0,0,0,1,0,0,0,1,0,0,0,50,0,0,0
1777227376549000,1310988,1310988,0,0,0,0.0,0.0,0.0,0.0,1310988,1310988,0,0,0,0.0,0.0,0.0,0.0,1,0,0,0,1,0,0,0,1,0,0,0,50,0,0,0
1777227376749000,1310988,1310988,0,0,0,0.0,0.0,0.0,0.0,1310988,1310988,0,0,0,0.0,0.0,0.0,0.0,1,0,0,0,1,0,0,0,1,0,0,0,50,0,0,0
1777227376949000,1310988,1310988,0,0,0,0.0,0.0,0.0,0.0,1310988,1310988,0,0,0,0.0,0.0,0.0,0.0,1,0,0,0,1,0,0,0,1,0,0,0,50,0,0,0
1777227377149000,1310988,1310988,0,0,0,0.0,0.0,0.0,0.0,1310988,1310988,0,0,0,0.0,0.0,0.0,0.0,1,0,0,0,1,0,0,0,1,0,0,0,50,0,0,0
1777227377349000,1310988,1310988,0,0,0,0.0,0.0,0.0,0.0,1310988,1310988,0,0,0,0.0,0.0,0.0,0.0,1,0,0,0,1,0,0,0,1,0,0,0,50,0,0,0
1777227377549000,1310988,1310988,0,0,0,0.0,0.0,0.0,0.0,1310988,1310988,0,0,0,0.0,0.0,0.0,0.0,1,0,0,0,1,0,0,0,1,0,0,0,50,0,0,0
1777227377749000,1310988,1310988,0,0,0,0.0,0.0,0.0,0.0,1310988,1310988,0,0,0,0.0,0.0,0.0,0.0,1,0,0,0,1,0,0,0,1,0,0,0,50,0,0,0
1777227377949000,1310988,1310988,0,0,0,0.0,0.0,0.0,0.0,1310988,1310988,0,0,0,0.0,0.0,0.0,0.0,1,0,0,0,1,0,0,0,1,0,0,0,50,0,0,0
1777227378149000,1310988,1310988,0,0,0,0.0,0.0,0.0,0.0,1310988,1310988,0,0,0,0.0,0.0,0.0,0.0,1,0,0,0,1,0,0,0,1,0,0,0,50,0,0,0
1777227378349000,1310988,1310988,0,0,0,0.0,0.0,0.0,0.0,1310988,1310988,0,0,0,0.0,0.0,0.0,0.0,1,0,0,0,1,0,0,0,1,0,0,0,50,0,0,0
1777227378549000,1310988,1310988,0,0,0,0.0,0.0,0.0,0.0,1310988,1310988,0,0,0,0.0,0.0,0.0,0.0,1,0,0,0,1,0,0,0,1,0,0,0,50,0,0,0
1777227378749000,1310988,1310988,0,0,0,0.0,0.0,0.0,0.0,1310988,1310988,0,0,0,0.0,0.0,0.0,0.0,1,0,0,0,1,0,0,0,1,0,0,0,50,0,0,0
1777227378949000,1310988,1310988,0,0,0,0.0,0.0,0.0,0.0,1310988,1310988,0,0,0,0.0,0.0,0.0,0.0,1,0,0,0,1,0,0,0,1,0,0,0,50,0,0,0
1777227379149000,1310988,1310988,0,0,0,0.0,0.0,0.0,0.0,1310988,1310988,0,0,0,0.0,0.0,0.0,0.0,1,0,0,0,1,0,0,0,1,0,0,0,50,0,0,0
1777227379349000,1310988,1310988,0,0,0,0.0,0.0,0.0,0.0,1310988,1310988,0,0,0,0.0,0.0,0.0,0.0,1,0,0,0,1,0,0,0,1,0,0,0,50,0,0,0
1777227379549000,1310988,1310988,0,0,0,0.0,0.0,0.0,0.0,1310988,1310988,0,0,0,0.0,0.0,0.0,0.0,1,0,0,0,1,0,0,0,1,0,0,0,50,0,0,0
1777227379749000,1310988,1310988,0,0,0,0.0,0.0,0.0,0.0,1310988,1310988,0,0,0,0.0,0.0,0.0,0.0,1,0,0,0,1,0,0,0,1,0,0,0,50,0,0,0
1777227379949000,1310988,1310988,0,0,0,0.0,0.0,0.0,0.0,1310988,1310988,0,0,0,0.0,0.0,0.0,0.0,1,0,0,0,1,0,0,0,1,0,0,0,50,0,0,0
1777227380149000,1310988,1310988,0,0,0,0.0,0.0,0.0,0.0,1310988,1310988,0,0,0,0.0,0.0,0.0,0.0,1,0,0,0,1,0,0,0,1,0,0,0,50,0,0,0
1777227380349000,1310988,1310988,0,0,0,0.0,0.0,0.0,0.0,1310988,1310988,0,0,0,0.0,0.0,0.0,0.0,1,0,0,0,1,0,0,0,1,0,0,0,50,0,0,0
1777227380549000,1310988,1310988,0,0,0,0.0,0.0,0.0,0.0,1310988,1310988,0,0,0,0.0,0.0,0.0,0.0,1,0,0,0,1,0,0,0,1,0,0,0,50,0,0,0
1777227380749000,1310988,1310988,0,0,0,0.0,0.0,0.0,0.0,1310988,1310988,0,0,0,0.0,0.0,0.0,0.0,1,0,0,0,1,0,0,0,1,0,0,0,50,0,0,0
1777227380949000,1310988,1310988,0,0,0,0.0,0.0,0.0,0.0,1310988,1310988,0,0,0,0.0,0.0,0.0,0.0,1,0,0,0,1,0,0,0,1,0,0,0,50,0,0,0
1777227381149000,1310988,1310988,0,0,0,0.0,0.0,0.0,0.0,1310988,1310988,0,0,0,0.0,0.0,0.0,0.0,1,0,0,0,1,0,0,0,1,0,0,0,50,0,0,0
1777227381349000,1310988,1310988,0,0,0,0.0,0.0,0.0,0.0,1310988,1310988,0,0,0,0.0,0.0,0.0,0.0,1,0,0,0,1,0,0,0,1,0,0,0,50,0,0,0
1777227381549000,1310988,1310988,0,0,0,0.0,0.0,0.0,0.0,1310988,1310988,0,0,0,0.0,0.0,0.0,0.0,1,0,0,0,1,0,0,0,1,0,0,0,50,0,0,0
1777227381749000,1310988,1310988,0,0,0,0.0,0.0,0.0,0.0,1310988,1310988,0,0,0,0.0,0.0,0.0,0.0,1,0,0,0,1,0,0,0,1,0,0,0,50,0,0,0
1777227381949000,1310988,1310988,0,0,0,0.0,0.0,0.0,0.0,1310988,1310988,0,0,0,0.0,0.0,0.0,0.0,1,0,0,0,1,0,0,0,1,0,0,0,50,0,0,0
1777227382149000,1310988,1310988,0,0,0,0.0,0.0,0.0,0.0,1310988,1310988,0,0,0,0.0,0.0,0.0,0.0,1,0,0,0,1,0,0,0,1,0,0,0,50,0,0,0
1777227382349000,1310988,1310988,0,0,0,0.0,0.0,0.0,0.0,1310988,1310988,0,0,0,0.0,0.0,0.0,0.0,1,0,0,0,1,0,0,0,1,0,0,0,50,0,0,0
1777227382549000,1310988,1310988,0,0,0,0.0,0.0,0.0,0.0,1310988,1310988,0,0,0,0.0,0.0,0.0,0.0,1,0,0,0,1,0,0,0,1,0,0,0,50,0,0,0
1777227382749000,1310988,1310988,0,0,0,0.0,0.0,0.0,0.0,1310988,1310988,0,0,0,0.0,0.0,0.0,0.0,1,0,0,0,1,0,0,0,1,0,0,0,50,0,0,0
1777227382949000,1310988,1310988,0,0,0,0.0,0.0,0.0,0.0,1310988,1310988,0,0,0,0.0,0.0,0.0,0.0,1,0,0,0,1,0,0,0,1,0,0,0,50,0,0,0
1777227383149000,1310988,1310988,0,0,0,0.0,0.0,0.0,0.0,1310988,1310988,0,0,0,0.0,0.0,0.0,0.0,1,0,0,0,1,0,0,0,1,0,0,0,50,0,0,0
1777227383349000,1310988,1310988,0,0,0,0.0,0.0,0.0,0.0,1310988,1310988,0,0,0,0.0,0.0,0.0,0.0,1,0,0,0,1,0,0,0,1,0,0,0,50,0,0,0
1777227383549000,1310988,1310988,0,0,0,0.0,0.0,0.0,0.0,1310988,1310988,0,0,0,0.0,0.0,0.0,0.0,1,0,0,0,1,0,0,0,1,0,0,0,50,0,0,0
1777227383749000,1310988,1310988,0,0,0,0.0,0.0,0.0,0.0,1310988,1310988,0,0,0,0.0,0.0,0.0,0.0,1,0,0,0,1,0,0,0,1,0,0,0,50,0,0,0
1777227383949000,1310988,1310988,0,0,0,0.0,0.0,0.0,0.0,1310988,1310988,0,0,0,0.0,0.0,0.0,0.0,1,0,0,0,1,0,0,0,1,0,0,0,50,0,0,0
1777227384149000,1310988,1310988,0,0,0,0.0,0.0,0.0,0.0,1310988,1310988,0,0,0,0.0,0.0,0.0,0.0,1,0,0,0,1,0,0,0,1,0,0,0,50,0,0,0
1777227384349000,1310988,1310988,0,0,0,0.0,0.0,0.0,0.0,1310988,1310988,0,0,0,0.0,0.0,0.0,0.0,1,0,0,0,1,0,0,0,1,0,0,0,50,0,0,0
1777227384549000,1310988,1310988,0,0,0,0.0,0.0,0.0,0.0,1310988,1310988,0,0,0,0.0,0.0,0.0,0.0,1,0,0,0,1,0,0,0,1,0,0,0,50,0,0,0
1777227384749000,1310988,1310988,0,0,0,0.0,0.0,0.0,0.0,1310988,1310988,0,0,0,0.0,0.0,0.0,0.0,1,0,0,0,1,0,0,0,1,0,0,0,50,0,0,0
1777227384949000,1310988,1310988,0,0,0,0.0,0.0,0.0,0.0,1310988,1310988,0,0,0,0.0,0.0,0.0,0.0,1,0,0,0,1,0,0,0,1,0,0,0,50,0,0,0
1777227385149000,1310988,1310988,0,0,0,0.0,0.0,0.0,0.0,1310988,1310988,0,0,0,0.0,0.0,0.0,0.0,1,0,0,0,1,0,0,0,1,0,0,0,50,0,0,0
1777227385349000,1310988,1310988,0,0,0,0.0,0.0,0.0,0.0,1310988,1310988,0,0,0,0.0,0.0,0.0,0.0,1,0,0,0,1,0,0,0,1,0,0,0,50,0,0,0
1777227385549000,1310988,1310988,0,0,0,0.0,0.0,0.0,0.0,1310988,1310988,0,0,0,0.0,0.0,0.0,0.0,1,0,0,0,1,0,0,0,1,0,0,0,50,0,0,0
1777227385749000,1310988,1310988,0,0,0,0.0,0.0,0.0,0.0,1310988,1310988,0,0,0,0.0,0.0,0.0,0.0,1,0,0,0,1,0,0,0,1,0,0,0,50,0,0,0
1777227385949000,1310988,1310988,0,0,0,0.0,0.0,0.0,0.0,1310988,1310988,0,0,0,0.0,0.0,0.0,0.0,1,0,0,0,1,0,0,0,1,0,0,0,50,0,0,0
1777227386149000,1310988,1310988,0,0,0,0.0,0.0,0.0,0.0,1310988,1310988,0,0,0,0.0,0.0,0.0,0.0,1,0,0,0,1,0,0,0,1,0,0,0,50,0,0,0
1777227386349000,1310988,1310988,0,0,0,0.0,0.0,0.0,0.0,1310988,1310988,0,0,0,0.0,0.0,0.0,0.0,1,0,0,0,1,0,0,0,1,0,0,0,50,0,0,0
1777227386549000,1310988,1310988,0,0,0,0.0,0.0,0.0,0.0,1310988,1310988,0,0,0,0.0,0.0,0.0,0.0,1,0,0,0,1,0,0,0,1,0,0,0,50,0,0,0
1777227386749000,1310988,1310988,0,0,0,0.0,0.0,0.0,0.0,1310988,1310988,0,0,0,0.0,0.0,0.0,0.0,1,0,0,0,1,0,0,0,1,0,0,0,50,0,0,0
1777227386949000,1310988,1310988,0,0,0,0.0,0.0,0.0,0.0,1310988,1310988,0,0,0,0.0,0.0,0.0,0.0,1,0,0,0,1,0,0,0,1,0,0,0,50,0,0,0
1777227387149000,1310988,1310988,0,0,0,0.0,0.0,0.0,0.0,1310988,1310988,0,0,0,0.0,0.0,0.0,0.0,1,0,0,0,1,0,0,0,1,0,0,0,50,0,0,0
1777227387349000,1310988,1310988,0,0,0,0.0,0.0,0.0,0.0,1310988,1310988,0,0,0,0.0,0.0,0.0,0.0,1,0,0,0,1,0,0,0,1,0,0,0,50,0,0,0
1777227387549000,1310988,1310988,0,0,0,0.0,0.0,0.0,0.0,1310988,1310988,0,0,0,0.0,0.0,0.0,0.0,1,0,0,0,1,0,0,0,1,0,0,0,50,0,0,0
1777227387749000,1310988,1310988,0,0,0,0.0,0.0,0.0,0.0,1310988,1310988,0,0,0,0.0,0.0,0.0,0.0,1,0,0,0,1,0,0,0,1,0,0,0,50,0,0,0
1777227387949000,1310988,1310988,0,0,0,0.0,0.0,0.0,0.0,1310988,1310988,0,0,0,0.0,0.0,0.0,0.0,1,0,0,0,1,0,0,0,1,0,0,0,50,0,0,0
1777227388149000,1310988,1310988,0,0,0,0.0,0.0,0.0,0.0,1310988,1310988,0,0,0,0.0,0.0,0.0,0.0,1,0,0,0,1,0,0,0,1,0,0,0,50,0,0,0
1777227388349000,1310988,1310988,0,0,0,0.0,0.0,0.0,0.0,1310988,1310988,0,0,0,0.0,0.0,0.0,0.0,1,0,0,0,1,0,0,0,1,0,0,0,50,0,0,0
1777227388549000,1310988,1310988,0,0,0,0.0,0.0,0.0,0.0,1310988,1310988,0,0,0,0.0,0.0,0.0,0.0,1,0,0,0,1,0,0,0,1,0,0,0,50,0,0,0
1777227388749000,1310988,1310988,0,0,0,0.0,0.0,0.0,0.0,1310988,1310988,0,0,0,0.0,0.0,0.0,0.0,1,0,0,0,1,0,0,0,1,0,0,0,50,0,0,0
1777227388949000,1310988,1310988,0,0,0,0.0,0.0,0.0,0.0,1310988,1310988,0,0,0,0.0,0.0,0.0,0.0,1,0,0,0,1,0,0,0,1,0,0,0,50,0,0,0
1777227389149000,1310988,1310988,0,0,0,0.0,0.0,0.0,0.0,1310988,1310988,0,0,0,0.0,0.0,0.0,0.0,1,0,0,0,1,0,0,0,1,0,0,0,50,0,0,0
1777227389349000,1310988,1310988,0,0,0,0.0,0.0,0.0,0.0,1310988,1310988,0,0,0,0.0,0.0,0.0,0.0,1,0,0,0,1,0,0,0,1,0,0,0,50,0,0,0
1777227389549000,1310988,1310988,0,0,0,0.0,0.0,0.0,0.0,1310988,1310988,0,0,0,0.0,0.0,0.0,0.0,1,0,0,0,1,0,0,0,1,0,0,0,50,0,0,0
1777227389749000,1310988,1310988,0,0,0,0.0,0.0,0.0,0.0,1310988,1310988,0,0,0,0.0,0.0,0.0,0.0,1,0,0,0,1,0,0,0,1,0,0,0,50,0,0,0
1777227389949000,1310988,1310988,0,0,0,0.0,0.0,0.0,0.0,1310988,1310988,0,0,0,0.0,0.0,0.0,0.0,1,0,0,0,1,0,0,0,1,0,0,0,50,0,0,0
1777227390149000,1310988,1310988,0,0,0,0.0,0.0,0.0,0.0,1310988,1310988,0,0,0,0.0,0.0,0.0,0.0,1,0,0,0,1,0,0,0,1,0,0,0,50,0,0,0
1777227390349000,1310988,1310988,0,0,0,0.0,0.0,0.0,0.0,1310988,1310988,0,0,0,0.0,0.0,0.0,0.0,1,0,0,0,1,0,0,0,1,0,0,0,50,0,0,0
1777227390549000,1310988,1310988,0,0,0,0.0,0.0,0.0,0.0,1310988,1310988,0,0,0,0.0,0.0,0.0,0.0,1,0,0,0,1,0,0,0,1,0,0,0,50,0,0,0
1777227390749000,1310988,1310988,0,0,0,0.0,0.0,0.0,0.0,1310988,1310988,0,0,0,0.0,0.0,0.0,0.0,1,0,0,0,1,0,0,0,1,0,0,0,50,0,0,0
1777227390949000,1310988,1310988,0,0,0,0.0,0.0,0.0,0.0,1310988,1310988,0,0,0,0.0,0.0,0.0,0.0,1,0,0,0,1,0,0,0,1,0,0,0,50,0,0,0
1777227391149000,1310988,1310988,0,0,0,0.0,0.0,0.0,0.0,1310988,1310988,0,0,0,0.0,0.0,0.0,0.0,1,0,0,0,1,0,0,0,1,0,0,0,50,0,0,0
1777227391349000,1310988,1310988,0,0,0,0.0,0.0,0.0,0.0,1310988,1310988,0,0,0,0.0,0.0,0.0,0.0,1,0,0,0,1,0,0,0,1,0,0,0,50,0,0,0
1777227391549000,1310988,1310988,0,0,0,0.0,0.0,0.0,0.0,1310988,1310988,0,0,0,0.0,0.0,0.0,0.0,1,0,0,0,1,0,0,0,1,0,0,0,50,0,0,0
1777227391749000,1310988,1310988,0,0,0,0.0,0.0,0.0,0.0,1310988,1310988,0,0,0,0.0,0.0,0.0,0.0,1,0,0,0,1,0,0,0,1,0,0,0,50,0,0,0
1777227391949000,1310988,1310988,0,0,0,0.0,0.0,0.0,0.0,1310988,1310988,0,0,0,0.0,0.0,0.0,0.0,1,0,0,0,1,0,0,0,1,0,0,0,50,0,0,0
1777227392149000,1310988,1310988,0,0,0,0.0,0.0,0.0,0.0,1310988,1310988,0,0,0,0.0,0.0,0.0,0.0,1,0,0,0,1,0,0,0,1,0,0,0,50,0,0,0
1777227392349000,1310988,1310988,0,0,0,0.0,0.0,0.0,0.0,1310988,1310988,0,0,0,0.0,0.0,0.0,0.0,1,0,0,0,1,0,0,0,1,0,0,0,50,0,0,0
1777227392549000,1310988,1310988,0,0,0,0.0,0.0,0.0,0.0,1310988,1310988,0,0,0,0.0,0.0,0.0,0.0,1,0,0,0,1,0,0,0,1,0,0,0,50,0,0,0
1777227392749000,1310988,1310988,0,0,0,0.0,0.0,0.0,0.0,1310988,1310988,0,0,0,0.0,0.0,0.0,0.0,1,0,0,0,1,0,0,0,1,0,0,0,50,0,0,0
1777227392949000,1310988,1310988,0,0,0,0.0,0.0,0.0,0.0,1310988,1310988,0,0,0,0.0,0.0,0.0,0.0,1,0,0,0,1,0,0,0,1,0,0,0,50,0,0,0
1777227393149000,1310988,1310988,0,0,0,0.0,0.0,0.0,0.0,1310988,1310988,0,0,0,0.0,0.0,0.0,0.0,1,0,0,0,1,0,0,0,1,0,0,0,50,0,0,0
1777227393349000,1310988,1310988,0,0,0,0.0,0.0,0.0,0.0,1310988,1310988,0,0,0,0.0,0.0,0.0,0.0,1,0,0,0,1,0,0,0,1,0,0,0,50,0,0,0
1777227393549000,1310988,1310988,0,0,0,0.0,0.0,0.0,0.0,1310988,1310988,0,0,0,0.0,0.0,0.0,0.0,1,0,0,0,1,0,0,0,1,0,0,0,50,0,0,0
1777227393749000,1310988,1310988,0,0,0,0.0,0.0,0.0,0.0,1310988,1310988,0,0,0,0.0,0.0,0.0,0.0,1,0,0,0,1,0,0,0,1,0,0,0,50,0,0,0
1777227393949000,1310988,1310988,0,0,0,0.0,0.0,0.0,0.0,1310988,1310988,0,0,0,0.0,0.0,0.0,0.0,1,0,0,0,1,0,0,0,1,0,0,0,50,0,0,0
1777227394149000,1310988,1310988,0,0,0,0.0,0.0,0.0,0.0,1310988,1310988,0,0,0,0.0,0.0,0.0,0.0,1,0,0,0,1,0,0,0,1,0,0,0,50,0,0,0
1777227394349000,1310988,1310988,0,0,0,0.0,0.0,0.0,0.0,1310988,1310988,0,0,0,0.0,0.0,0.0,0.0,1,0,0,0,1,0,0,0,1,0,0,0,50,0,0,0
1777227394549000,1310988,1310988,0,0,0,0.0,0.0,0.0,0.0,1310988,1310988,0,0,0,0.0,0.0,0.0,0.0,1,0,0,0,1,0,0,0,1,0,0,0,50,0,0,0
1777227394749000,1310988,1310988,0,0,0,0.0,0.0,0.0,0.0,1310988,1310988,0,0,0,0.0,0.0,0.0,0.0,1,0,0,0,1,0,0,0,1,0,0,0,50,0,0,0
1777227394949000,1310988,1310988,0,0,0,0.0,0.0,0.0,0.0,1310988,1310988,0,0,0,0.0,0.0,0.0,0.0,1,0,0,0,1,0,0,0,1,0,0,0,50,0,0,0
1777227395149000,1310988,1310988,0,0,0,0.0,0.0,0.0,0.0,1310988,1310988,0,0,0,0.0,0.0,0.0,0.0,1,0,0,0,1,0,0,0,1,0,0,0,50,0,0,0
1777227395349000,1310988,1310988,0,0,0,0.0,0.0,0.0,0.0,1310988,1310988,0,0,0,0.0,0.0,0.0,0.0,1,0,0,0,1,0,0,0,1,0,0,0,50,0,0,0
1777227395549000,1310988,1310988,0,0,0,0.0,0.0,0.0,0.0,1310988,1310988,0,0,0,0.0,0.0,0.0,0.0,1,0,0,0,1,0,0,0,1,0,0,0,50,0,0,0
1777227395749000,1310988,1310988,0,0,0,0.0,0.0,0.0,0.0,1310988,1310988,0,0,0,0.0,0.0,0.0,0.0,1,0,0,0,1,0,0,0,1,0,0,0,50,0,0,0
1777227395949000,1310988,1310988,0,0,0,0.0,0.0,0.0,0.0,1310988,1310988,0,0,0,0.0,0.0,0.0,0.0,1,0,0,0,1,0,0,0,1,0,0,0,50,0,0,0
1777227396149000,1310988,1310988,0,0,0,0.0,0.0,0.0,0.0,1310988,1310988,0,0,0,0.0,0.0,0.0,0.0,1,0,0,0,1,0,0,0,1,0,0,0,50,0,0,0
1777227396349000,1310988,1310988,0,0,0,0.0,0.0,0.0,0.0,1310988,1310988,0,0,0,0.0,0.0,0.0,0.0,1,0,0,0,1,0,0,0,1,0,0,0,50,0,0,0
1777227396549000,1310988,1310988,0,0,0,0.0,0.0,0.0,0.0,1310988,1310988,0,0,0,0.0,0.0,0.0,0.0,1,0,0,0,1,0,0,0,1,0,0,0,50,0,0,0
1777227396749000,1310988,1310988,0,0,0,0.0,0.0,0.0,0.0,1310988,1310988,0,0,0,0.0,0.0,0.0,0.0,1,0,0,0,1,0,0,0,1,0,0,0,50,0,0,0
1777227396949000,1310988,1310988,0,0,0,0.0,0.0,0.0,0.0,1310988,1310988,0,0,0,0.0,0.0,0.0,0.0,1,0,0,0,1,0,0,0,1,0,0,0,50,0,0,0
1777227397149000,1310988,1310988,0,0,0,0.0,0.0,0.0,0.0,1310988,1310988,0,0,0,0.0,0.0,0.0,0.0,1,0,0,0,1,0,0,0,1,0,0,0,50,0,0,0
1777227397349000,1310988,1310988,0,0,0,0.0,0.0,0.0,0.0,1310988,1310988,0,0,0,0.0,0.0,0.0,0.0,1,0,0,0,1,0,0,0,1,0,0,0,50,0,0,0
1777227397549000,1310988,1310988,0,0,0,0.0,0.0,0.0,0.0,1310988,1310988,0,0,0,0.0,0.0,0.0,0.0,1,0,0,0,1,0,0,0,1,0,0,0,50,0,0,0
1777227397749000,1310988,1310988,0,0,0,0.0,0.0,0.0,0.0,1310988,1310988,0,0,0,0.0,0.0,0.0,0.0,1,0,0,0,1,0,0,0,1,0,0,0,50,0,0,0
1777227397949000,1310988,1310988,0,0,0,0.0,0.0,0.0,0.0,1310988,1310988,0,0,0,0.0,0.0,0.0,0.0,1,0,0,0,1,0,0,0,1,0,0,0,50,0,0,0
1777227398149000,1310988,1310988,0,0,0,0.0,0.0,0.0,0.0,1310988,1310988,0,0,0,0.0,0.0,0.0,0.0,1,0,0,0,1,0,0,0,1,0,0,0,50,0,0,0
1777227398349000,1310988,1310988,0,0,0,0.0,0.0,0.0,0.0,1310988,1310988,0,0,0,0.0,0.0,0.0,0.0,1,0,0,0,1,0,0,0,1,0,0,0,50,0,0,0
1777227398549000,1310988,1310988,0,0,0,0.0,0.0,0.0,0.0,1310988,1310988,0,0,0,0.0,0.0,0.0,0.0,1,0,0,0,1,0,0,0,1,0,0,0,50,0,0,0
1777227398749000,1310988,1310988,0,0,0,0.0,0.0,0.0,0.0,1310988,1310988,0,0,0,0.0,0.0,0.0,0.0,1,0,0,0,1,0,0,0,1,0,0,0,50,0,0,0
1777227398949000,1310988,1310988,0,0,0,0.0,0.0,0.0,0.0,1310988,1310988,0,0,0,0.0,0.0,0.0,0.0,1,0,0,0,1,0,0,0,1,0,0,0,50,0,0,0
1777227399149000,1310988,1310988,0,0,0,0.0,0.0,0.0,0.0,1310988,1310988,0,0,0,0.0,0.0,0.0,0.0,1,0,0,0,1,0,0,0,1,0,0,0,50,0,0,0
1777227399349000,1310988,1310988,0,0,0,0.0,0.0,0.0,0.0,1310988,1310988,0,0,0,0.0,0.0,0.0,0.0,1,0,0,0,1,0,0,0,1,0,0,0,50,0,0,0
1777227399549000,1310988,1310988,0,0,0,0.0,0.0,0.0,0.0,1310988,1310988,0,0,0,0.0,0.0,0.0,0.0,1,0,0,0,1,0,0,0,1,0,0,0,50,0,0,0
1777227399749000,1310988,1310988,0,0,0,0.0,0.0,0.0,0.0,1310988,1310988,0,0,0,0.0,0.0,0.0,0.0,1,0,0,0,1,0,0,0,1,0,0,0,50,0,0,0
1777227399949000,1310988,1310988,0,0,0,0.0,0.0,0.0,0.0,1310988,1310988,0,0,0,0.0,0.0,0.0,0.0,1,0,0,0,1,0,0,0,1,0,0,0,50,0,0,0
1777227400149000,1310988,1310988,0,0,0,0.0,0.0,0.0,0.0,1310988,1310988,0,0,0,0.0,0.0,0.0,0.0,1,0,0,0,1,0,0,0,1,0,0,0,50,0,0,0
1777227400349000,1310988,1310988,0,0,0,0.0,0.0,0.0,0.0,1310988,1310988,0,0,0,0.0,0.0,0.0,0.0,1,0,0,0,1,0,0,0,1,0,0,0,50,0,0,0
1777227400549000,1310988,1310988,0,0,0,0.0,0.0,0.0,0.0,1310988,1310988,0,0,0,0.0,0.0,0.0,0.0,1,0,0,0,1,0,0,0,1,0,0,0,50,0,0,0
1777227400749000,1310988,1310988,0,0,0,0.0,0.0,0.0,0.0,1310988,1310988,0,0,0,0.0,0.0,0.0,0.0,1,0,0,0,1,0,0,0,1,0,0,0,50,0,0,0
1777227400949000,1310988,1310988,0,0,0,0.0,0.0,0.0,0.0,1310988,1310988,0,0,0,0.0,0.0,0.0,0.0,1,0,0,0,1,0,0,0,1,0,0,0,50,0,0,0
1777227401149000,1310988,1310988,0,0,0,0.0,0.0,0.0,0.0,1310988,1310988,0,0,0,0.0,0.0,0.0,0.0,1,0,0,0,1,0,0,0,1,0,0,0,50,0,0,0
1777227401349000,1310988,1310988,0,0,0,0.0,0.0,0.0,0.0,1310988,1310988,0,0,0,0.0,0.0,0.0,0.0,1,0,0,0,1,0,0,0,1,0,0,0,50,0,0,0
1777227401549000,1310988,1310988,0,0,0,0.0,0.0,0.0,0.0,1310988,1310988,0,0,0,0.0,0.0,0.0,0.0,1,0,0,0,1,0,0,0,1,0,0,0,50,0,0,0
1777227401749000,1310988,1310988,0,0,0,0.0,0.0,0.0,0.0,1310988,1310988,0,0,0,0.0,0.0,0.0,0.0,1,0,0,0,1,0,0,0,1,0,0,0,50,0,0,0
1777227401949000,1310988,1310988,0,0,0,0.0,0.0,0.0,0.0,1310988,1310988,0,0,0,0.0,0.0,0.0,0.0,1,0,0,0,1,0,0,0,1,0,0,0,50,0,0,0
1777227402149000,1310988,1310988,0,0,0,0.0,0.0,0.0,0.0,1310988,1310988,0,0,0,0.0,0.0,0.0,0.0,1,0,0,0,1,0,0,0,1,0,0,0,50,0,0,0
1777227402349000,1310988,1310988,0,0,0,0.0,0.0,0.0,0.0,1310988,1310988,0,0,0,0.0,0.0,0.0,0.0,1,0,0,0,1,0,0,0,1,0,0,0,50,0,0,0
1777227402549000,1310988,1310988,0,0,0,0.0,0.0,0.0,0.0,1310988,1310988,0,0,0,0.0,0.0,0.0,0.0,1,0,0,0,1,0,0,0,1,0,0,0,50,0,0,0
1777227402749000,1310988,1310988,0,0,0,0.0,0.0,0.0,0.0,1310988,1310988,0,0,0,0.0,0.0,0.0,0.0,1,0,0,0,1,0,0,0,1,0,0,0,50,0,0,0
1777227402949000,1310988,1310988,0,0,0,0.0,0.0,0.0,0.0,1310988,1310988,0,0,0,0.0,0.0,0.0,0.0,1,0,0,0,1,0,0,0,1,0,0,0,50,0,0,0
1777227403149000,1310988,1310988,0,0,0,0.0,0.0,0.0,0.0,1310988,1310988,0,0,0,0.0,0.0,0.0,0.0,1,0,0,0,1,0,0,0,1,0,0,0,50,0,0,0
1777227403349000,1310988,1310988,0,0,0,0.0,0.0,0.0,0.0,1310988,1310988,0,0,0,0.0,0.0,0.0,0.0,1,0,0,0,1,0,0,0,1,0,0,0,50,0,0,0
1777227403549000,1310988,1310988,0,0,0,0.0,0.0,0.0,0.0,1310988,1310988,0,0,0,0.0,0.0,0.0,0.0,1,0,0,0,1,0,0,0,1,0,0,0,50,0,0,0
1777227403749000,1310988,1310988,0,0,0,0.0,0.0,0.0,0.0,1310988,1310988,0,0,0,0.0,0.0,0.0,0.0,1,0,0,0,1,0,0,0,1,0,0,0,50,0,0,0
1777227403949000,1310988,1310988,0,0,0,0.0,0.0,0.0,0.0,1310988,1310988,0,0,0,0.0,0.0,0.0,0.0,1,0,0,0,1,0,0,0,1,0,0,0,50,0,0,0
1777227404149000,1310988,1310988,0,0,0,0.0,0.0,0.0,0.0,1310988,1310988,0,0,0,0.0,0.0,0.0,0.0,1,0,0,0,1,0,0,0,1,0,0,0,50,0,0,0
1777227404349000,1310988,1310988,0,0,0,0.0,0.0,0.0,0.0,1310988,1310988,0,0,0,0.0,0.0,0.0,0.0,1,0,0,0,1,0,0,0,1,0,0,0,50,0,0,0
1777227404549000,1310988,1310988,0,0,0,0.0,0.0,0.0,0.0,1310988,1310988,0,0,0,0.0,0.0,0.0,0.0,1,0,0,0,1,0,0,0,1,0,0,0,50,0,0,0
1777227404749000,1310988,1310988,0,0,0,0.0,0.0,0.0,0.0,1310988,1310988,0,0,0,0.0,0.0,0.0,0.0,1,0,0,0,1,0,0,0,1,0,0,0,50,0,0,0
1777227404949000,1310988,1310988,0,0,0,0.0,0.0,0.0,0.0,1310988,1310988,0,0,0,0.0,0.0,0.0,0.0,1,0,0,0,1,0,0,0,1,0,0,0,50,0,0,0
1777227405149000,1310988,1310988,0,0,0,0.0,0.0,0.0,0.0,1310988,1310988,0,0,0,0.0,0.0,0.0,0.0,1,0,0,0,1,0,0,0,1,0,0,0,50,0,0,0
1777227405349000,1310988,1310988,0,0,0,0.0,0.0,0.0,0.0,1310988,1310988,0,0,0,0.0,0.0,0.0,0.0,1,0,0,0,1,0,0,0,1,0,0,0,50,0,0,0
1777227405549000,1310988,1310988,0,0,0,0.0,0.0,0.0,0.0,1310988,1310988,0,0,0,0.0,0.0,0.0,0.0,1,0,0,0,1,0,0,0,1,0,0,0,50,0,0,0
1777227405749000,1310988,1310988,0,0,0,0.0,0.0,0.0,0.0,1310988,1310988,0,0,0,0.0,0.0,0.0,0.0,1,0,0,0,1,0,0,0,1,0,0,0,50,0,0,0
1777227405949000,1310988,1310988,0,0,0,0.0,0.0,0.0,0.0,1310988,1310988,0,0,0,0.0,0.0,0.0,0.0,1,0,0,0,1,0,0,0,1,0,0,0,50,0,0,0
1777227406149000,1310988,1310988,0,0,0,0.0,0.0,0.0,0.0,1310988,1310988,0,0,0,0.0,0.0,0.0,0.0,1,0,0,0,1,0,0,0,1,0,0,0,50,0,0,0
1777227406349000,1310988,1310988,0,0,0,0.0,0.0,0.0,0.0,1310988,1310988,0,0,0,0.0,0.0,0.0,0.0,1,0,0,0,1,0,0,0,1,0,0,0,50,0,0,0
1777227406549000,1310988,1310988,0,0,0,0.0,0.0,0.0,0.0,1310988,1310988,0,0,0,0.0,0.0,0.0,0.0,1,0,0,0,1,0,0,0,1,0,0,0,50,0,0,0
1777227406749000,1310988,1310988,0,0,0,0.0,0.0,0.0,0.0,1310988,1310988,0,0,0,0.0,0.0,0.0,0.0,1,0,0,0,1,0,0,0,1,0,0,0,50,0,0,0
1777227406949000,1310988,1310988,0,0,0,0.0,0.0,0.0,0.0,1310988,1310988,0,0,0,0.0,0.0,0.0,0.0,1,0,0,0,1,0,0,0,1,0,0,0,50,0,0,0
1777227407149000,1310988,1310988,0,0,0,0.0,0.0,0.0,0.0,1310988,1310988,0,0,0,0.0,0.0,0.0,0.0,1,0,0,0,1,0,0,0,1,0,0,0,50,0,0,0
1777227407349000,1310988,1310988,0,0,0,0.0,0.0,0.0,0.0,1310988,1310988,0,0,0,0.0,0.0,0.0,0.0,1,0,0,0,1,0,0,0,1,0,0,0,50,0,0,0
1777227407549000,1310988,1310988,0,0,0,0.0,0.0,0.0,0.0,1310988,1310988,0,0,0,0.0,0.0,0.0,0.0,1,0,0,0,1,0,0,0,1,0,0,0,50,0,0,0
1777227407749000,1310988,1310988,0,0,0,0.0,0.0,0.0,0.0,1310988,1310988,0,0,0,0.0,0.0,0.0,0.0,1,0,0,0,1,0,0,0,1,0,0,0,50,0,0,0
1777227407949000,1310988,1310988,0,0,0,0.0,0.0,0.0,0.0,1310988,1310988,0,0,0,0.0,0.0,0.0,0.0,1,0,0,0,1,0,0,0,1,0,0,0,50,0,0,0
1777227408149000,1310988,1310988,0,0,0,0.0,0.0,0.0,0.0,1310988,1310988,0,0,0,0.0,0.0,0.0,0.0,1,0,0,0,1,0,0,0,1,0,0,0,50,0,0,0
1777227408349000,1310988,1310988,0,0,0,0.0,0.0,0.0,0.0,1310988,1310988,0,0,0,0.0,0.0,0.0,0.0,1,0,0,0,1,0,0,0,1,0,0,0,50,0,0,0
1777227408549000,1310988,1310988,0,0,0,0.0,0.0,0.0,0.0,1310988,1310988,0,0,0,0.0,0.0,0.0,0.0,1,0,0,0,1,0,0,0,1,0,0,0,50,0,0,0
1777227408749000,1310988,1310988,0,0,0,0.0,0.0,0.0,0.0,1310988,1310988,0,0,0,0.0,0.0,0.0,0.0,1,0,0,0,1,0,0,0,1,0,0,0,50,0,0,0
1777227408949000,1310988,1310988,0,0,0,0.0,0.0,0.0,0.0,1310988,1310988,0,0,0,0.0,0.0,0.0,0.0,1,0,0,0,1,0,0,0,1,0,0,0,50,0,0,0
1777227409149000,1310988,1310988,0,0,0,0.0,0.0,0.0,0.0,1310988,1310988,0,0,0,0.0,0.0,0.0,0.0,1,0,0,0,1,0,0,0,1,0,0,0,50,0,0,0
1777227409349000,1310988,1310988,0,0,0,0.0,0.0,0.0,0.0,1310988,1310988,0,0,0,0.0,0.0,0.0,0.0,1,0,0,0,1,0,0,0,1,0,0,0,50,0,0,0
1777227409549000,1310988,1310988,0,0,0,0.0,0.0,0.0,0.0,1310988,1310988,0,0,0,0.0,0.0,0.0,0.0,1,0,0,0,1,0,0,0,1,0,0,0,50,0,0,0
1777227409749000,1310988,1310988,0,0,0,0.0,0.0,0.0,0.0,1310988,1310988,0,0,0,0.0,0.0,0.0,0.0,1,0,0,0,1,0,0,0,1,0,0,0,50,0,0,0
1777227409949000,1310988,1310988,0,0,0,0.0,0.0,0.0,0.0,1310988,1310988,0,0,0,0.0,0.0,0.0,0.0,1,0,0,0,1,0,0,0,1,0,0,0,50,0,0,0
1777227410149000,1310988,1310988,0,0,0,0.0,0.0,0.0,0.0,1310988,1310988,0,0,0,0.0,0.0,0.0,0.0,1,0,0,0,1,0,0,0,1,0,0,0,50,0,0,0
1777227410349000,1310988,1310988,0,0,0,0.0,0.0,0.0,0.0,1310988,1310988,0,0,0,0.0,0.0,0.0,0.0,1,0,0,0,1,0,0,0,1,0,0,0,50,0,0,0
1777227410549000,1310988,1310988,0,0,0,0.0,0.0,0.0,0.0,1310988,1310988,0,0,0,0.0,0.0,0.0,0.0,1,0,0,0,1,0,0,0,1,0,0,0,50,0,0,0
1777227410749000,1310988,1310988,0,0,0,0.0,0.0,0.0,0.0,1310988,1310988,0,0,0,0.0,0.0,0.0,0.0,1,0,0,0,1,0,0,0,1,0,0,0,50,0,0,0
1777227410949000,1310988,1310988,0,0,0,0.0,0.0,0.0,0.0,1310988,1310988,0,0,0,0.0,0.0,0.0,0.0,1,0,0,0,1,0,0,0,1,0,0,0,50,0,0,0
1777227411149000,1310988,1310988,0,0,0,0.0,0.0,0.0,0.0,1310988,1310988,0,0,0,0.0,0.0,0.0,0.0,1,0,0,0,1,0,0,0,1,0,0,0,50,0,0,0
1777227411349000,1310988,1310988,0,0,0,0.0,0.0,0.0,0.0,1310988,1310988,0,0,0,0.0,0.0,0.0,0.0,1,0,0,0,1,0,0,0,1,0,0,0,50,0,0,0
1777227411549000,1310988,1310988,0,0,0,0.0,0.0,0.0,0.0,1310988,1310988,0,0,0,0.0,0.0,0.0,0.0,1,0,0,0,1,0,0,0,1,0,0,0,50,0,0,0
1777227411749000,1310988,1310988,0,0,0,0.0,0.0,0.0,0.0,1310988,1310988,0,0,0,0.0,0.0,0.0,0.0,1,0,0,0,1,0,0,0,1,0,0,0,50,0,0,0
1777227411949000,1310988,1310988,0,0,0,0.0,0.0,0.0,0.0,1310988,1310988,0,0,0,0.0,0.0,0.0,0.0,1,0,0,0,1,0,0,0,1,0,0,0,50,0,0,0
1777227412149000,1310988,1310988,0,0,0,0.0,0.0,0.0,0.0,1310988,1310988,0,0,0,0.0,0.0,0.0,0.0,1,0,0,0,1,0,0,0,1,0,0,0,50,0,0,0
1777227412349000,1310988,1310988,0,0,0,0.0,0.0,0.0,0.0,1310988,1310988,0,0,0,0.0,0.0,0.0,0.0,1,0,0,0,1,0,0,0,1,0,0,0,50,0,0,0
1777227412549000,1310988,1310988,0,0,0,0.0,0.0,0.0,0.0,1310988,1310988,0,0,0,0.0,0.0,0.0,0.0,1,0,0,0,1,0,0,0,1,0,0,0,50,0,0,0
1777227412749000,1310988,1310988,0,0,0,0.0,0.0,0.0,0.0,1310988,1310988,0,0,0,0.0,0.0,0.0,0.0,1,0,0,0,1,0,0,0,1,0,0,0,50,0,0,0
1777227412949000,1310988,1310988,0,0,0,0.0,0.0,0.0,0.0,1310988,1310988,0,0,0,0.0,0.0,0.0,0.0,1,0,0,0,1,0,0,0,1,0,0,0,50,0,0,0
1777227413149000,1310988,1310988,0,0,0,0.0,0.0,0.0,0.0,1310988,1310988,0,0,0,0.0,0.0,0.0,0.0,1,0,0,0,1,0,0,0,1,0,0,0,50,0,0,0
1777227413349000,1310988,1310988,0,0,0,0.0,0.0,0.0,0.0,1310988,1310988,0,0,0,0.0,0.0,0.0,0.0,1,0,0,0,1,0,0,0,1,0,0,0,50,0,0,0
1777227413549000,1310988,1310988,0,0,0,0.0,0.0,0.0,0.0,1310988,1310988,0,0,0,0.0,0.0,0.0,0.0,1,0,0,0,1,0,0,0,1,0,0,0,50,0,0,0
1777227413749000,1310988,1310988,0,0,0,0.0,0.0,0.0,0.0,1310988,1310988,0,0,0,0.0,0.0,0.0,0.0,1,0,0,0,1,0,0,0,1,0,0,0,50,0,0,0
1777227413949000,1310988,1310988,0,0,0,0.0,0.0,0.0,0.0,1310988,1310988,0,0,0,0.0,0.0,0.0,0.0,1,0,0,0,1,0,0,0,1,0,0,0,50,0,0,0
1777227414149000,1310988,1310988,0,0,0,0.0,0.0,0.0,0.0,1310988,1310988,0,0,0,0.0,0.0,0.0,0.0,1,0,0,0,1,0,0,0,1,0,0,0,50,0,0,0
1777227414349000,1310988,1310988,0,0,0,0.0,0.0,0.0,0.0,1310988,1310988,0,0,0,0.0,0.0,0.0,0.0,1,0,0,0,1,0,0,0,1,0,0,0,50,0,0,0
1777227414549000,1310988,1310988,0,0,0,0.0,0.0,0.0,0.0,1310988,1310988,0,0,0,0.0,0.0,0.0,0.0,1,0,0,0,1,0,0,0,1,0,0,0,50,0,0,0
1777227414749000,1310988,1310988,0,0,0,0.0,0.0,0.0,0.0,1310988,1310988,0,0,0,0.0,0.0,0.0,0.0,1,0,0,0,1,0,0,0,1,0,0,0,50,0,0,0
1777227414949000,1310988,1310988,0,0,0,0.0,0.0,0.0,0.0,1310988,1310988,0,0,0,0.0,0.0,0.0,0.0,1,0,0,0,1,0,0,0,1,0,0,0,50,0,0,0
1777227415149000,1310988,1310988,0,0,0,0.0,0.0,0.0,0.0,1310988,1310988,0,0,0,0.0,0.0,0.0,0.0,1,0,0,0,1,0,0,0,1,0,0,0,50,0,0,0
1777227415349000,1310988,1310988,0,0,0,0.0,0.0,0.0,0.0,1310988,1310988,0,0,0,0.0,0.0,0.0,0.0,1,0,0,0,1,0,0,0,1,0,0,0,50,0,0,0
1777227415549000,1310988,1310988,0,0,0,0.0,0.0,0.0,0.0,1310988,1310988,0,0,0,0.0,0.0,0.0,0.0,1,0,0,0,1,0,0,0,1,0,0,0,50,0,0,0
1777227415749000,1310988,1310988,0,0,0,0.0,0.0,0.0,0.0,1310988,1310988,0,0,0,0.0,0.0,0.0,0.0,1,0,0,0,1,0,0,0,1,0,0,0,50,0,0,0
1777227415949000,1310988,1310988,0,0,0,0.0,0.0,0.0,0.0,1310988,1310988,0,0,0,0.0,0.0,0.0,0.0,1,0,0,0,1,0,0,0,1,0,0,0,50,0,0,0
1777227416149000,1310988,1310988,0,0,0,0.0,0.0,0.0,0.0,1310988,1310988,0,0,0,0.0,0.0,0.0,0.0,1,0,0,0,1,0,0,0,1,0,0,0,50,0,0,0
1777227416349000,1310988,1310988,0,0,0,0.0,0.0,0.0,0.0,1310988,1310988,0,0,0,0.0,0.0,0.0,0.0,1,0,0,0,1,0,0,0,1,0,0,0,50,0,0,0
1777227416549000,1310988,1310988,0,0,0,0.0,0.0,0.0,0.0,1310988,1310988,0,0,0,0.0,0.0,0.0,0.0,1,0,0,0,1,0,0,0,1,0,0,0,50,0,0,0
1777227416749000,1310988,1310988,0,0,0,0.0,0.0,0.0,0.0,1310988,1310988,0,0,0,0.0,0.0,0.0,0.0,1,0,0,0,1,0,0,0,1,0,0,0,50,0,0,0
1777227416949000,1310988,1310988,0,0,0,0.0,0.0,0.0,0.0,1310988,1310988,0,0,0,0.0,0.0,0.0,0.0,1,0,0,0,1,0,0,0,1,0,0,0,50,0,0,0
1777227417149000,1310988,1310988,0,0,0,0.0,0.0,0.0,0.0,1310988,1310988,0,0,0,0.0,0.0,0.0,0.0,1,0,0,0,1,0,0,0,1,0,0,0,50,0,0,0
1777227417349000,1310988,1310988,0,0,0,0.0,0.0,0.0,0.0,1310988,1310988,0,0,0,0.0,0.0,0.0,0.0,1,0,0,0,1,0,0,0,1,0,0,0,50,0,0,0
1777227417549000,1310988,1310988,0,0,0,0.0,0.0,0.0,0.0,1310988,1310988,0,0,0,0.0,0.0,0.0,0.0,1,0,0,0,1,0,0,0,1,0,0,0,50,0,0,0
1777227417749000,1310988,1310988,0,0,0,0.0,0.0,0.0,0.0,1310988,1310988,0,0,0,0.0,0.0,0.0,0.0,1,0,0,0,1,0,0,0,1,0,0,0,50,0,0,0
1777227417949000,1310988,1310988,0,0,0,0.0,0.0,0.0,0.0,1310988,1310988,0,0,0,0.0,0.0,0.0,0.0,1,0,0,0,1,0,0,0,1,0,0,0,50,0,0,0
1777227418149000,1310988,1310988,0,0,0,0.0,0.0,0.0,0.0,1310988,1310988,0,0,0,0.0,0.0,0.0,0.0,1,0,0,0,1,0,0,0,1,0,0,0,50,0,0,0
1777227418349000,1310988,1310988,0,0,0,0.0,0.0,0.0,0.0,1310988,1310988,0,0,0,0.0,0.0,0.0,0.0,1,0,0,0,1,0,0,0,1,0,0,0,50,0,0,0
1777227418549000,1310988,1310988,0,0,0,0.0,0.0,0.0,0.0,1310988,1310988,0,0,0,0.0,0.0,0.0,0.0,1,0,0,0,1,0,0,0,1,0,0,0,50,0,0,0
1777227418749000,1310988,1310988,0,0,0,0.0,0.0,0.0,0.0,1310988,1310988,0,0,0,0.0,0.0,0.0,0.0,1,0,0,0,1,0,0,0,1,0,0,0,50,0,0,0
1777227418949000,1310988,1310988,0,0,0,0.0,0.0,0.0,0.0,1310988,1310988,0,0,0,0.0,0.0,0.0,0.0,1,0,0,0,1,0,0,0,1,0,0,0,50,0,0,0
1777227419149000,1310988,1310988,0,0,0,0.0,0.0,0.0,0.0,1310988,1310988,0,0,0,0.0,0.0,0.0,0.0,1,0,0,0,1,0,0,0,1,0,0,0,50,0,0,0
1777227419349000,1310988,1310988,0,0,0,0.0,0.0,0.0,0.0,1310988,1310988,0,0,0,0.0,0.0,0.0,0.0,1,0,0,0,1,0,0,0,1,0,0,0,50,0,0,0
1777227419549000,1310988,1310988,0,0,0,0.0,0.0,0.0,0.0,1310988,1310988,0,0,0,0.0,0.0,0.0,0.0,1,0,0,0,1,0,0,0,1,0,0,0,50,0,0,0
1777227419749000,1310988,1310988,0,0,0,0.0,0.0,0.0,0.0,1310988,1310988,0,0,0,0.0,0.0,0.0,0.0,1,0,0,0,1,0,0,0,1,0,0,0,50,0,0,0
1777227419949000,1310988,1310988,0,0,0,0.0,0.0,0.0,0.0,1310988,1310988,0,0,0,0.0,0.0,0.0,0.0,1,0,0,0,1,0,0,0,1,0,0,0,50,0,0,0
1777227420149000,1310988,1310988,0,0,0,0.0,0.0,0.0,0.0,1310988,1310988,0,0,0,0.0,0.0,0.0,0.0,1,0,0,0,1,0,0,0,1,0,0,0,50,0,0,0
1777227420349000,1310988,1310988,0,0,0,0.0,0.0,0.0,0.0,1310988,1310988,0,0,0,0.0,0.0,0.0,0.0,1,0,0,0,1,0,0,0,1,0,0,0,50,0,0,0
1777227420549000,1310988,1310988,0,0,0,0.0,0.0,0.0,0.0,1310988,1310988,0,0,0,0.0,0.0,0.0,0.0,1,0,0,0,1,0,0,0,1,0,0,0,50,0,0,0
1777227420749000,1310988,1310988,0,0,0,0.0,0.0,0.0,0.0,1310988,1310988,0,0,0,0.0,0.0,0.0,0.0,1,0,0,0,1,0,0,0,1,0,0,0,50,0,0,0
1777227420949000,1310988,1310988,0,0,0,0.0,0.0,0.0,0.0,1310988,1310988,0,0,0,0.0,0.0,0.0,0.0,1,0,0,0,1,0,0,0,1,0,0,0,50,0,0,0
1777227421149000,1310988,1310988,0,0,0,0.0,0.0,0.0,0.0,1310988,1310988,0,0,0,0.0,0.0,0.0,0.0,1,0,0,0,1,0,0,0,1,0,0,0,50,0,0,0
1777227421349000,1310988,1310988,0,0,0,0.0,0.0,0.0,0.0,1310988,1310988,0,0,0,0.0,0.0,0.0,0.0,1,0,0,0,1,0,0,0,1,0,0,0,50,0,0,0
1777227421549000,1310988,1310988,0,0,0,0.0,0.0,0.0,0.0,1310988,1310988,0,0,0,0.0,0.0,0.0,0.0,1,0,0,0,1,0,0,0,1,0,0,0,50,0,0,0
1777227421749000,1310988,1310988,0,0,0,0.0,0.0,0.0,0.0,1310988,1310988,0,0,0,0.0,0.0,0.0,0.0,1,0,0,0,1,0,0,0,1,0,0,0,50,0,0,0
1777227421949000,1310988,1310988,0,0,0,0.0,0.0,0.0,0.0,1310988,1310988,0,0,0,0.0,0.0,0.0,0.0,1,0,0,0,1,0,0,0,1,0,0,0,50,0,0,0
1777227422149000,1310988,1310988,0,0,0,0.0,0.0,0.0,0.0,1310988,1310988,0,0,0,0.0,0.0,0.0,0.0,1,0,0,0,1,0,0,0,1,0,0,0,50,0,0,0
1777227422349000,1310988,1310988,0,0,0,0.0,0.0,0.0,0.0,1310988,1310988,0,0,0,0.0,0.0,0.0,0.0,1,0,0,0,1,0,0,0,1,0,0,0,50,0,0,0
1777227422549000,1310988,1310988,0,0,0,0.0,0.0,0.0,0.0,1310988,1310988,0,0,0,0.0,0.0,0.0,0.0,1,0,0,0,1,0,0,0,1,0,0,0,50,0,0,0
1777227422749000,1310988,1310988,0,0,0,0.0,0.0,0.0,0.0,1310988,1310988,0,0,0,0.0,0.0,0.0,0.0,1,0,0,0,1,0,0,0,1,0,0,0,50,0,0,0
1777227422949000,1310988,1310988,0,0,0,0.0,0.0,0.0,0.0,1310988,1310988,0,0,0,0.0,0.0,0.0,0.0,1,0,0,0,1,0,0,0,1,0,0,0,50,0,0,0
1777227423149000,1310988,1310988,0,0,0,0.0,0.0,0.0,0.0,1310988,1310988,0,0,0,0.0,0.0,0.0,0.0,1,0,0,0,1,0,0,0,1,0,0,0,50,0,0,0
1777227423349000,1310988,1310988,0,0,0,0.0,0.0,0.0,0.0,1310988,1310988,0,0,0,0.0,0.0,0.0,0.0,1,0,0,0,1,0,0,0,1,0,0,0,50,0,0,0
1777227423549000,1310988,1310988,0,0,0,0.0,0.0,0.0,0.0,1310988,1310988,0,0,0,0.0,0.0,0.0,0.0,1,0,0,0,1,0,0,0,1,0,0,0,50,0,0,0
1777227423749000,1310988,1310988,0,0,0,0.0,0.0,0.0,0.0,1310988,1310988,0,0,0,0.0,0.0,0.0,0.0,1,0,0,0,1,0,0,0,1,0,0,0,50,0,0,0
1777227423949000,1310988,1310988,0,0,0,0.0,0.0,0.0,0.0,1310988,1310988,0,0,0,0.0,0.0,0.0,0.0,1,0,0,0,1,0,0,0,1,0,0,0,50,0,0,0
1777227424149000,1310988,1310988,0,0,0,0.0,0.0,0.0,0.0,1310988,1310988,0,0,0,0.0,0.0,0.0,0.0,1,0,0,0,1,0,0,0,1,0,0,0,50,0,0,0
1777227424349000,1310988,1310988,0,0,0,0.0,0.0,0.0,0.0,1310988,1310988,0,0,0,0.0,0.0,0.0,0.0,1,0,0,0,1,0,0,0,1,0,0,0,50,0,0,0
1777227424549000,1310988,1310988,0,0,0,0.0,0.0,0.0,0.0,1310988,1310988,0,0,0,0.0,0.0,0.0,0.0,1,0,0,0,1,0,0,0,1,0,0,0,50,0,0,0
1777227424749000,1310988,1310988,0,0,0,0.0,0.0,0.0,0.0,1310988,1310988,0,0,0,0.0,0.0,0.0,0.0,1,0,0,0,1,0,0,0,1,0,0,0,50,0,0,0
1777227424949000,1310988,1310988,0,0,0,0.0,0.0,0.0,0.0,1310988,1310988,0,0,0,0.0,0.0,0.0,0.0,1,0,0,0,1,0,0,0,1,0,0,0,50,0,0,0
1777227425149000,1310988,1310988,0,0,0,0.0,0.0,0.0,0.0,1310988,1310988,0,0,0,0.0,0.0,0.0,0.0,1,0,0,0,1,0,0,0,1,0,0,0,50,0,0,0
1777227425349000,1310988,1310988,0,0,0,0.0,0.0,0.0,0.0,1310988,1310988,0,0,0,0.0,0.0,0.0,0.0,1,0,0,0,1,0,0,0,1,0,0,0,50,0,0,0
1777227425549000,1310988,1310988,0,0,0,0.0,0.0,0.0,0.0,1310988,1310988,0,0,0,0.0,0.0,0.0,0.0,1,0,0,0,1,0,0,0,1,0,0,0,50,0,0,0
1777227425749000,1310988,1310988,0,0,0,0.0,0.0,0.0,0.0,1310988,1310988,0,0,0,0.0,0.0,0.0,0.0,1,0,0,0,1,0,0,0,1,0,0,0,50,0,0,0
1777227425949000,1310988,1310988,0,0,0,0.0,0.0,0.0,0.0,1310988,1310988,0,0,0,0.0,0.0,0.0,0.0,1,0,0,0,1,0,0,0,1,0,0,0,50,0,0,0
1777227426149000,1310988,1310988,0,0,0,0.0,0.0,0.0,0.0,1310988,1310988,0,0,0,0.0,0.0,0.0,0.0,1,0,0,0,1,0,0,0,1,0,0,0,50,0,0,0
1777227426349000,1310988,1310988,0,0,0,0.0,0.0,0.0,0.0,1310988,1310988,0,0,0,0.0,0.0,0.0,0.0,1,0,0,0,1,0,0,0,1,0,0,0,50,0,0,0
1777227426549000,1310988,1310988,0,0,0,0.0,0.0,0.0,0.0,1310988,1310988,0,0,0,0.0,0.0,0.0,0.0,1,0,0,0,1,0,0,0,1,0,0,0,50,0,0,0
1777227426749000,1310988,1310988,0,0,0,0.0,0.0,0.0,0.0,1310988,1310988,0,0,0,0.0,0.0,0.0,0.0,1,0,0,0,1,0,0,0,1,0,0,0,50,0,0,0
1777227426949000,1310988,1310988,0,0,0,0.0,0.0,0.0,0.0,1310988,1310988,0,0,0,0.0,0.0,0.0,0.0,1,0,0,0,1,0,0,0,1,0,0,0,50,0,0,0
1777227427149000,1310988,1310988,0,0,0,0.0,0.0,0.0,0.0,1310988,1310988,0,0,0,0.0,0.0,0.0,0.0,1,0,0,0,1,0,0,0,1,0,0,0,50,0,0,0
1777227427349000,1310988,1310988,0,0,0,0.0,0.0,0.0,0.0,1310988,1310988,0,0,0,0.0,0.0,0.0,0.0,1,0,0,0,1,0,0,0,1,0,0,0,50,0,0,0
1777227427549000,1310988,1310988,0,0,0,0.0,0.0,0.0,0.0,1310988,1310988,0,0,0,0.0,0.0,0.0,0.0,1,0,0,0,1,0,0,0,1,0,0,0,50,0,0,0
1777227427749000,1310988,1310988,0,0,0,0.0,0.0,0.0,0.0,1310988,1310988,0,0,0,0.0,0.0,0.0,0.0,1,0,0,0,1,0,0,0,1,0,0,0,50,0,0,0
1777227427949000,1310988,1310988,0,0,0,0.0,0.0,0.0,0.0,1310988,1310988,0,0,0,0.0,0.0,0.0,0.0,1,0,0,0,1,0,0,0,1,0,0,0,50,0,0,0
1777227428149000,1310988,1310988,0,0,0,0.0,0.0,0.0,0.0,1310988,1310988,0,0,0,0.0,0.0,0.0,0.0,1,0,0,0,1,0,0,0,1,0,0,0,50,0,0,0
1777227428349000,1310988,1310988,0,0,0,0.0,0.0,0.0,0.0,1310988,1310988,0,0,0,0.0,0.0,0.0,0.0,1,0,0,0,1,0,0,0,1,0,0,0,50,0,0,0
1777227428549000,1310988,1310988,0,0,0,0.0,0.0,0.0,0.0,1310988,1310988,0,0,0,0.0,0.0,0.0,0.0,1,0,0,0,1,0,0,0,1,0,0,0,50,0,0,0
1777227428749000,1310988,1310988,0,0,0,0.0,0.0,0.0,0.0,1310988,1310988,0,0,0,0.0,0.0,0.0,0.0,1,0,0,0,1,0,0,0,1,0,0,0,50,0,0,0
1777227428949000,1310988,1310988,0,0,0,0.0,0.0,0.0,0.0,1310988,1310988,0,0,0,0.0,0.0,0.0,0.0,1,0,0,0,1,0,0,0,1,0,0,0,50,0,0,0
1777227429149000,1310988,1310988,0,0,0,0.0,0.0,0.0,0.0,1310988,1310988,0,0,0,0.0,0.0,0.0,0.0,1,0,0,0,1,0,0,0,1,0,0,0,50,0,0,0
1777227429349000,1310988,1310988,0,0,0,0.0,0.0,0.0,0.0,1310988,1310988,0,0,0,0.0,0.0,0.0,0.0,1,0,0,0,1,0,0,0,1,0,0,0,50,0,0,0
1777227429549000,1310988,1310988,0,0,0,0.0,0.0,0.0,0.0,1310988,1310988,0,0,0,0.0,0.0,0.0,0.0,1,0,0,0,1,0,0,0,1,0,0,0,50,0,0,0
1777227429749000,1310988,1310988,0,0,0,0.0,0.0,0.0,0.0,1310988,1310988,0,0,0,0.0,0.0,0.0,0.0,1,0,0,0,1,0,0,0,1,0,0,0,50,0,0,0
1777227429949000,1310988,1310988,0,0,0,0.0,0.0,0.0,0.0,1310988,1310988,0,0,0,0.0,0.0,0.0,0.0,1,0,0,0,1,0,0,0,1,0,0,0,50,0,0,0
1777227430149000,1310988,1310988,0,0,0,0.0,0.0,0.0,0.0,1310988,1310988,0,0,0,0.0,0.0,0.0,0.0,1,0,0,0,1,0,0,0,1,0,0,0,50,0,0,0
1777227430349000,1310988,1310988,0,0,0,0.0,0.0,0.0,0.0,1310988,1310988,0,0,0,0.0,0.0,0.0,0.0,1,0,0,0,1,0,0,0,1,0,0,0,50,0,0,0
1777227430549000,1310988,1310988,0,0,0,0.0,0.0,0.0,0.0,1310988,1310988,0,0,0,0.0,0.0,0.0,0.0,1,0,0,0,1,0,0,0,1,0,0,0,50,0,0,0
1777227430749000,1310988,1310988,0,0,0,0.0,0.0,0.0,0.0,1310988,1310988,0,0,0,0.0,0.0,0.0,0.0,1,0,0,0,1,0,0,0,1,0,0,0,50,0,0,0
1777227430949000,1310988,1310988,0,0,0,0.0,0.0,0.0,0.0,1310988,1310988,0,0,0,0.0,0.0,0.0,0.0,1,0,0,0,1,0,0,0,1,0,0,0,50,0,0,0
1777227431149000,1310988,1310988,0,0,0,0.0,0.0,0.0,0.0,1310988,1310988,0,0,0,0.0,0.0,0.0,0.0,1,0,0,0,1,0,0,0,1,0,0,0,50,0,0,0
1777227431349000,1310988,1310988,0,0,0,0.0,0.0,0.0,0.0,1310988,1310988,0,0,0,0.0,0.0,0.0,0.0,1,0,0,0,1,0,0,0,1,0,0,0,50,0,0,0
1777227431549000,1310988,1310988,0,0,0,0.0,0.0,0.0,0.0,1310988,1310988,0,0,0,0.0,0.0,0.0,0.0,1,0,0,0,1,0,0,0,1,0,0,0,50,0,0,0
1777227431749000,1310988,1310988,0,0,0,0.0,0.0,0.0,0.0,1310988,1310988,0,0,0,0.0,0.0,0.0,0.0,1,0,0,0,1,0,0,0,1,0,0,0,50,0,0,0
1777227431949000,1310988,1310988,0,0,0,0.0,0.0,0.0,0.0,1310988,1310988,0,0,0,0.0,0.0,0.0,0.0,1,0,0,0,1,0,0,0,1,0,0,0,50,0,0,0
1777227432149000,1310988,1310988,0,0,0,0.0,0.0,0.0,0.0,1310988,1310988,0,0,0,0.0,0.0,0.0,0.0,1,0,0,0,1,0,0,0,1,0,0,0,50,0,0,0
1777227432349000,1310988,1310988,0,0,0,0.0,0.0,0.0,0.0,1310988,1310988,0,0,0,0.0,0.0,0.0,0.0,1,0,0,0,1,0,0,0,1,0,0,0,50,0,0,0
1777227432549000,1310988,1310988,0,0,0,0.0,0.0,0.0,0.0,1310988,1310988,0,0,0,0.0,0.0,0.0,0.0,1,0,0,0,1,0,0,0,1,0,0,0,50,0,0,0
1777227432749000,1310988,1310988,0,0,0,0.0,0.0,0.0,0.0,1310988,1310988,0,0,0,0.0,0.0,0.0,0.0,1,0,0,0,1,0,0,0,1,0,0,0,50,0,0,0
1777227432949000,1310988,1310988,0,0,0,0.0,0.0,0.0,0.0,1310988,1310988,0,0,0,0.0,0.0,0.0,0.0,1,0,0,0,1,0,0,0,1,0,0,0,50,0,0,0
1777227433149000,1310988,1310988,0,0,0,0.0,0.0,0.0,0.0,1310988,1310988,0,0,0,0.0,0.0,0.0,0.0,1,0,0,0,1,0,0,0,1,0,0,0,50,0,0,0
1777227433349000,1310988,1310988,0,0,0,0.0,0.0,0.0,0.0,1310988,1310988,0,0,0,0.0,0.0,0.0,0.0,1,0,0,0,1,0,0,0,1,0,0,0,50,0,0,0
1777227433549000,1310988,1310988,0,0,0,0.0,0.0,0.0,0.0,1310988,1310988,0,0,0,0.0,0.0,0.0,0.0,1,0,0,0,1,0,0,0,1,0,0,0,50,0,0,0
1777227433749000,1310988,1310988,0,0,0,0.0,0.0,0.0,0.0,1310988,1310988,0,0,0,0.0,0.0,0.0,0.0,1,0,0,0,1,0,0,0,1,0,0,0,50,0,0,0
1777227433949000,1310988,1310988,0,0,0,0.0,0.0,0.0,0.0,1310988,1310988,0,0,0,0.0,0.0,0.0,0.0,1,0,0,0,1,0,0,0,1,0,0,0,50,0,0,0
1777227434149000,1310988,1310988,0,0,0,0.0,0.0,0.0,0.0,1310988,1310988,0,0,0,0.0,0.0,0.0,0.0,1,0,0,0,1,0,0,0,1,0,0,0,50,0,0,0
1777227434349000,1310988,1310988,0,0,0,0.0,0.0,0.0,0.0,1310988,1310988,0,0,0,0.0,0.0,0.0,0.0,1,0,0,0,1,0,0,0,1,0,0,0,50,0,0,0
1777227434549000,1310988,1310988,0,0,0,0.0,0.0,0.0,0.0,1310988,1310988,0,0,0,0.0,0.0,0.0,0.0,1,0,0,0,1,0,0,0,1,0,0,0,50,0,0,0
1777227434749000,1310988,1310988,0,0,0,0.0,0.0,0.0,0.0,1310988,1310988,0,0,0,0.0,0.0,0.0,0.0,1,0,0,0,1,0,0,0,1,0,0,0,50,0,0,0
1777227434949000,1310988,1310988,0,0,0,0.0,0.0,0.0,0.0,1310988,1310988,0,0,0,0.0,0.0,0.0,0.0,1,0,0,0,1,0,0,0,1,0,0,0,50,0,0,0
1777227435149000,1310988,1310988,0,0,0,0.0,0.0,0.0,0.0,1310988,1310988,0,0,0,0.0,0.0,0.0,0.0,1,0,0,0,1,0,0,0,1,0,0,0,50,0,0,0
1777227435349000,1310988,1310988,0,0,0,0.0,0.0,0.0,0.0,1310988,1310988,0,0,0,0.0,0.0,0.0,0.0,1,0,0,0,1,0,0,0,1,0,0,0,50,0,0,0
1777227435549000,1310988,1310988,0,0,0,0.0,0.0,0.0,0.0,1310988,1310988,0,0,0,0.0,0.0,0.0,0.0,1,0,0,0,1,0,0,0,1,0,0,0,50,0,0,0
1777227435749000,1310988,1310988,0,0,0,0.0,0.0,0.0,0.0,1310988,1310988,0,0,0,0.0,0.0,0.0,0.0,1,0,0,0,1,0,0,0,1,0,0,0,50,0,0,0
1777227435949000,1310988,1310988,0,0,0,0.0,0.0,0.0,0.0,1310988,1310988,0,0,0,0.0,0.0,0.0,0.0,1,0,0,0,1,0,0,0,1,0,0,0,50,0,0,0
1777227436149000,1310988,1310988,0,0,0,0.0,0.0,0.0,0.0,1310988,1310988,0,0,0,0.0,0.0,0.0,0.0,1,0,0,0,1,0,0,0,1,0,0,0,50,0,0,0
1777227436349000,1310988,1310988,0,0,0,0.0,0.0,0.0,0.0,1310988,1310988,0,0,0,0.0,0.0,0.0,0.0,1,0,0,0,1,0,0,0,1,0,0,0,50,0,0,0
1777227436549000,1310988,1310988,0,0,0,0.0,0.0,0.0,0.0,1310988,1310988,0,0,0,0.0,0.0,0.0,0.0,1,0,0,0,1,0,0,0,1,0,0,0,50,0,0,0
1777227436749000,1310988,1310988,0,0,0,0.0,0.0,0.0,0.0,1310988,1310988,0,0,0,0.0,0.0,0.0,0.0,1,0,0,0,1,0,0,0,1,0,0,0,50,0,0,0
1777227436949000,1310988,1310988,0,0,0,0.0,0.0,0.0,0.0,1310988,1310988,0,0,0,0.0,0.0,0.0,0.0,1,0,0,0,1,0,0,0,1,0,0,0,50,0,0,0
1777227437149000,1310988,1310988,0,0,0,0.0,0.0,0.0,0.0,1310988,1310988,0,0,0,0.0,0.0,0.0,0.0,1,0,0,0,1,0,0,0,1,0,0,0,50,0,0,0
1777227437349000,1310988,1310988,0,0,0,0.0,0.0,0.0,0.0,1310988,1310988,0,0,0,0.0,0.0,0.0,0.0,1,0,0,0,1,0,0,0,1,0,0,0,50,0,0,0
1777227437549000,1310988,1310988,0,0,0,0.0,0.0,0.0,0.0,1310988,1310988,0,0,0,0.0,0.0,0.0,0.0,1,0,0,0,1,0,0,0,1,0,0,0,50,0,0,0
1777227437749000,1310988,1310988,0,0,0,0.0,0.0,0.0,0.0,1310988,1310988,0,0,0,0.0,0.0,0.0,0.0,1,0,0,0,1,0,0,0,1,0,0,0,50,0,0,0
1777227437949000,1310988,1310988,0,0,0,0.0,0.0,0.0,0.0,1310988,1310988,0,0,0,0.0,0.0,0.0,0.0,1,0,0,0,1,0,0,0,1,0,0,0,50,0,0,0
1777227438149000,1310988,1310988,0,0,0,0.0,0.0,0.0,0.0,1310988,1310988,0,0,0,0.0,0.0,0.0,0.0,1,0,0,0,1,0,0,0,1,0,0,0,50,0,0,0
1777227438349000,1310988,1310988,0,0,0,0.0,0.0,0.0,0.0,1310988,1310988,0,0,0,0.0,0.0,0.0,0.0,1,0,0,0,1,0,0,0,1,0,0,0,50,0,0,0
1777227438549000,1310988,1310988,0,0,0,0.0,0.0,0.0,0.0,1310988,1310988,0,0,0,0.0,0.0,0.0,0.0,1,0,0,0,1,0,0,0,1,0,0,0,50,0,0,0
1777227438749000,1310988,1310988,0,0,0,0.0,0.0,0.0,0.0,1310988,1310988,0,0,0,0.0,0.0,0.0,0.0,1,0,0,0,1,0,0,0,1,0,0,0,50,0,0,0
1777227438949000,1310988,1310988,0,0,0,0.0,0.0,0.0,0.0,1310988,1310988,0,0,0,0.0,0.0,0.0,0.0,1,0,0,0,1,0,0,0,1,0,0,0,50,0,0,0
1777227439149000,1310988,1310988,0,0,0,0.0,0.0,0.0,0.0,1310988,1310988,0,0,0,0.0,0.0,0.0,0.0,1,0,0,0,1,0,0,0,1,0,0,0,50,0,0,0
1777227439349000,1310988,1310988,0,0,0,0.0,0.0,0.0,0.0,1310988,1310988,0,0,0,0.0,0.0,0.0,0.0,1,0,0,0,1,0,0,0,1,0,0,0,50,0,0,0
1777227439549000,1310988,1310988,0,0,0,0.0,0.0,0.0,0.0,1310988,1310988,0,0,0,0.0,0.0,0.0,0.0,1,0,0,0,1,0,0,0,1,0,0,0,50,0,0,0
1777227439749000,1310988,1310988,0,0,0,0.0,0.0,0.0,0.0,1310988,1310988,0,0,0,0.0,0.0,0.0,0.0,1,0,0,0,1,0,0,0,1,0,0,0,50,0,0,0
1777227439949000,1310988,1310988,0,0,0,0.0,0.0,0.0,0.0,1310988,1310988,0,0,0,0.0,0.0,0.0,0.0,1,0,0,0,1,0,0,0,1,0,0,0,50,0,0,0
1777227440149000,1310988,1310988,0,0,0,0.0,0.0,0.0,0.0,1310988,1310988,0,0,0,0.0,0.0,0.0,0.0,1,0,0,0,1,0,0,0,1,0,0,0,50,0,0,0
1777227440349000,1310988,1310988,0,0,0,0.0,0.0,0.0,0.0,1310988,1310988,0,0,0,0.0,0.0,0.0,0.0,1,0,0,0,1,0,0,0,1,0,0,0,50,0,0,0
1777227440549000,1310988,1310988,0,0,0,0.0,0.0,0.0,0.0,1310988,1310988,0,0,0,0.0,0.0,0.0,0.0,1,0,0,0,1,0,0,0,1,0,0,0,50,0,0,0
1777227440749000,1310988,1310988,0,0,0,0.0,0.0,0.0,0.0,1310988,1310988,0,0,0,0.0,0.0,0.0,0.0,1,0,0,0,1,0,0,0,1,0,0,0,50,0,0,0
1777227440949000,1310988,1310988,0,0,0,0.0,0.0,0.0,0.0,1310988,1310988,0,0,0,0.0,0.0,0.0,0.0,1,0,0,0,1,0,0,0,1,0,0,0,50,0,0,0
1777227441149000,1310988,1310988,0,0,0,0.0,0.0,0.0,0.0,1310988,1310988,0,0,0,0.0,0.0,0.0,0.0,1,0,0,0,1,0,0,0,1,0,0,0,50,0,0,0
1777227441349000,1310988,1310988,0,0,0,0.0,0.0,0.0,0.0,1310988,1310988,0,0,0,0.0,0.0,0.0,0.0,1,0,0,0,1,0,0,0,1,0,0,0,50,0,0,0
1777227441549000,1310988,1310988,0,0,0,0.0,0.0,0.0,0.0,1310988,1310988,0,0,0,0.0,0.0,0.0,0.0,1,0,0,0,1,0,0,0,1,0,0,0,50,0,0,0
1777227441749000,1310988,1310988,0,0,0,0.0,0.0,0.0,0.0,1310988,1310988,0,0,0,0.0,0.0,0.0,0.0,1,0,0,0,1,0,0,0,1,0,0,0,50,0,0,0
1777227441949000,1310988,1310988,0,0,0,0.0,0.0,0.0,0.0,1310988,1310988,0,0,0,0.0,0.0,0.0,0.0,1,0,0,0,1,0,0,0,1,0,0,0,50,0,0,0
1777227442149000,1310988,1310988,0,0,0,0.0,0.0,0.0,0.0,1310988,1310988,0,0,0,0.0,0.0,0.0,0.0,1,0,0,0,1,0,0,0,1,0,0,0,50,0,0,0
1777227442349000,1310988,1310988,0,0,0,0.0,0.0,0.0,0.0,1310988,1310988,0,0,0,0.0,0.0,0.0,0.0,1,0,0,0,1,0,0,0,1,0,0,0,50,0,0,0
1777227442549000,1310988,1310988,0,0,0,0.0,0.0,0.0,0.0,1310988,1310988,0,0,0,0.0,0.0,0.0,0.0,1,0,0,0,1,0,0,0,1,0,0,0,50,0,0,0
1777227442749000,1310988,1310988,0,0,0,0.0,0.0,0.0,0.0,1310988,1310988,0,0,0,0.0,0.0,0.0,0.0,1,0,0,0,1,0,0,0,1,0,0,0,50,0,0,0
1777227442949000,1310988,1310988,0,0,0,0.0,0.0,0.0,0.0,1310988,1310988,0,0,0,0.0,0.0,0.0,0.0,1,0,0,0,1,0,0,0,1,0,0,0,50,0,0,0
1777227443149000,1310988,1310988,0,0,0,0.0,0.0,0.0,0.0,1310988,1310988,0,0,0,0.0,0.0,0.0,0.0,1,0,0,0,1,0,0,0,1,0,0,0,50,0,0,0
1777227443349000,1310988,1310988,0,0,0,0.0,0.0,0.0,0.0,1310988,1310988,0,0,0,0.0,0.0,0.0,0.0,1,0,0,0,1,0,0,0,1,0,0,0,50,0,0,0
1777227443549000,1310988,1310988,0,0,0,0.0,0.0,0.0,0.0,1310988,1310988,0,0,0,0.0,0.0,0.0,0.0,1,0,0,0,1,0,0,0,1,0,0,0,50,0,0,0
1777227443749000,1310988,1310988,0,0,0,0.0,0.0,0.0,0.0,1310988,1310988,0,0,0,0.0,0.0,0.0,0.0,1,0,0,0,1,0,0,0,1,0,0,0,50,0,0,0
1777227443949000,1310988,1310988,0,0,0,0.0,0.0,0.0,0.0,1310988,1310988,0,0,0,0.0,0.0,0.0,0.0,1,0,0,0,1,0,0,0,1,0,0,0,50,0,0,0
1777227444149000,1310988,1310988,0,0,0,0.0,0.0,0.0,0.0,1310988,1310988,0,0,0,0.0,0.0,0.0,0.0,1,0,0,0,1,0,0,0,1,0,0,0,50,0,0,0
1777227444349000,1310988,1310988,0,0,0,0.0,0.0,0.0,0.0,1310988,1310988,0,0,0,0.0,0.0,0.0,0.0,1,0,0,0,1,0,0,0,1,0,0,0,50,0,0,0
1777227444549000,1310988,1310988,0,0,0,0.0,0.0,0.0,0.0,1310988,1310988,0,0,0,0.0,0.0,0.0,0.0,1,0,0,0,1,0,0,0,1,0,0,0,50,0,0,0
1777227444749000,1310988,1310988,0,0,0,0.0,0.0,0.0,0.0,1310988,1310988,0,0,0,0.0,0.0,0.0,0.0,1,0,0,0,1,0,0,0,1,0,0,0,50,0,0,0
1777227444949000,1310988,1310988,0,0,0,0.0,0.0,0.0,0.0,1310988,1310988,0,0,0,0.0,0.0,0.0,0.0,1,0,0,0,1,0,0,0,1,0,0,0,50,0,0,0
1777227445149000,1310988,1310988,0,0,0,0.0,0.0,0.0,0.0,1310988,1310988,0,0,0,0.0,0.0,0.0,0.0,1,0,0,0,1,0,0,0,1,0,0,0,50,0,0,0
1777227445349000,1310988,1310988,0,0,0,0.0,0.0,0.0,0.0,1310988,1310988,0,0,0,0.0,0.0,0.0,0.0,1,0,0,0,1,0,0,0,1,0,0,0,50,0,0,0
1777227445549000,1310988,1310988,0,0,0,0.0,0.0,0.0,0.0,1310988,1310988,0,0,0,0.0,0.0,0.0,0.0,1,0,0,0,1,0,0,0,1,0,0,0,50,0,0,0
1777227445749000,1310988,1310988,0,0,0,0.0,0.0,0.0,0.0,1310988,1310988,0,0,0,0.0,0.0,0.0,0.0,1,0,0,0,1,0,0,0,1,0,0,0,50,0,0,0
1777227445949000,1310988,1310988,0,0,0,0.0,0.0,0.0,0.0,1310988,1310988,0,0,0,0.0,0.0,0.0,0.0,1,0,0,0,1,0,0,0,1,0,0,0,50,0,0,0
1777227446149000,1310988,1310988,0,0,0,0.0,0.0,0.0,0.0,1310988,1310988,0,0,0,0.0,0.0,0.0,0.0,1,0,0,0,1,0,0,0,1,0,0,0,50,0,0,0
1777227446349000,1310988,1310988,0,0,0,0.0,0.0,0.0,0.0,1310988,1310988,0,0,0,0.0,0.0,0.0,0.0,1,0,0,0,1,0,0,0,1,0,0,0,50,0,0,0
1777227446549000,1310988,1310988,0,0,0,0.0,0.0,0.0,0.0,1310988,1310988,0,0,0,0.0,0.0,0.0,0.0,1,0,0,0,1,0,0,0,1,0,0,0,50,0,0,0
1777227446749000,1310988,1310988,0,0,0,0.0,0.0,0.0,0.0,1310988,1310988,0,0,0,0.0,0.0,0.0,0.0,1,0,0,0,1,0,0,0,1,0,0,0,50,0,0,0
1777227446949000,1310988,1310988,0,0,0,0.0,0.0,0.0,0.0,1310988,1310988,0,0,0,0.0,0.0,0.0,0.0,1,0,0,0,1,0,0,0,1,0,0,0,50,0,0,0
1777227447149000,1310988,1310988,0,0,0,0.0,0.0,0.0,0.0,1310988,1310988,0,0,0,0.0,0.0,0.0,0.0,1,0,0,0,1,0,0,0,1,0,0,0,50,0,0,0
1777227447349000,1310988,1310988,0,0,0,0.0,0.0,0.0,0.0,1310988,1310988,0,0,0,0.0,0.0,0.0,0.0,1,0,0,0,1,0,0,0,1,0,0,0,50,0,0,0
1777227447549000,1310988,1310988,0,0,0,0.0,0.0,0.0,0.0,1310988,1310988,0,0,0,0.0,0.0,0.0,0.0,1,0,0,0,1,0,0,0,1,0,0,0,50,0,0,0
1777227447749000,1310988,1310988,0,0,0,0.0,0.0,0.0,0.0,1310988,1310988,0,0,0,0.0,0.0,0.0,0.0,1,0,0,0,1,0,0,0,1,0,0,0,50,0,0,0
1777227447949000,1310988,1310988,0,0,0,0.0,0.0,0.0,0.0,1310988,1310988,0,0,0,0.0,0.0,0.0,0.0,1,0,0,0,1,0,0,0,1,0,0,0,50,0,0,0
1777227448149000,1310988,1310988,0,0,0,0.0,0.0,0.0,0.0,1310988,1310988,0,0,0,0.0,0.0,0.0,0.0,1,0,0,0,1,0,0,0,1,0,0,0,50,0,0,0
1777227448349000,1310988,1310988,0,0,0,0.0,0.0,0.0,0.0,1310988,1310988,0,0,0,0.0,0.0,0.0,0.0,1,0,0,0,1,0,0,0,1,0,0,0,50,0,0,0
1777227448549000,1310988,1310988,0,0,0,0.0,0.0,0.0,0.0,1310988,1310988,0,0,0,0.0,0.0,0.0,0.0,1,0,0,0,1,0,0,0,1,0,0,0,50,0,0,0
1777227448749000,1310988,1310988,0,0,0,0.0,0.0,0.0,0.0,1310988,1310988,0,0,0,0.0,0.0,0.0,0.0,1,0,0,0,1,0,0,0,1,0,0,0,50,0,0,0
1777227448949000,1310988,1310988,0,0,0,0.0,0.0,0.0,0.0,1310988,1310988,0,0,0,0.0,0.0,0.0,0.0,1,0,0,0,1,0,0,0,1,0,0,0,50,0,0,0
1777227449149000,1310988,1310988,0,0,0,0.0,0.0,0.0,0.0,1310988,1310988,0,0,0,0.0,0.0,0.0,0.0,1,0,0,0,1,0,0,0,1,0,0,0,50,0,0,0
1777227449349000,1310988,1310988,0,0,0,0.0,0.0,0.0,0.0,1310988,1310988,0,0,0,0.0,0.0,0.0,0.0,1,0,0,0,1,0,0,0,1,0,0,0,50,0,0,0
1777227449549000,1310988,1310988,0,0,0,0.0,0.0,0.0,0.0,1310988,1310988,0,0,0,0.0,0.0,0.0,0.0,1,0,0,0,1,0,0,0,1,0,0,0,50,0,0,0
1777227449749000,1310988,1310988,0,0,0,0.0,0.0,0.0,0.0,1310988,1310988,0,0,0,0.0,0.0,0.0,0.0,1,0,0,0,1,0,0,0,1,0,0,0,50,0,0,0
1777227449949000,1310988,1310988,0,0,0,0.0,0.0,0.0,0.0,1310988,1310988,0,0,0,0.0,0.0,0.0,0.0,1,0,0,0,1,0,0,0,1,0,0,0,50,0,0,0
1777227450149000,1310988,1310988,0,0,0,0.0,0.0,0.0,0.0,1310988,1310988,0,0,0,0.0,0.0,0.0,0.0,1,0,0,0,1,0,0,0,1,0,0,0,50,0,0,0
1777227450349000,1310988,1310988,0,0,0,0.0,0.0,0.0,0.0,1310988,1310988,0,0,0,0.0,0.0,0.0,0.0,1,0,0,0,1,0,0,0,1,0,0,0,50,0,0,0
1777227450549000,1310988,1310988,0,0,0,0.0,0.0,0.0,0.0,1310988,1310988,0,0,0,0.0,0.0,0.0,0.0,1,0,0,0,1,0,0,0,1,0,0,0,50,0,0,0
1777227450749000,1310988,1310988,0,0,0,0.0,0.0,0.0,0.0,1310988,1310988,0,0,0,0.0,0.0,0.0,0.0,1,0,0,0,1,0,0,0,1,0,0,0,50,0,0,0
1777227450949000,1310988,1310988,0,0,0,0.0,0.0,0.0,0.0,1310988,1310988,0,0,0,0.0,0.0,0.0,0.0,1,0,0,0,1,0,0,0,1,0,0,0,50,0,0,0
1777227451149000,1310988,1310988,0,0,0,0.0,0.0,0.0,0.0,1310988,1310988,0,0,0,0.0,0.0,0.0,0.0,1,0,0,0,1,0,0,0,1,0,0,0,50,0,0,0
1777227451349000,1310988,1310988,0,0,0,0.0,0.0,0.0,0.0,1310988,1310988,0,0,0,0.0,0.0,0.0,0.0,1,0,0,0,1,0,0,0,1,0,0,0,50,0,0,0
1777227451549000,1310988,1310988,0,0,0,0.0,0.0,0.0,0.0,1310988,1310988,0,0,0,0.0,0.0,0.0,0.0,1,0,0,0,1,0,0,0,1,0,0,0,50,0,0,0
1777227451749000,1310988,1310988,0,0,0,0.0,0.0,0.0,0.0,1310988,1310988,0,0,0,0.0,0.0,0.0,0.0,1,0,0,0,1,0,0,0,1,0,0,0,50,0,0,0
1777227451949000,1310988,1310988,0,0,0,0.0,0.0,0.0,0.0,1310988,1310988,0,0,0,0.0,0.0,0.0,0.0,1,0,0,0,1,0,0,0,1,0,0,0,50,0,0,0
1777227452149000,1310988,1310988,0,0,0,0.0,0.0,0.0,0.0,1310988,1310988,0,0,0,0.0,0.0,0.0,0.0,1,0,0,0,1,0,0,0,1,0,0,0,50,0,0,0
1777227452349000,1310988,1310988,0,0,0,0.0,0.0,0.0,0.0,1310988,1310988,0,0,0,0.0,0.0,0.0,0.0,1,0,0,0,1,0,0,0,1,0,0,0,50,0,0,0
1777227452549000,1310988,1310988,0,0,0,0.0,0.0,0.0,0.0,1310988,1310988,0,0,0,0.0,0.0,0.0,0.0,1,0,0,0,1,0,0,0,1,0,0,0,50,0,0,0
1777227452749000,1310988,1310988,0,0,0,0.0,0.0,0.0,0.0,1310988,1310988,0,0,0,0.0,0.0,0.0,0.0,1,0,0,0,1,0,0,0,1,0,0,0,50,0,0,0
1777227452949000,1310988,1310988,0,0,0,0.0,0.0,0.0,0.0,1310988,1310988,0,0,0,0.0,0.0,0.0,0.0,1,0,0,0,1,0,0,0,1,0,0,0,50,0,0,0
1777227453149000,1310988,1310988,0,0,0,0.0,0.0,0.0,0.0,1310988,1310988,0,0,0,0.0,0.0,0.0,0.0,1,0,0,0,1,0,0,0,1,0,0,0,50,0,0,0
1777227453349000,1310988,1310988,0,0,0,0.0,0.0,0.0,0.0,1310988,1310988,0,0,0,0.0,0.0,0.0,0.0,1,0,0,0,1,0,0,0,1,0,0,0,50,0,0,0
1777227453549000,1310988,1310988,0,0,0,0.0,0.0,0.0,0.0,1310988,1310988,0,0,0,0.0,0.0,0.0,0.0,1,0,0,0,1,0,0,0,1,0,0,0,50,0,0,0
1777227453749000,1310988,1310988,0,0,0,0.0,0.0,0.0,0.0,1310988,1310988,0,0,0,0.0,0.0,0.0,0.0,1,0,0,0,1,0,0,0,1,0,0,0,50,0,0,0
1777227453949000,1310988,1310988,0,0,0,0.0,0.0,0.0,0.0,1310988,1310988,0,0,0,0.0,0.0,0.0,0.0,1,0,0,0,1,0,0,0,1,0,0,0,50,0,0,0
1777227454149000,1310988,1310988,0,0,0,0.0,0.0,0.0,0.0,1310988,1310988,0,0,0,0.0,0.0,0.0,0.0,1,0,0,0,1,0,0,0,1,0,0,0,50,0,0,0
1777227454349000,1310988,1310988,0,0,0,0.0,0.0,0.0,0.0,1310988,1310988,0,0,0,0.0,0.0,0.0,0.0,1,0,0,0,1,0,0,0,1,0,0,0,50,0,0,0
1777227454549000,1310988,1310988,0,0,0,0.0,0.0,0.0,0.0,1310988,1310988,0,0,0,0.0,0.0,0.0,0.0,1,0,0,0,1,0,0,0,1,0,0,0,50,0,0,0
1777227454749000,1310988,1310988,0,0,0,0.0,0.0,0.0,0.0,1310988,1310988,0,0,0,0.0,0.0,0.0,0.0,1,0,0,0,1,0,0,0,1,0,0,0,50,0,0,0
1777227454949000,1310988,1310988,0,0,0,0.0,0.0,0.0,0.0,1310988,1310988,0,0,0,0.0,0.0,0.0,0.0,1,0,0,0,1,0,0,0,1,0,0,0,50,0,0,0
1777227455149000,1310988,1310988,0,0,0,0.0,0.0,0.0,0.0,1310988,1310988,0,0,0,0.0,0.0,0.0,0.0,1,0,0,0,1,0,0,0,1,0,0,0,50,0,0,0
1777227455349000,1310988,1310988,0,0,0,0.0,0.0,0.0,0.0,1310988,1310988,0,0,0,0.0,0.0,0.0,0.0,1,0,0,0,1,0,0,0,1,0,0,0,50,0,0,0
1777227455549000,1310988,1310988,0,0,0,0.0,0.0,0.0,0.0,1310988,1310988,0,0,0,0.0,0.0,0.0,0.0,1,0,0,0,1,0,0,0,1,0,0,0,50,0,0,0
1777227455749000,1310988,1310988,0,0,0,0.0,0.0,0.0,0.0,1310988,1310988,0,0,0,0.0,0.0,0.0,0.0,1,0,0,0,1,0,0,0,1,0,0,0,50,0,0,0
1777227455949000,1310988,1310988,0,0,0,0.0,0.0,0.0,0.0,1310988,1310988,0,0,0,0.0,0.0,0.0,0.0,1,0,0,0,1,0,0,0,1,0,0,0,50,0,0,0
1777227456149000,1310988,1310988,0,0,0,0.0,0.0,0.0,0.0,1310988,1310988,0,0,0,0.0,0.0,0.0,0.0,1,0,0,0,1,0,0,0,1,0,0,0,50,0,0,0
1777227456349000,1310988,1310988,0,0,0,0.0,0.0,0.0,0.0,1310988,1310988,0,0,0,0.0,0.0,0.0,0.0,1,0,0,0,1,0,0,0,1,0,0,0,50,0,0,0
1777227456549000,1310988,1310988,0,0,0,0.0,0.0,0.0,0.0,1310988,1310988,0,0,0,0.0,0.0,0.0,0.0,1,0,0,0,1,0,0,0,1,0,0,0,50,0,0,0
1777227456749000,1310988,1310988,0,0,0,0.0,0.0,0.0,0.0,1310988,1310988,0,0,0,0.0,0.0,0.0,0.0,1,0,0,0,1,0,0,0,1,0,0,0,50,0,0,0
1777227456949000,1310988,1310988,0,0,0,0.0,0.0,0.0,0.0,1310988,1310988,0,0,0,0.0,0.0,0.0,0.0,1,0,0,0,1,0,0,0,1,0,0,0,50,0,0,0
1777227457149000,1310988,1310988,0,0,0,0.0,0.0,0.0,0.0,1310988,1310988,0,0,0,0.0,0.0,0.0,0.0,1,0,0,0,1,0,0,0,1,0,0,0,50,0,0,0
1777227457349000,1310988,1310988,0,0,0,0.0,0.0,0.0,0.0,1310988,1310988,0,0,0,0.0,0.0,0.0,0.0,1,0,0,0,1,0,0,0,1,0,0,0,50,0,0,0
1777227457549000,1310988,1310988,0,0,0,0.0,0.0,0.0,0.0,1310988,1310988,0,0,0,0.0,0.0,0.0,0.0,1,0,0,0,1,0,0,0,1,0,0,0,50,0,0,0
1777227457749000,1310988,1310988,0,0,0,0.0,0.0,0.0,0.0,1310988,1310988,0,0,0,0.0,0.0,0.0,0.0,1,0,0,0,1,0,0,0,1,0,0,0,50,0,0,0
1777227457949000,1310988,1310988,0,0,0,0.0,0.0,0.0,0.0,1310988,1310988,0,0,0,0.0,0.0,0.0,0.0,1,0,0,0,1,0,0,0,1,0,0,0,50,0,0,0
1777227458149000,1310988,1310988,0,0,0,0.0,0.0,0.0,0.0,1310988,1310988,0,0,0,0.0,0.0,0.0,0.0,1,0,0,0,1,0,0,0,1,0,0,0,50,0,0,0
1777227458349000,1310988,1310988,0,0,0,0.0,0.0,0.0,0.0,1310988,1310988,0,0,0,0.0,0.0,0.0,0.0,1,0,0,0,1,0,0,0,1,0,0,0,50,0,0,0
1777227458549000,1310988,1310988,0,0,0,0.0,0.0,0.0,0.0,1310988,1310988,0,0,0,0.0,0.0,0.0,0.0,1,0,0,0,1,0,0,0,1,0,0,0,50,0,0,0
1777227458749000,1310988,1310988,0,0,0,0.0,0.0,0.0,0.0,1310988,1310988,0,0,0,0.0,0.0,0.0,0.0,1,0,0,0,1,0,0,0,1,0,0,0,50,0,0,0
1777227458949000,1310988,1310988,0,0,0,0.0,0.0,0.0,0.0,1310988,1310988,0,0,0,0.0,0.0,0.0,0.0,1,0,0,0,1,0,0,0,1,0,0,0,50,0,0,0
1777227459149000,1310988,1310988,0,0,0,0.0,0.0,0.0,0.0,1310988,1310988,0,0,0,0.0,0.0,0.0,0.0,1,0,0,0,1,0,0,0,1,0,0,0,50,0,0,0
1777227459349000,1310988,1310988,0,0,0,0.0,0.0,0.0,0.0,1310988,1310988,0,0,0,0.0,0.0,0.0,0.0,1,0,0,0,1,0,0,0,1,0,0,0,50,0,0,0
1777227459549000,1310988,1310988,0,0,0,0.0,0.0,0.0,0.0,1310988,1310988,0,0,0,0.0,0.0,0.0,0.0,1,0,0,0,1,0,0,0,1,0,0,0,50,0,0,0
1777227459749000,1310988,1310988,0,0,0,0.0,0.0,0.0,0.0,1310988,1310988,0,0,0,0.0,0.0,0.0,0.0,1,0,0,0,1,0,0,0,1,0,0,0,50,0,0,0
1777227459949000,1310988,1310988,0,0,0,0.0,0.0,0.0,0.0,1310988,1310988,0,0,0,0.0,0.0,0.0,0.0,1,0,0,0,1,0,0,0,1,0,0,0,50,0,0,0
1777227460149000,1310988,1310988,0,0,0,0.0,0.0,0.0,0.0,1310988,1310988,0,0,0,0.0,0.0,0.0,0.0,1,0,0,0,1,0,0,0,1,0,0,0,50,0,0,0
1777227460349000,1310988,1310988,0,0,0,0.0,0.0,0.0,0.0,1310988,1310988,0,0,0,0.0,0.0,0.0,0.0,1,0,0,0,1,0,0,0,1,0,0,0,50,0,0,0
1777227460549000,1310988,1310988,0,0,0,0.0,0.0,0.0,0.0,1310988,1310988,0,0,0,0.0,0.0,0.0,0.0,1,0,0,0,1,0,0,0,1,0,0,0,50,0,0,0
1777227460749000,1310988,1310988,0,0,0,0.0,0.0,0.0,0.0,1310988,1310988,0,0,0,0.0,0.0,0.0,0.0,1,0,0,0,1,0,0,0,1,0,0,0,50,0,0,0
1777227460949000,1310988,1310988,0,0,0,0.0,0.0,0.0,0.0,1310988,1310988,0,0,0,0.0,0.0,0.0,0.0,1,0,0,0,1,0,0,0,1,0,0,0,50,0,0,0
1777227461149000,1310988,1310988,0,0,0,0.0,0.0,0.0,0.0,1310988,1310988,0,0,0,0.0,0.0,0.0,0.0,1,0,0,0,1,0,0,0,1,0,0,0,50,0,0,0
1777227461349000,1310988,1310988,0,0,0,0.0,0.0,0.0,0.0,1310988,1310988,0,0,0,0.0,0.0,0.0,0.0,1,0,0,0,1,0,0,0,1,0,0,0,50,0,0,0
1777227461549000,1310988,1310988,0,0,0,0.0,0.0,0.0,0.0,1310988,1310988,0,0,0,0.0,0.0,0.0,0.0,1,0,0,0,1,0,0,0,1,0,0,0,50,0,0,0
1777227461749000,1310988,1310988,0,0,0,0.0,0.0,0.0,0.0,1310988,1310988,0,0,0,0.0,0.0,0.0,0.0,1,0,0,0,1,0,0,0,1,0,0,0,50,0,0,0
1777227461949000,1310988,1310988,0,0,0,0.0,0.0,0.0,0.0,1310988,1310988,0,0,0,0.0,0.0,0.0,0.0,1,0,0,0,1,0,0,0,1,0,0,0,50,0,0,0
1777227462149000,1310988,1310988,0,0,0,0.0,0.0,0.0,0.0,1310988,1310988,0,0,0,0.0,0.0,0.0,0.0,1,0,0,0,1,0,0,0,1,0,0,0,50,0,0,0
1777227462349000,1310988,1310988,0,0,0,0.0,0.0,0.0,0.0,1310988,1310988,0,0,0,0.0,0.0,0.0,0.0,1,0,0,0,1,0,0,0,1,0,0,0,50,0,0,0
1777227462549000,1310988,1310988,0,0,0,0.0,0.0,0.0,0.0,1310988,1310988,0,0,0,0.0,0.0,0.0,0.0,1,0,0,0,1,0,0,0,1,0,0,0,50,0,0,0
1777227462749000,1310988,1310988,0,0,0,0.0,0.0,0.0,0.0,1310988,1310988,0,0,0,0.0,0.0,0.0,0.0,1,0,0,0,1,0,0,0,1,0,0,0,50,0,0,0
1777227462949000,1310988,1310988,0,0,0,0.0,0.0,0.0,0.0,1310988,1310988,0,0,0,0.0,0.0,0.0,0.0,1,0,0,0,1,0,0,0,1,0,0,0,50,0,0,0
1777227463149000,1310988,1310988,0,0,0,0.0,0.0,0.0,0.0,1310988,1310988,0,0,0,0.0,0.0,0.0,0.0,1,0,0,0,1,0,0,0,1,0,0,0,50,0,0,0
1777227463349000,1310988,1310988,0,0,0,0.0,0.0,0.0,0.0,1310988,1310988,0,0,0,0.0,0.0,0.0,0.0,1,0,0,0,1,0,0,0,1,0,0,0,50,0,0,0
1777227463549000,1310988,1310988,0,0,0,0.0,0.0,0.0,0.0,1310988,1310988,0,0,0,0.0,0.0,0.0,0.0,1,0,0,0,1,0,0,0,1,0,0,0,50,0,0,0
1777227463749000,1310988,1310988,0,0,0,0.0,0.0,0.0,0.0,1310988,1310988,0,0,0,0.0,0.0,0.0,0.0,1,0,0,0,1,0,0,0,1,0,0,0,50,0,0,0
1777227463949000,1310988,1310988,0,0,0,0.0,0.0,0.0,0.0,1310988,1310988,0,0,0,0.0,0.0,0.0,0.0,1,0,0,0,1,0,0,0,1,0,0,0,50,0,0,0
1777227464149000,1310988,1310988,0,0,0,0.0,0.0,0.0,0.0,1310988,1310988,0,0,0,0.0,0.0,0.0,0.0,1,0,0,0,1,0,0,0,1,0,0,0,50,0,0,0
1777227464349000,1310988,1310988,0,0,0,0.0,0.0,0.0,0.0,1310988,1310988,0,0,0,0.0,0.0,0.0,0.0,1,0,0,0,1,0,0,0,1,0,0,0,50,0,0,0
1777227464549000,1310988,1310988,0,0,0,0.0,0.0,0.0,0.0,1310988,1310988,0,0,0,0.0,0.0,0.0,0.0,1,0,0,0,1,0,0,0,1,0,0,0,50,0,0,0
1777227464749000,1310988,1310988,0,0,0,0.0,0.0,0.0,0.0,1310988,1310988,0,0,0,0.0,0.0,0.0,0.0,1,0,0,0,1,0,0,0,1,0,0,0,50,0,0,0
1777227464949000,1310988,1310988,0,0,0,0.0,0.0,0.0,0.0,1310988,1310988,0,0,0,0.0,0.0,0.0,0.0,1,0,0,0,1,0,0,0,1,0,0,0,50,0,0,0
1777227465149000,1310988,1310988,0,0,0,0.0,0.0,0.0,0.0,1310988,1310988,0,0,0,0.0,0.0,0.0,0.0,1,0,0,0,1,0,0,0,1,0,0,0,50,0,0,0
1777227465349000,1310988,1310988,0,0,0,0.0,0.0,0.0,0.0,1310988,1310988,0,0,0,0.0,0.0,0.0,0.0,1,0,0,0,1,0,0,0,1,0,0,0,50,0,0,0
1777227465549000,1310988,1310988,0,0,0,0.0,0.0,0.0,0.0,1310988,1310988,0,0,0,0.0,0.0,0.0,0.0,1,0,0,0,1,0,0,0,1,0,0,0,50,0,0,0
1777227465749000,1310988,1310988,0,0,0,0.0,0.0,0.0,0.0,1310988,1310988,0,0,0,0.0,0.0,0.0,0.0,1,0,0,0,1,0,0,0,1,0,0,0,50,0,0,0
1777227465949000,1310988,1310988,0,0,0,0.0,0.0,0.0,0.0,1310988,1310988,0,0,0,0.0,0.0,0.0,0.0,1,0,0,0,1,0,0,0,1,0,0,0,50,0,0,0
1777227466149000,1310988,1310988,0,0,0,0.0,0.0,0.0,0.0,1310988,1310988,0,0,0,0.0,0.0,0.0,0.0,1,0,0,0,1,0,0,0,1,0,0,0,50,0,0,0
1777227466349000,1310988,1310988,0,0,0,0.0,0.0,0.0,0.0,1310988,1310988,0,0,0,0.0,0.0,0.0,0.0,1,0,0,0,1,0,0,0,1,0,0,0,50,0,0,0
1777227466549000,1310988,1310988,0,0,0,0.0,0.0,0.0,0.0,1310988,1310988,0,0,0,0.0,0.0,0.0,0.0,1,0,0,0,1,0,0,0,1,0,0,0,50,0,0,0
1777227466749000,1310988,1310988,0,0,0,0.0,0.0,0.0,0.0,1310988,1310988,0,0,0,0.0,0.0,0.0,0.0,1,0,0,0,1,0,0,0,1,0,0,0,50,0,0,0
1777227466949000,1310988,1310988,0,0,0,0.0,0.0,0.0,0.0,1310988,1310988,0,0,0,0.0,0.0,0.0,0.0,1,0,0,0,1,0,0,0,1,0,0,0,50,0,0,0
1777227467149000,1310988,1310988,0,0,0,0.0,0.0,0.0,0.0,1310988,1310988,0,0,0,0.0,0.0,0.0,0.0,1,0,0,0,1,0,0,0,1,0,0,0,50,0,0,0
1777227467349000,1310988,1310988,0,0,0,0.0,0.0,0.0,0.0,1310988,1310988,0,0,0,0.0,0.0,0.0,0.0,1,0,0,0,1,0,0,0,1,0,0,0,50,0,0,0
1777227467549000,1310988,1310988,0,0,0,0.0,0.0,0.0,0.0,1310988,1310988,0,0,0,0.0,0.0,0.0,0.0,1,0,0,0,1,0,0,0,1,0,0,0,50,0,0,0
1777227467749000,1310988,1310988,0,0,0,0.0,0.0,0.0,0.0,1310988,1310988,0,0,0,0.0,0.0,0.0,0.0,1,0,0,0,1,0,0,0,1,0,0,0,50,0,0,0
1777227467949000,1310988,1310988,0,0,0,0.0,0.0,0.0,0.0,1310988,1310988,0,0,0,0.0,0.0,0.0,0.0,1,0,0,0,1,0,0,0,1,0,0,0,50,0,0,0
1777227468149000,1310988,1310988,0,0,0,0.0,0.0,0.0,0.0,1310988,1310988,0,0,0,0.0,0.0,0.0,0.0,1,0,0,0,1,0,0,0,1,0,0,0,50,0,0,0
1777227468349000,1310988,1310988,0,0,0,0.0,0.0,0.0,0.0,1310988,1310988,0,0,0,0.0,0.0,0.0,0.0,1,0,0,0,1,0,0,0,1,0,0,0,50,0,0,0
1777227468549000,1310988,1310988,0,0,0,0.0,0.0,0.0,0.0,1310988,1310988,0,0,0,0.0,0.0,0.0,0.0,1,0,0,0,1,0,0,0,1,0,0,0,50,0,0,0
1777227468749000,1310988,1310988,0,0,0,0.0,0.0,0.0,0.0,1310988,1310988,0,0,0,0.0,0.0,0.0,0.0,1,0,0,0,1,0,0,0,1,0,0,0,50,0,0,0
1777227468949000,1310988,1310988,0,0,0,0.0,0.0,0.0,0.0,1310988,1310988,0,0,0,0.0,0.0,0.0,0.0,1,0,0,0,1,0,0,0,1,0,0,0,50,0,0,0
1777227469149000,1310988,1310988,0,0,0,0.0,0.0,0.0,0.0,1310988,1310988,0,0,0,0.0,0.0,0.0,0.0,1,0,0,0,1,0,0,0,1,0,0,0,50,0,0,0
1777227469349000,1310988,1310988,0,0,0,0.0,0.0,0.0,0.0,1310988,1310988,0,0,0,0.0,0.0,0.0,0.0,1,0,0,0,1,0,0,0,1,0,0,0,50,0,0,0
1777227469549000,1310988,1310988,0,0,0,0.0,0.0,0.0,0.0,1310988,1310988,0,0,0,0.0,0.0,0.0,0.0,1,0,0,0,1,0,0,0,1,0,0,0,50,0,0,0
1777227469749000,1310988,1310988,0,0,0,0.0,0.0,0.0,0.0,1310988,1310988,0,0,0,0.0,0.0,0.0,0.0,1,0,0,0,1,0,0,0,1,0,0,0,50,0,0,0
1777227469949000,1310988,1310988,0,0,0,0.0,0.0,0.0,0.0,1310988,1310988,0,0,0,0.0,0.0,0.0,0.0,1,0,0,0,1,0,0,0,1,0,0,0,50,0,0,0
1777227470149000,1310988,1310988,0,0,0,0.0,0.0,0.0,0.0,1310988,1310988,0,0,0,0.0,0.0,0.0,0.0,1,0,0,0,1,0,0,0,1,0,0,0,50,0,0,0
1777227470349000,1310988,1310988,0,0,0,0.0,0.0,0.0,0.0,1310988,1310988,0,0,0,0.0,0.0,0.0,0.0,1,0,0,0,1,0,0,0,1,0,0,0,50,0,0,0
1777227470549000,1310988,1310988,0,0,0,0.0,0.0,0.0,0.0,1310988,1310988,0,0,0,0.0,0.0,0.0,0.0,1,0,0,0,1,0,0,0,1,0,0,0,50,0,0,0
1777227470749000,1310988,1310988,0,0,0,0.0,0.0,0.0,0.0,1310988,1310988,0,0,0,0.0,0.0,0.0,0.0,1,0,0,0,1,0,0,0,1,0,0,0,50,0,0,0
1777227470949000,1310988,1310988,0,0,0,0.0,0.0,0.0,0.0,1310988,1310988,0,0,0,0.0,0.0,0.0,0.0,1,0,0,0,1,0,0,0,1,0,0,0,50,0,0,0
1777227471149000,1310988,1310988,0,0,0,0.0,0.0,0.0,0.0,1310988,1310988,0,0,0,0.0,0.0,0.0,0.0,1,0,0,0,1,0,0,0,1,0,0,0,50,0,0,0
1777227471349000,1310988,1310988,0,0,0,0.0,0.0,0.0,0.0,1310988,1310988,0,0,0,0.0,0.0,0.0,0.0,1,0,0,0,1,0,0,0,1,0,0,0,50,0,0,0
1777227471549000,1310988,1310988,0,0,0,0.0,0.0,0.0,0.0,1310988,1310988,0,0,0,0.0,0.0,0.0,0.0,1,0,0,0,1,0,0,0,1,0,0,0,50,0,0,0
1777227471749000,1310988,1310988,0,0,0,0.0,0.0,0.0,0.0,1310988,1310988,0,0,0,0.0,0.0,0.0,0.0,1,0,0,0,1,0,0,0,1,0,0,0,50,0,0,0
1777227471949000,1310988,1310988,0,0,0,0.0,0.0,0.0,0.0,1310988,1310988,0,0,0,0.0,0.0,0.0,0.0,1,0,0,0,1,0,0,0,1,0,0,0,50,0,0,0
1777227472149000,1310988,1310988,0,0,0,0.0,0.0,0.0,0.0,1310988,1310988,0,0,0,0.0,0.0,0.0,0.0,1,0,0,0,1,0,0,0,1,0,0,0,50,0,0,0
1777227472349000,1310988,1310988,0,0,0,0.0,0.0,0.0,0.0,1310988,1310988,0,0,0,0.0,0.0,0.0,0.0,1,0,0,0,1,0,0,0,1,0,0,0,50,0,0,0
1777227472549000,1310988,1310988,0,0,0,0.0,0.0,0.0,0.0,1310988,1310988,0,0,0,0.0,0.0,0.0,0.0,1,0,0,0,1,0,0,0,1,0,0,0,50,0,0,0
1777227472749000,1310988,1310988,0,0,0,0.0,0.0,0.0,0.0,1310988,1310988,0,0,0,0.0,0.0,0.0,0.0,1,0,0,0,1,0,0,0,1,0,0,0,50,0,0,0
1777227472949000,1310988,1310988,0,0,0,0.0,0.0,0.0,0.0,1310988,1310988,0,0,0,0.0,0.0,0.0,0.0,1,0,0,0,1,0,0,0,1,0,0,0,50,0,0,0
1777227473149000,1310988,1310988,0,0,0,0.0,0.0,0.0,0.0,1310988,1310988,0,0,0,0.0,0.0,0.0,0.0,1,0,0,0,1,0,0,0,1,0,0,0,50,0,0,0
1777227473349000,1310988,1310988,0,0,0,0.0,0.0,0.0,0.0,1310988,1310988,0,0,0,0.0,0.0,0.0,0.0,1,0,0,0,1,0,0,0,1,0,0,0,50,0,0,0
1777227473549000,1310988,1310988,0,0,0,0.0,0.0,0.0,0.0,1310988,1310988,0,0,0,0.0,0.0,0.0,0.0,1,0,0,0,1,0,0,0,1,0,0,0,50,0,0,0
1777227473749000,1310988,1310988,0,0,0,0.0,0.0,0.0,0.0,1310988,1310988,0,0,0,0.0,0.0,0.0,0.0,1,0,0,0,1,0,0,0,1,0,0,0,50,0,0,0
1777227473949000,1310988,1310988,0,0,0,0.0,0.0,0.0,0.0,1310988,1310988,0,0,0,0.0,0.0,0.0,0.0,1,0,0,0,1,0,0,0,1,0,0,0,50,0,0,0
1777227474149000,1310988,1310988,0,0,0,0.0,0.0,0.0,0.0,1310988,1310988,0,0,0,0.0,0.0,0.0,0.0,1,0,0,0,1,0,0,0,1,0,0,0,50,0,0,0
1777227474349000,1310988,1310988,0,0,0,0.0,0.0,0.0,0.0,1310988,1310988,0,0,0,0.0,0.0,0.0,0.0,1,0,0,0,1,0,0,0,1,0,0,0,50,0,0,0
1777227474549000,1310988,1310988,0,0,0,0.0,0.0,0.0,0.0,1310988,1310988,0,0,0,0.0,0.0,0.0,0.0,1,0,0,0,1,0,0,0,1,0,0,0,50,0,0,0
1777227474749000,1310988,1310988,0,0,0,0.0,0.0,0.0,0.0,1310988,1310988,0,0,0,0.0,0.0,0.0,0.0,1,0,0,0,1,0,0,0,1,0,0,0,50,0,0,0
1777227474949000,1310988,1310988,0,0,0,0.0,0.0,0.0,0.0,1310988,1310988,0,0,0,0.0,0.0,0.0,0.0,1,0,0,0,1,0,0,0,1,0,0,0,50,0,0,0
1777227475149000,1310988,1310988,0,0,0,0.0,0.0,0.0,0.0,1310988,1310988,0,0,0,0.0,0.0,0.0,0.0,1,0,0,0,1,0,0,0,1,0,0,0,50,0,0,0
1777227475349000,1310988,1310988,0,0,0,0.0,0.0,0.0,0.0,1310988,1310988,0,0,0,0.0,0.0,0.0,0.0,1,0,0,0,1,0,0,0,1,0,0,0,50,0,0,0
1777227475549000,1310988,1310988,0,0,0,0.0,0.0,0.0,0.0,1310988,1310988,0,0,0,0.0,0.0,0.0,0.0,1,0,0,0,1,0,0,0,1,0,0,0,50,0,0,0
1777227475749000,1310988,1310988,0,0,0,0.0,0.0,0.0,0.0,1310988,1310988,0,0,0,0.0,0.0,0.0,0.0,1,0,0,0,1,0,0,0,1,0,0,0,50,0,0,0
1777227475949000,1310988,1310988,0,0,0,0.0,0.0,0.0,0.0,1310988,1310988,0,0,0,0.0,0.0,0.0,0.0,1,0,0,0,1,0,0,0,1,0,0,0,50,0,0,0
1777227476149000,1310988,1310988,0,0,0,0.0,0.0,0.0,0.0,1310988,1310988,0,0,0,0.0,0.0,0.0,0.0,1,0,0,0,1,0,0,0,1,0,0,0,50,0,0,0
1777227476349000,1310988,1310988,0,0,0,0.0,0.0,0.0,0.0,1310988,1310988,0,0,0,0.0,0.0,0.0,0.0,1,0,0,0,1,0,0,0,1,0,0,0,50,0,0,0
1777227476549000,1310988,1310988,0,0,0,0.0,0.0,0.0,0.0,1310988,1310988,0,0,0,0.0,0.0,0.0,0.0,1,0,0,0,1,0,0,0,1,0,0,0,50,0,0,0
1777227476749000,1310988,1310988,0,0,0,0.0,0.0,0.0,0.0,1310988,1310988,0,0,0,0.0,0.0,0.0,0.0,1,0,0,0,1,0,0,0,1,0,0,0,50,0,0,0
1777227476949000,1310988,1310988,0,0,0,0.0,0.0,0.0,0.0,1310988,1310988,0,0,0,0.0,0.0,0.0,0.0,1,0,0,0,1,0,0,0,1,0,0,0,50,0,0,0
1777227477149000,1310988,1310988,0,0,0,0.0,0.0,0.0,0.0,1310988,1310988,0,0,0,0.0,0.0,0.0,0.0,1,0,0,0,1,0,0,0,1,0,0,0,50,0,0,0
1777227477349000,1310988,1310988,0,0,0,0.0,0.0,0.0,0.0,1310988,1310988,0,0,0,0.0,0.0,0.0,0.0,1,0,0,0,1,0,0,0,1,0,0,0,50,0,0,0
1777227477549000,1310988,1310988,0,0,0,0.0,0.0,0.0,0.0,1310988,1310988,0,0,0,0.0,0.0,0.0,0.0,1,0,0,0,1,0,0,0,1,0,0,0,50,0,0,0
1777227477749000,1310988,1310988,0,0,0,0.0,0.0,0.0,0.0,1310988,1310988,0,0,0,0.0,0.0,0.0,0.0,1,0,0,0,1,0,0,0,1,0,0,0,50,0,0,0
1777227477949000,1310988,1310988,0,0,0,0.0,0.0,0.0,0.0,1310988,1310988,0,0,0,0.0,0.0,0.0,0.0,1,0,0,0,1,0,0,0,1,0,0,0,50,0,0,0
1777227478149000,1310988,1310988,0,0,0,0.0,0.0,0.0,0.0,1310988,1310988,0,0,0,0.0,0.0,0.0,0.0,1,0,0,0,1,0,0,0,1,0,0,0,50,0,0,0
1777227478349000,1310988,1310988,0,0,0,0.0,0.0,0.0,0.0,1310988,1310988,0,0,0,0.0,0.0,0.0,0.0,1,0,0,0,1,0,0,0,1,0,0,0,50,0,0,0
1777227478549000,1310988,1310988,0,0,0,0.0,0.0,0.0,0.0,1310988,1310988,0,0,0,0.0,0.0,0.0,0.0,1,0,0,0,1,0,0,0,1,0,0,0,50,0,0,0
1777227478749000,1310988,1310988,0,0,0,0.0,0.0,0.0,0.0,1310988,1310988,0,0,0,0.0,0.0,0.0,0.0,1,0,0,0,1,0,0,0,1,0,0,0,50,0,0,0
1777227478949000,1310988,1310988,0,0,0,0.0,0.0,0.0,0.0,1310988,1310988,0,0,0,0.0,0.0,0.0,0.0,1,0,0,0,1,0,0,0,1,0,0,0,50,0,0,0
1777227479149000,1310988,1310988,0,0,0,0.0,0.0,0.0,0.0,1310988,1310988,0,0,0,0.0,0.0,0.0,0.0,1,0,0,0,1,0,0,0,1,0,0,0,50,0,0,0
1777227479349000,1310988,1310988,0,0,0,0.0,0.0,0.0,0.0,1310988,1310988,0,0,0,0.0,0.0,0.0,0.0,1,0,0,0,1,0,0,0,1,0,0,0,50,0,0,0
1777227479549000,1310988,1310988,0,0,0,0.0,0.0,0.0,0.0,1310988,1310988,0,0,0,0.0,0.0,0.0,0.0,1,0,0,0,1,0,0,0,1,0,0,0,50,0,0,0
1777227479749000,1310988,1310988,0,0,0,0.0,0.0,0.0,0.0,1310988,1310988,0,0,0,0.0,0.0,0.0,0.0,1,0,0,0,1,0,0,0,1,0,0,0,50,0,0,0
1777227479949000,1310988,1310988,0,0,0,0.0,0.0,0.0,0.0,1310988,1310988,0,0,0,0.0,0.0,0.0,0.0,1,0,0,0,1,0,0,0,1,0,0,0,50,0,0,0
1777227480149000,1310988,1310988,0,0,0,0.0,0.0,0.0,0.0,1310988,1310988,0,0,0,0.0,0.0,0.0,0.0,1,0,0,0,1,0,0,0,1,0,0,0,50,0,0,0
1777227480349000,1310988,1310988,0,0,0,0.0,0.0,0.0,0.0,1310988,1310988,0,0,0,0.0,0.0,0.0,0.0,1,0,0,0,1,0,0,0,1,0,0,0,50,0,0,0
1777227480549000,1310988,1310988,0,0,0,0.0,0.0,0.0,0.0,1310988,1310988,0,0,0,0.0,0.0,0.0,0.0,1,0,0,0,1,0,0,0,1,0,0,0,50,0,0,0
1777227480749000,1310988,1310988,0,0,0,0.0,0.0,0.0,0.0,1310988,1310988,0,0,0,0.0,0.0,0.0,0.0,1,0,0,0,1,0,0,0,1,0,0,0,50,0,0,0
1777227480949000,1310988,1310988,0,0,0,0.0,0.0,0.0,0.0,1310988,1310988,0,0,0,0.0,0.0,0.0,0.0,1,0,0,0,1,0,0,0,1,0,0,0,50,0,0,0
1777227481149000,1310988,1310988,0,0,0,0.0,0.0,0.0,0.0,1310988,1310988,0,0,0,0.0,0.0,0.0,0.0,1,0,0,0,1,0,0,0,1,0,0,0,50,0,0,0
1777227481349000,1310988,1310988,0,0,0,0.0,0.0,0.0,0.0,1310988,1310988,0,0,0,0.0,0.0,0.0,0.0,1,0,0,0,1,0,0,0,1,0,0,0,50,0,0,0
1777227481549000,1310988,1310988,0,0,0,0.0,0.0,0.0,0.0,1310988,1310988,0,0,0,0.0,0.0,0.0,0.0,1,0,0,0,1,0,0,0,1,0,0,0,50,0,0,0
1777227481749000,1310988,1310988,0,0,0,0.0,0.0,0.0,0.0,1310988,1310988,0,0,0,0.0,0.0,0.0,0.0,1,0,0,0,1,0,0,0,1,0,0,0,50,0,0,0
1777227481949000,1310988,1310988,0,0,0,0.0,0.0,0.0,0.0,1310988,1310988,0,0,0,0.0,0.0,0.0,0.0,1,0,0,0,1,0,0,0,1,0,0,0,50,0,0,0
1777227482149000,1310988,1310988,0,0,0,0.0,0.0,0.0,0.0,1310988,1310988,0,0,0,0.0,0.0,0.0,0.0,1,0,0,0,1,0,0,0,1,0,0,0,50,0,0,0
1777227482349000,1310988,1310988,0,0,0,0.0,0.0,0.0,0.0,1310988,1310988,0,0,0,0.0,0.0,0.0,0.0,1,0,0,0,1,0,0,0,1,0,0,0,50,0,0,0
1777227482549000,1310988,1310988,0,0,0,0.0,0.0,0.0,0.0,1310988,1310988,0,0,0,0.0,0.0,0.0,0.0,1,0,0,0,1,0,0,0,1,0,0,0,50,0,0,0
