timestamp,timestamp_sample,device_id,bias,bias_var,innov,innov_var,innov_test_ratio
1777226214697000,1777226214545000,6620172,-0.16912375,0.10333856,0.06832008,12.367238,4.1935466e-05
1777226214753000,1777226214597000,6620172,-0.16910243,0.10340559,0.002528295,12.367271,5.7430032e-08
1777226214801000,1777226214649000,6620172,-0.16916,0.10333856,-0.0068314075,12.367238,4.1928098e-07
1777226214857000,1777226214701000,6620172,-0.16921172,0.10340559,-0.006132975,12.367271,3.3792944e-07
1777226214905000,1777226214753000,6620172,-0.16906416,0.10333856,0.017508835,12.367238,2.754224e-06
1777226214961000,1777226214805000,6620172,-0.16879554,0.10340559,0.031857133,12.367271,9.1179445e-06
1777226215009000,1777226214857000,6620172,-0.16837274,0.10333856,0.050173715,12.367238,2.261712e-05
1777226215065000,1777226214909000,6620172,-0.16795039,0.10340559,0.050086603,12.367271,2.253859e-05
1777226215113000,1777226214961000,6620172,-0.16785206,0.10333856,0.011669874,12.367238,1.223537e-06
1777226215169000,1777226215013000,6620172,-0.16767548,0.10340559,0.020940438,12.367271,3.9396273e-06
1777226215217000,1777226215065000,6620172,-0.16750874,0.10333856,0.019787297,12.367238,3.517691e-06
1777226215273000,1777226215117000,6620172,-0.16726531,0.10340559,0.028867379,12.367271,7.486836e-06
1777226215321000,1777226215169000,6620172,-0.16711077,0.10333856,0.01833953,12.367238,3.0217682e-06
1777226215377000,1777226215221000,6620172,-0.16691831,0.10340559,0.022823662,12.367271,4.68009e-06
1777226215425000,1777226215273000,6620172,-0.1672854,0.10333856,-0.04356143,12.367238,1.7048611e-05
1777226215481000,1777226215325000,6620172,-0.16721138,0.10340559,0.008777097,12.367271,6.921264e-07
1777226215529000,1777226215377000,6620172,-0.1673772,0.10333856,-0.019678265,12.367238,3.4790316e-06
1777226215585000,1777226215429000,6620172,-0.16797405,0.10340559,-0.070781976,12.367271,4.5012068e-05
1777226215633000,1777226215481000,6620172,-0.16801645,0.10333856,-0.0050300956,12.367238,2.2731977e-07
1777226215689000,1777226215533000,6620172,-0.16793962,0.10340559,0.009111419,12.367271,7.4585716e-07
1777226215737000,1777226215585000,6620172,-0.16798615,0.10333856,-0.005522296,12.367238,2.7398332e-07
1777226215793000,1777226215637000,6620172,-0.16810824,0.10340559,-0.014478445,12.367271,1.8833344e-06
1777226215841000,1777226215689000,6620172,-0.16827011,0.10333856,-0.019208655,12.367238,3.314963e-06
1777226215897000,1777226215741000,6620172,-0.1684243,0.10340559,-0.018283844,12.367271,3.0034375e-06
1777226215945000,1777226215793000,6620172,-0.16814375,0.10333856,0.033292457,12.367238,9.958099e-06
1777226216001000,1777226215845000,6620172,-0.16821767,0.10340559,-0.008766651,12.367271,6.904799e-07
1777226216049000,1777226215897000,6620172,-0.16809419,0.10333856,0.014653221,12.367238,1.9290833e-06
1777226216105000,1777226215949000,6620172,-0.16828562,0.10340559,-0.02270171,12.367271,4.6302107e-06
1777226216153000,1777226216001000,6620172,-0.1684779,0.10333856,-0.022815451,12.367238,4.6767364e-06
1777226216209000,1777226216053000,6620172,-0.16862413,0.10340559,-0.01734364,12.367271,2.70249e-06
1777226216257000,1777226216105000,6620172,-0.16841339,0.10333856,0.02500841,12.367238,5.618973e-06
1777226216313000,1777226216157000,6620172,-0.1683188,0.10340559,0.011217341,12.367271,1.1304815e-06
1777226216361000,1777226216209000,6620172,-0.16846423,0.10333856,-0.0172586,12.367238,2.6760601e-06
1777226216417000,1777226216261000,6620172,-0.16860647,0.10340559,-0.016869023,12.367271,2.5566042e-06
1777226216465000,1777226216313000,6620172,-0.1688683,0.10333856,-0.031070039,12.367238,8.67298e-06
1777226216521000,1777226216365000,6620172,-0.168888,0.10340559,-0.00233531,12.367271,4.8997357e-08
1777226216569000,1777226216417000,6620172,-0.16894814,0.10333856,-0.007137388,12.367238,4.5768152e-07
1777226216625000,1777226216469000,6620172,-0.16860998,0.10340559,0.04010293,12.367271,1.4448934e-05
1777226216673000,1777226216521000,6620172,-0.16883036,0.10333856,-0.026153207,12.367238,6.145181e-06
1777226216729000,1777226216573000,6620172,-0.16825336,0.10340559,0.06842753,12.367271,4.2067368e-05
1777226216777000,1777226216625000,6620172,-0.16839549,0.10333856,-0.016866267,12.367238,2.5557756e-06
1777226216833000,1777226216677000,6620172,-0.1685324,0.10340559,-0.016235858,12.367271,2.3682855e-06
1777226216881000,1777226216729000,6620172,-0.16870844,0.10333856,-0.020890206,12.367238,3.9207594e-06
1777226216937000,1777226216781000,6620172,-0.1689199,0.10340559,-0.025078177,12.367271,5.6503523e-06
1777226216985000,1777226216833000,6620172,-0.16889414,0.10333856,0.003056869,12.367238,8.3953424e-08
1777226217041000,1777226216885000,6620172,-0.16882381,0.10340559,0.008341163,12.367271,6.250818e-07
1777226217089000,1777226216937000,6620172,-0.16828246,0.10333856,0.06424007,12.367238,3.707633e-05
1777226217145000,1777226216989000,6620172,-0.16829938,0.10340559,-0.0020056218,12.367271,3.613946e-08
1777226217193000,1777226217041000,6620172,-0.16816337,0.10333856,0.016138732,12.367238,2.3400416e-06
1777226217249000,1777226217093000,6620172,-0.16802792,0.10340559,0.016063765,12.367271,2.318346e-06
1777226217297000,1777226217145000,6620172,-0.16805546,0.10333856,-0.0032672435,12.367238,9.5906444e-08
1777226217353000,1777226217197000,6620172,-0.16819909,0.10340559,-0.017033651,12.367271,2.6067485e-06
1777226217401000,1777226217249000,6620172,-0.16802613,0.10333856,0.020524532,12.367238,3.7846985e-06
1777226217457000,1777226217301000,6620172,-0.16812705,0.10340559,-0.011966541,12.367271,1.2865329e-06
1777226217505000,1777226217353000,6620172,-0.16767515,0.10333856,0.053625092,12.367238,2.5835738e-05
1777226217561000,1777226217405000,6620172,-0.16761999,0.10340559,0.00654234,12.367271,3.8454732e-07
1777226217609000,1777226217457000,6620172,-0.16724876,0.10333856,0.044054314,12.367238,1.7436594e-05
1777226217665000,1777226217509000,6620172,-0.16739146,0.10340559,-0.016924828,12.367271,2.5735474e-06
1777226217713000,1777226217561000,6620172,-0.1670993,0.10333856,0.034670517,12.367238,1.0799544e-05
1777226217769000,1777226217613000,6620172,-0.16704589,0.10340559,0.0063326955,12.367271,3.6029715e-07
1777226217817000,1777226217665000,6620172,-0.16698037,0.10333856,0.007774651,12.367238,5.4305843e-07
1777226217873000,1777226217717000,6620172,-0.1667028,0.10340559,0.03291665,12.367271,9.734526e-06
1777226217921000,1777226217769000,6620172,-0.16686495,0.10333856,-0.019240797,12.367238,3.326066e-06
1777226217977000,1777226217821000,6620172,-0.16659479,0.10340559,0.032038286,12.367271,9.221937e-06
1777226218025000,1777226217873000,6620172,-0.16623501,0.10333856,0.04269342,12.367238,1.6375956e-05
1777226218081000,1777226217925000,6620172,-0.16603887,0.10340559,0.023260161,12.367271,4.8608144e-06
1777226218129000,1777226217977000,6620172,-0.1658692,0.10333856,0.02013433,12.367238,3.642161e-06
1777226218185000,1777226218029000,6620172,-0.16567306,0.10340559,0.023260564,12.367271,4.8609827e-06
1777226218233000,1777226218081000,6620172,-0.16503277,0.10333856,0.0759819,12.367238,5.1868665e-05
1777226218289000,1777226218133000,6620172,-0.16479042,0.10340559,0.02874127,12.367271,7.421565e-06
1777226218337000,1777226218185000,6620172,-0.16423292,0.10333856,0.06615761,12.367238,3.9322793e-05
1777226218393000,1777226218237000,6620172,-0.16354209,0.10340559,0.08192702,12.367271,6.0302857e-05
1777226218441000,1777226218289000,6620172,-0.16306198,0.10333856,0.05697471,12.367238,2.9164126e-05
1777226218497000,1777226218341000,6620172,-0.16262986,0.10340559,0.05124557,12.367271,2.3593711e-05
1777226218545000,1777226218393000,6620172,-0.1614312,0.10333856,0.14224412,12.367238,0.00018178305
1777226218601000,1777226218445000,6620172,-0.16118626,0.10340559,0.02904594,12.367271,7.5797425e-06
1777226218649000,1777226218497000,6620172,-0.16054033,0.10333856,0.07665257,12.367238,5.2788368e-05
1777226218705000,1777226218549000,6620172,-0.15968248,0.10340559,0.101732954,12.367271,9.298372e-05
1777226218753000,1777226218601000,6620172,-0.1589929,0.10333856,0.08183214,12.367238,6.016343e-05
1777226218809000,1777226218653000,6620172,-0.15851429,0.10340559,0.056759015,12.367271,2.8943648e-05
1777226218857000,1777226218705000,6620172,-0.15738066,0.10333856,0.13452747,12.367238,0.00016259482
1777226218913000,1777226218757000,6620172,-0.15672752,0.10340559,0.07745512,12.367271,5.389939e-05
1777226218961000,1777226218809000,6620172,-0.15549321,0.10333856,0.14647362,12.367238,0.00019275407
1777226219017000,1777226218861000,6620172,-0.15469517,0.10340559,0.094641164,12.367271,8.047181e-05
1777226219065000,1777226218913000,6620172,-0.15399747,0.10333856,0.082795754,12.367238,6.1588675e-05
1777226219121000,1777226218965000,6620172,-0.15297168,0.10340559,0.12164883,12.367271,0.00013295341
1777226219169000,1777226219017000,6620172,-0.15160134,0.10333856,0.16261524,12.367238,0.00023757856
1777226219225000,1777226219069000,6620172,-0.15060246,0.10340559,0.118459255,12.367271,0.00012607286
1777226219273000,1777226219121000,6620172,-0.14961007,0.10333856,0.117765546,12.367238,0.00012460092
1777226219329000,1777226219173000,6620172,-0.14866427,0.10340559,0.112165004,12.367271,0.0001130312
1777226219377000,1777226219225000,6620172,-0.14745393,0.10333856,0.14362887,12.367238,0.00018533961
1777226219433000,1777226219277000,6620172,-0.14637396,0.10340559,0.12807527,12.367271,0.00014737173
1777226219481000,1777226219329000,6620172,-0.14484371,0.10333856,0.18159124,12.367238,0.00029626105
1777226219537000,1777226219381000,6620172,-0.14389537,0.10340559,0.11246456,12.367271,0.00011363575
1777226219585000,1777226219433000,6620172,-0.14231169,0.10333856,0.18793224,12.367238,0.00031731263
1777226219641000,1777226219485000,6620172,-0.14132527,0.10340559,0.1169821,12.367271,0.00012294827
1777226219689000,1777226219537000,6620172,-0.14029275,0.10333856,0.12252644,12.367238,0.00013487901
1777226219745000,1777226219589000,6620172,-0.1388133,0.10340559,0.175449,12.367271,0.00027655746
1777226219793000,1777226219641000,6620172,-0.13773304,0.10333856,0.12819318,12.367238,0.0001476436
1777226219849000,1777226219693000,6620172,-0.13660792,0.10340559,0.13343006,12.367271,0.00015995248
1777226219897000,1777226219745000,6620172,-0.1360477,0.10333856,0.06647852,12.367238,3.9705206e-05
1777226219953000,1777226219797000,6620172,-0.1351563,0.10340559,0.10571323,12.367271,0.00010040199
1777226220001000,1777226219849000,6620172,-0.13422619,0.10333856,0.11037603,12.367238,0.00010945467
1777226220057000,1777226219901000,6620172,-0.13356681,0.10340559,0.078195915,12.367271,5.4935328e-05
1777226220105000,1777226219953000,6620172,-0.13265188,0.10333856,0.108572915,12.367238,0.000105907755
1777226220161000,1777226220005000,6620172,-0.13165607,0.10340559,0.118094996,12.367271,0.00012529871
1777226220209000,1777226220057000,6620172,-0.13091232,0.10333856,0.08826007,12.367238,6.9986345e-05
1777226220265000,1777226220109000,6620172,-0.13032746,0.10340559,0.069358364,12.367271,4.3219654e-05
1777226220313000,1777226220161000,6620172,-0.12947533,0.10333856,0.10112214,12.367238,9.187075e-05
1777226220369000,1777226220213000,6620172,-0.12871885,0.10340559,0.08971092,12.367271,7.230598e-05
1777226220417000,1777226220265000,6620172,-0.12822539,0.10333856,0.05855894,12.367238,3.0808544e-05
1777226220473000,1777226220317000,6620172,-0.12706721,0.10340559,0.13735014,12.367271,0.00016948913
1777226220521000,1777226220369000,6620172,-0.12668307,0.10333856,0.045585275,12.367238,1.8669552e-05
1777226220577000,1777226220421000,6620172,-0.12631942,0.10340559,0.043125942,12.367271,1.6709397e-05
1777226220625000,1777226220473000,6620172,-0.1260082,0.10333856,0.036933437,12.367238,1.2255307e-05
1777226220681000,1777226220525000,6620172,-0.12593511,0.10340559,0.00866811,12.367271,6.7504453e-07
1777226220729000,1777226220577000,6620172,-0.12535657,0.10333856,0.06865361,12.367238,4.234592e-05
1777226220785000,1777226220629000,6620172,-0.124844044,0.10340559,0.060781375,12.367271,3.319133e-05
1777226220833000,1777226220681000,6620172,-0.12474712,0.10333856,0.011501759,12.367238,1.1885387e-06
1777226220889000,1777226220733000,6620172,-0.12482311,0.10340559,-0.009011425,12.367271,7.29576e-07
1777226220937000,1777226220785000,6620172,-0.124413386,0.10333856,0.048620716,12.367238,2.1238677e-05
1777226220993000,1777226220837000,6620172,-0.124735884,0.10340559,-0.038245305,12.367271,1.3141346e-05
1777226221041000,1777226220889000,6620172,-0.1249081,0.10333856,-0.020436235,12.367238,3.7522047e-06
1777226221097000,1777226220941000,6620172,-0.12570198,0.10340559,-0.09414708,12.367271,7.963378e-05
1777226221145000,1777226220993000,6620172,-0.12574004,0.10333856,-0.004516527,12.367238,1.832711e-07
1777226221201000,1777226221045000,6620172,-0.12594636,0.10340559,-0.024467483,12.367271,5.378513e-06
1777226221249000,1777226221097000,6620172,-0.12599316,0.10333856,-0.0055538863,12.367238,2.7712693e-07
1777226221305000,1777226221149000,6620172,-0.1258381,0.10340559,0.018388182,12.367271,3.0378142e-06
1777226221353000,1777226221201000,6620172,-0.1264395,0.10333856,-0.07136649,12.367238,4.5758676e-05
1777226221409000,1777226221253000,6620172,-0.12651613,0.10340559,-0.009089068,12.367271,7.4220225e-07
1777226221457000,1777226221305000,6620172,-0.1269678,0.10333856,-0.053598613,12.367238,2.5810228e-05
1777226221513000,1777226221357000,6620172,-0.12769336,0.10340559,-0.08604489,12.367271,6.6517176e-05
1777226221561000,1777226221409000,6620172,-0.1277298,0.10333856,-0.004325688,12.367238,1.6811062e-07
1777226221617000,1777226221461000,6620172,-0.12840185,0.10340559,-0.079698175,12.367271,5.7066383e-05
1777226221665000,1777226221513000,6620172,-0.12848145,0.10333856,-0.009446055,12.367238,8.016516e-07
1777226221721000,1777226221565000,6620172,-0.12909697,0.10340559,-0.0729956,12.367271,4.7871497e-05
1777226221769000,1777226221617000,6620172,-0.1295418,0.10333856,-0.052787796,12.367238,2.5035242e-05
1777226221825000,1777226221669000,6620172,-0.1301036,0.10340559,-0.06662519,12.367271,3.9880495e-05
1777226221873000,1777226221721000,6620172,-0.13111497,0.10333856,-0.12001847,12.367238,0.0001294139
1777226221929000,1777226221773000,6620172,-0.13151169,0.10340559,-0.047046646,12.367271,1.9885703e-05
1777226221977000,1777226221825000,6620172,-0.13191432,0.10333856,-0.047779083,12.367238,2.0509751e-05
1777226222033000,1777226221877000,6620172,-0.13268489,0.10340559,-0.0913828,12.367271,7.502613e-05
1777226222081000,1777226221929000,6620172,-0.13369097,0.10333856,-0.11939031,12.367238,0.00012806278
1777226222137000,1777226221981000,6620172,-0.13430142,0.10340559,-0.07239424,12.367271,4.7085978e-05
1777226222185000,1777226222033000,6620172,-0.13502412,0.10333856,-0.08576083,12.367238,6.607889e-05
1777226222241000,1777226222085000,6620172,-0.13546224,0.10340559,-0.051957086,12.367271,2.425343e-05
1777226222289000,1777226222137000,6620172,-0.13636802,0.10333856,-0.1074882,12.367238,0.00010380215
1777226222345000,1777226222189000,6620172,-0.13710438,0.10340559,-0.08732583,12.367271,6.8512374e-05
1777226222393000,1777226222241000,6620172,-0.13846,0.10333856,-0.16086926,12.367238,0.00023250423
1777226222449000,1777226222293000,6620172,-0.13964063,0.10340559,-0.1400129,12.367271,0.00017612448
1777226222497000,1777226222345000,6620172,-0.14087972,0.10333856,-0.1470415,12.367238,0.00019425161
1777226222553000,1777226222397000,6620172,-0.14194088,0.10340559,-0.12584391,12.367271,0.00014228137
1777226222601000,1777226222449000,6620172,-0.14290188,0.10333856,-0.11404057,12.367238,0.00011684321
1777226222657000,1777226222501000,6620172,-0.14428258,0.10340559,-0.16373874,12.367271,0.0002408721
1777226222705000,1777226222553000,6620172,-0.14516856,0.10333856,-0.10513759,12.367238,9.931178e-05
1777226222761000,1777226222605000,6620172,-0.1461583,0.10340559,-0.11737417,12.367271,0.00012377377
1777226222809000,1777226222657000,6620172,-0.14709327,0.10333856,-0.1109523,12.367238,0.00011060058
1777226222865000,1777226222709000,6620172,-0.14817357,0.10340559,-0.12811425,12.367271,0.00014746145
1777226222913000,1777226222761000,6620172,-0.14884366,0.10333856,-0.07951808,12.367238,5.680892e-05
1777226222969000,1777226222813000,6620172,-0.15005974,0.10340559,-0.14421664,12.367271,0.00018685914
1777226223017000,1777226222865000,6620172,-0.15090398,0.10333856,-0.100184396,12.367238,9.017474e-05
1777226223073000,1777226222917000,6620172,-0.15185797,0.10340559,-0.1131341,12.367271,0.0001149928
1777226223121000,1777226222969000,6620172,-0.15331583,0.10333856,-0.17300165,12.367238,0.00026889655
1777226223177000,1777226223021000,6620172,-0.15444839,0.10340559,-0.13431235,12.367271,0.00016207478
1777226223225000,1777226223073000,6620172,-0.15569077,0.10333856,-0.1474315,12.367238,0.00019528337
1777226223281000,1777226223125000,6620172,-0.15712318,0.10340559,-0.16987075,12.367271,0.00025925122
1777226223329000,1777226223177000,6620172,-0.15826562,0.10333856,-0.13557091,12.367238,0.00016512688
1777226223385000,1777226223229000,6620172,-0.15916628,0.10340559,-0.10681006,12.367271,0.00010249624
1777226223433000,1777226223281000,6620172,-0.1602956,0.10333856,-0.1340161,12.367238,0.00016136104
1777226223489000,1777226223333000,6620172,-0.16090637,0.10340559,-0.072431445,12.367271,4.7134392e-05
1777226223537000,1777226223385000,6620172,-0.16183151,0.10333856,-0.10978454,12.367238,0.000108284716
1777226223593000,1777226223437000,6620172,-0.16144837,0.10340559,0.04543747,12.367271,1.8548633e-05
1777226223641000,1777226223489000,6620172,-0.16083418,0.10333856,0.07288636,12.367238,4.772845e-05
1777226223697000,1777226223541000,6620172,-0.16017921,0.10340559,0.07767378,12.367271,5.4204138e-05
1777226223745000,1777226223593000,6620172,-0.15940495,0.10333856,0.09188087,12.367238,7.58464e-05
1777226223801000,1777226223645000,6620172,-0.1583364,0.10340559,0.12672062,12.367271,0.00014427071
1777226223849000,1777226223697000,6620172,-0.15658937,0.10333856,0.20731711,12.367238,0.00038614913
1777226223905000,1777226223749000,6620172,-0.15465702,0.10340559,0.22916017,12.367271,0.0004718043
1777226223953000,1777226223801000,6620172,-0.15243874,0.10333856,0.26323855,12.367238,0.00062256365
1777226224009000,1777226223853000,6620172,-0.14911112,0.10340559,0.39462626,12.367271,0.001399122
1777226224057000,1777226223905000,6620172,-0.14546062,0.10333856,0.43319926,12.367238,0.0016860102
1777226224113000,1777226223957000,6620172,-0.14211722,0.10340559,0.3964982,12.367271,0.0014124272
1777226224161000,1777226224009000,6620172,-0.13842767,0.10333856,0.43783253,12.367238,0.0017222684
1777226224217000,1777226224061000,6620172,-0.13398789,0.10340559,0.5265197,12.367271,0.002490651
1777226224265000,1777226224113000,6620172,-0.1297548,0.10333856,0.5023351,12.367238,0.0022671057
1777226224321000,1777226224165000,6620172,-0.12531891,0.10340559,0.52605605,12.367271,0.0024862664
1777226224369000,1777226224217000,6620172,-0.12064582,0.10333856,0.5545486,12.367238,0.0027628927
1777226224425000,1777226224269000,6620172,-0.116306305,0.10340559,0.51462775,12.367271,0.0023794142
1777226224473000,1777226224321000,6620172,-0.111793,0.10333856,0.5355873,12.367238,0.0025771833
1777226224529000,1777226224373000,6620172,-0.10656056,0.10340559,0.620521,12.367271,0.0034593665
1777226224577000,1777226224425000,6620172,-0.10118737,0.10333856,0.6376275,12.367238,0.0036527403
1777226224633000,1777226224477000,6620172,-0.09527699,0.10340559,0.7009188,12.367271,0.0044138646
1777226224681000,1777226224529000,6620172,-0.08981296,0.10333856,0.6484081,12.367238,0.0037773014
1777226224737000,1777226224581000,6620172,-0.08406539,0.10340559,0.6816098,12.367271,0.004174027
1777226224785000,1777226224633000,6620172,-0.078588344,0.10333856,0.6499528,12.367238,0.0037953204
1777226224841000,1777226224685000,6620172,-0.07295885,0.10340559,0.66760814,12.367271,0.0040043024
1777226224889000,1777226224737000,6620172,-0.0667504,0.10333856,0.73674667,12.367238,0.004876645
1777226224945000,1777226224789000,6620172,-0.060489897,0.10340559,0.7424401,12.367271,0.0049522943
1777226224993000,1777226224841000,6620172,-0.053677514,0.10333856,0.8084147,12.367238,0.005871556
1777226225049000,1777226224893000,6620172,-0.047427144,0.10340559,0.74123853,12.367271,0.0049362774
1777226225097000,1777226224945000,6620172,-0.041042697,0.10333856,0.7576322,12.367238,0.005157053
1777226225153000,1777226224997000,6620172,-0.03463227,0.10340559,0.76021993,12.367271,0.005192328
1777226225201000,1777226225049000,6620172,-0.027789617,0.10333856,0.81200653,12.367238,0.0059238467
1777226225257000,1777226225101000,6620172,-0.021327537,0.10340559,0.7663455,12.367271,0.0052763405
1777226225305000,1777226225153000,6620172,-0.014689067,0.10333856,0.7877765,12.367238,0.0055755903
1777226225361000,1777226225205000,6620172,-0.008559277,0.10340559,0.72693884,12.367271,0.004747657
1777226225409000,1777226225257000,6620172,-0.002148501,0.10333856,0.76075655,12.367238,0.0051996745
1777226225465000,1777226225309000,6620172,0.004579867,0.10340559,0.7979249,12.367271,0.0057201525
1777226225513000,1777226225361000,6620172,0.01164705,0.10333856,0.83865136,12.367238,0.00631899
1777226225569000,1777226225413000,6620172,0.018262178,0.10340559,0.78449553,12.367271,0.0055292286
1777226225617000,1777226225465000,6620172,0.02492295,0.10333856,0.79042315,12.367238,0.0056131165
1777226225673000,1777226225517000,6620172,0.031559173,0.10340559,0.7869972,12.367271,0.0055645495
1777226225721000,1777226225569000,6620172,0.03909207,0.10333856,0.8939169,12.367238,0.0071792495
1777226225777000,1777226225621000,6620172,0.046111647,0.10340559,0.83245945,12.367271,0.0062260097
1777226225825000,1777226225673000,6620172,0.053261403,0.10333856,0.8484501,12.367238,0.006467514
1777226225881000,1777226225725000,6620172,0.05969572,0.10340559,0.7630533,12.367271,0.005231104
1777226225929000,1777226225777000,6620172,0.06628636,0.10333856,0.78210115,12.367238,0.005495543
1777226225985000,1777226225829000,6620172,0.07263221,0.10340559,0.7525613,12.367271,0.005088237
1777226226033000,1777226225881000,6620172,0.07939981,0.10333856,0.8031002,12.367238,0.005794611
1777226226089000,1777226225933000,6620172,0.085840434,0.10340559,0.76380086,12.367271,0.0052413587
1777226226137000,1777226225985000,6620172,0.092019685,0.10333856,0.73328185,12.367238,0.0048308843
1777226226193000,1777226226037000,6620172,0.09783125,0.10340559,0.6891998,12.367271,0.0042675035
1777226226241000,1777226226089000,6620172,0.1037711,0.10333856,0.7048726,12.367238,0.0044638133
1777226226297000,1777226226141000,6620172,0.109973535,0.10340559,0.73555386,12.367271,0.004860854
1777226226345000,1777226226193000,6620172,0.11612995,0.10333856,0.7305721,12.367238,0.0047952463
1777226226401000,1777226226245000,6620172,0.12203028,0.10340559,0.699727,12.367271,0.0043988675
1777226226449000,1777226226297000,6620172,0.12807533,0.10333856,0.7173557,12.367238,0.0046233195
1777226226505000,1777226226349000,6620172,0.13382219,0.10340559,0.68152547,12.367271,0.0041729943
1777226226553000,1777226226401000,6620172,0.13938752,0.10333856,0.6604283,12.367238,0.0039186464
1777226226609000,1777226226453000,6620172,0.14481278,0.10340559,0.6433884,12.367271,0.0037190332
1777226226657000,1777226226505000,6620172,0.15060617,0.10333856,0.68749315,12.367238,0.004246406
1777226226713000,1777226226557000,6620172,0.1565722,0.10340559,0.7075176,12.367271,0.004497365
1777226226761000,1777226226609000,6620172,0.162141,0.10333856,0.6608411,12.367238,0.003923547
1777226226817000,1777226226661000,6620172,0.16716905,0.10340559,0.5962819,12.367271,0.0031943817
1777226226865000,1777226226713000,6620172,0.17203856,0.10333856,0.5778566,12.367238,0.0030000252
1777226226921000,1777226226765000,6620172,0.17704387,0.10340559,0.59358644,12.367271,0.0031655673
1777226226969000,1777226226817000,6620172,0.18196492,0.10333856,0.583973,12.367238,0.0030638697
1777226227025000,1777226226869000,6620172,0.1866673,0.10340559,0.5576591,12.367271,0.0027939663
1777226227073000,1777226226921000,6620172,0.19116084,0.10333856,0.53324234,12.367238,0.0025546653
1777226227129000,1777226226973000,6620172,0.19579133,0.10340559,0.54913455,12.367271,0.0027092004
1777226227177000,1777226227025000,6620172,0.20040627,0.10333856,0.54764736,12.367238,0.0026945532
1777226227233000,1777226227077000,6620172,0.20471999,0.10340559,0.51156884,12.367271,0.0023512118
1777226227281000,1777226227129000,6620172,0.20893566,0.10333856,0.50026655,12.367238,0.002248473
1777226227337000,1777226227181000,6620172,0.2128944,0.10340559,0.46947008,12.367271,0.0019801562
1777226227385000,1777226227233000,6620172,0.2167966,0.10333856,0.46306998,12.367238,0.0019265399
1777226227441000,1777226227285000,6620172,0.2206857,0.10340559,0.46121243,12.367271,0.0019111097
1777226227489000,1777226227337000,6620172,0.22470742,0.10333856,0.4772513,12.367238,0.0020463455
1777226227545000,1777226227389000,6620172,0.22862837,0.10340559,0.46498984,12.367271,0.0019425425
1777226227593000,1777226227441000,6620172,0.23243684,0.10333856,0.45194414,12.367238,0.001835077
1777226227649000,1777226227493000,6620172,0.23622647,0.10340559,0.4494174,12.367271,0.0018146104
1777226227697000,1777226227545000,6620172,0.23978111,0.10333856,0.42182407,12.367238,0.0015986281
1777226227753000,1777226227597000,6620172,0.24347536,0.10340559,0.43810585,12.367271,0.0017244146
1777226227801000,1777226227649000,6620172,0.24653637,0.10333856,0.3632446,12.367238,0.0011854495
1777226227857000,1777226227701000,6620172,0.24990167,0.10340559,0.3990935,12.367271,0.001430978
1777226227905000,1777226227753000,6620172,0.25330713,0.10333856,0.40412056,12.367238,0.0014672587
1777226227961000,1777226227805000,6620172,0.25661817,0.10340559,0.39265844,12.367271,0.0013852031
1777226228009000,1777226227857000,6620172,0.2601617,0.10333856,0.42050585,12.367238,0.0015886523
1777226228065000,1777226227909000,6620172,0.26297334,0.10340559,0.3334357,12.367271,0.0009988673
1777226228113000,1777226227961000,6620172,0.2662545,0.10333856,0.3893704,12.367238,0.0013621052
1777226228169000,1777226228013000,6620172,0.26924458,0.10340559,0.3545951,12.367271,0.0011296633
1777226228217000,1777226228065000,6620172,0.27167055,0.10333856,0.28788432,12.367238,0.0007445961
1777226228273000,1777226228117000,6620172,0.2742462,0.10340559,0.30544737,12.367271,0.0008382168
1777226228321000,1777226228169000,6620172,0.2764546,0.10333856,0.26206973,12.367238,0.00061704736
1777226228377000,1777226228221000,6620172,0.27885583,0.10340559,0.28476366,12.367271,0.0007285389
1777226228425000,1777226228273000,6620172,0.28128952,0.10333856,0.28880164,12.367238,0.0007493489
1777226228481000,1777226228325000,6620172,0.28352284,0.10340559,0.26485306,12.367271,0.000630222
1777226228529000,1777226228377000,6620172,0.28570837,0.10333856,0.25935435,12.367238,0.00060432684
1777226228585000,1777226228429000,6620172,0.2874572,0.10340559,0.20739466,12.367271,0.00038643702
1777226228633000,1777226228481000,6620172,0.28920043,0.10333856,0.20686653,12.367238,0.00038447246
1777226228689000,1777226228533000,6620172,0.29070982,0.10340559,0.17900026,12.367271,0.00028786634
1777226228737000,1777226228585000,6620172,0.29197767,0.10333856,0.15045229,12.367238,0.00020336788
1777226228793000,1777226228637000,6620172,0.29369473,0.10340559,0.2036278,12.367271,0.000372527
1777226228841000,1777226228689000,6620172,0.2950521,0.10333856,0.16107821,12.367238,0.00023310863
1777226228897000,1777226228741000,6620172,0.2961905,0.10340559,0.1350016,12.367271,0.0001637425
1777226228945000,1777226228793000,6620172,0.29733115,0.10333856,0.13535857,12.367238,0.00016461003
1777226229001000,1777226228845000,6620172,0.29817343,0.10340559,0.09988564,12.367271,8.96375e-05
1777226229049000,1777226228897000,6620172,0.29909804,0.10333856,0.10972452,12.367238,0.00010816634
1777226229105000,1777226228949000,6620172,0.29952836,0.10340559,0.05103013,12.367271,2.3395747e-05
1777226229153000,1777226229001000,6620172,0.30051795,0.10333856,0.11743331,12.367238,0.00012389888
1777226229209000,1777226229053000,6620172,0.30180734,0.10340559,0.15291223,12.367271,0.00021007193
1777226229257000,1777226229105000,6620172,0.30273557,0.10333856,0.11014944,12.367238,0.00010900574
1777226229313000,1777226229157000,6620172,0.3034067,0.10340559,0.07958865,12.367271,5.690965e-05
1777226229361000,1777226229209000,6620172,0.30415273,0.10333856,0.08853057,12.367238,7.041598e-05
1777226229417000,1777226229261000,6620172,0.30440763,0.10340559,0.030228376,12.367271,8.209435e-06
1777226229465000,1777226229313000,6620172,0.30434594,0.10333856,-0.0073190033,12.367238,4.812698e-07
1777226229521000,1777226229365000,6620172,0.30467486,0.10340559,0.039007336,12.367271,1.3670241e-05
1777226229569000,1777226229417000,6620172,0.30473232,0.10333856,0.006818056,12.367238,4.1764366e-07
