timestamp,timestamp_sample,time_last_fuse,device_id,observation[0],observation[1],observation[2],observation_variance[0],observation_variance[1],observation_variance[2],innovation[0],innovation[1],innovation[2],innovation_filtered[0],innovation_filtered[1],innovation_filtered[2],innovation_variance[0],innovation_variance[1],innovation_variance[2],test_ratio[0],test_ratio[1],test_ratio[2],test_ratio_filtered[0],test_ratio_filtered[1],test_ratio_filtered[2],estimator_instance,innovation_rejected,fused
1777226214697000,1777226214541000,1777226214545000,0,0.22924232,0.018676652,0.423102,0.0025000002,0.0025000002,0.0025000002,-0.0006169028,-0.009703303,-0.00035756826,-0.00011324831,-0.0019866652,-0.0010905436,0.002502784,0.0025107765,0.0025016284,1.6895367e-05,0.004166591,5.6693257e-06,-1.4488238e-05,-0.00063829985,-0.00022571285,0,0,1
1777226214761000,1777226214609000,1777226214609000,0,0.23012963,0.00831801,0.42318052,0.0025000002,0.0025000002,0.0025000002,-0.0016138585,0.0006948523,-0.0003773868,-0.0002928988,-0.0016656112,-0.001005115,0.0025027655,0.002510756,0.0025016225,0.000115629395,2.138074e-05,6.3115253e-06,-2.6596685e-05,-0.00055932405,-0.0001994465,0,0,1
1777226214833000,1777226214677000,1777226214681000,0,0.22884905,0.013401838,0.4209998,0.0025000002,0.0025000002,0.0025000002,-0.00041929484,-0.004294146,0.001848638,-0.00030803072,-0.0019802877,-0.0006634528,0.0025027744,0.0025107656,0.0025016249,7.805034e-06,0.00081600505,0.00015181013,-2.434698e-05,-0.00059005345,-0.00015739465,0,0,1
1777226214897000,1777226214745000,1777226214745000,0,0.22866577,0.009416944,0.4233355,0.0025000002,0.0025000002,0.0025000002,-0.00023691717,-0.0002332842,-0.0004889071,-0.00029951712,-0.0017711355,-0.00064254575,0.0025027797,0.0025107674,0.0025016265,2.4918845e-06,2.4076726e-06,1.0612776e-05,-2.1730526e-05,-0.0005197015,-0.00013982218,0,0,1
1777226214969000,1777226214813000,1777226214817000,0,0.22295822,0.008864047,0.4246133,0.0025000002,0.0025000002,0.0025000002,0.00531874,0.0003122585,-0.0016823411,0.00037309102,-0.0015218065,-0.00076723454,0.0025027648,0.002510755,0.0025016216,0.0012558997,4.29395e-06,0.0001259659,0.0001312252,-0.00045696966,-0.00013816333,0,0,1
1777226215033000,1777226214881000,1777226214881000,0,0.22781754,0.008685893,0.4233879,0.0025000002,0.0025000002,0.0025000002,0.00047225517,0.000521753,-0.00046679378,0.0003849628,-0.0012771633,-0.00073128595,0.0025027697,0.0025107565,0.0025016232,9.90125e-06,1.2043909e-05,9.684823e-06,0.0001167005,-0.00040082016,-0.0001227821,0,0,1
1777226215105000,1777226214949000,1777226214953000,0,0.2262862,0.010368581,0.42379305,0.0025000002,0.0025000002,0.0025000002,0.0020704223,-0.0012500081,-0.00090545416,0.0005867431,-0.0012739479,-0.00075222005,0.0025027795,0.0025107667,0.0025016263,0.00019030613,6.9180394e-05,3.6469744e-05,0.00012551245,-0.0003611168,-0.000112448935,0,0,1
1777226215169000,1777226215017000,1777226215017000,0,0.22833455,0.01091112,0.42289826,0.0025000002,0.0025000002,0.0025000002,7.80531e-05,-0.0018395502,-4.0620565e-05,0.0005258436,-0.0013416623,-0.0006670411,0.0025027846,0.0025107637,0.0025016277,2.70467e-07,0.00014975473,7.366488e-08,0.0001105187,-0.0003358129,-9.899556e-05,0,0,1
1777226215241000,1777226215085000,1777226215089000,0,0.22317325,0.015047555,0.42259458,0.0025000002,0.0025000002,0.0025000002,0.0051445127,-0.0058864392,0.00031396747,0.0010787828,-0.0018858442,-0.0005498004,0.00250277,0.002510756,0.0025016232,0.0011749654,0.0015337974,4.330908e-06,0.00023795245,-0.00047923357,-8.662549e-05,0,0,1
1777226215305000,1777226215153000,1777226215153000,0,0.2267022,0.008618973,0.42335278,0.0025000002,0.0025000002,0.0025000002,0.0015196052,0.00058157276,-0.00039595366,0.0011315574,-0.0015904753,-0.00053144625,0.002502775,0.0025107574,0.0025016242,0.000102517304,1.4956663e-05,6.9822845e-06,0.00022173839,-0.00042006996,-7.709074e-05,0,0,1
1777226215377000,1777226215221000,1777226215225000,0,0.22934087,0.012320468,0.41942874,0.0025000002,0.0025000002,0.0025000002,-0.0011310105,-0.0031791655,0.0035347044,0.00086068665,-0.001780651,-4.4606073e-05,0.0025027841,0.0025107623,0.0025016272,5.6789413e-05,0.00044723263,0.0005550583,0.00018839352,-0.00042332182,-1.4109319e-06,0,0,1
1777226215441000,1777226215289000,1777226215289000,0,0.22806254,0.009414708,0.42172933,0.0025000002,0.0025000002,0.0025000002,0.00021258547,-0.00028654467,0.001198262,0.00078309706,-0.0016017829,0.000104182545,0.0025027657,0.0025107465,0.0025016218,2.0063396e-06,3.6343986e-06,6.3768544e-05,0.00016607957,-0.00037307755,6.3922444e-06,0,0,1
1777226215513000,1777226215357000,1777226215361000,0,0.22687706,0.005888087,0.42586175,0.0025000002,0.0025000002,0.0025000002,0.0013784195,0.0031741564,-0.0029222965,0.00085436803,-0.0010300395,-0.00025819722,0.0025027748,0.0025107565,0.0025016246,8.435261e-05,0.0004458151,0.00037941977,0.00015629535,-0.00027504112,-3.9796512e-05,0,0,1
1777226215577000,1777226215425000,1777226215425000,0,0.22836223,0.009487111,0.42092884,0.0025000002,0.0025000002,0.0025000002,-0.0001316047,-0.0003573019,0.0020230114,0.00073632906,-0.0009494981,1.4903024e-05,0.0025027797,0.0025107532,0.002501626,7.689138e-07,5.6490417e-06,0.00018177075,0.0001374919,-0.00024278996,-1.3270857e-05,0,0,1
1777226215649000,1777226215493000,1777226215497000,0,0.220552,0.009682678,0.4249415,0.0025000002,0.0025000002,0.0025000002,0.0076002995,-0.0004944829,-0.0019471347,0.0015580719,-0.0008951554,-0.00022028222,0.0025027653,0.0025107453,0.0025016214,0.0025644768,1.0868682e-05,0.0001688187,0.0004280464,-0.00021502475,-3.189278e-05,0,0,1
1777226215713000,1777226215561000,1777226215561000,0,0.22796528,0.010850821,0.4229464,0.0025000002,0.0025000002,0.0025000002,0.00027301168,-0.0015953789,-3.5464764e-06,0.0014042268,-0.0009789898,-0.00019433464,0.0025027709,0.0025107467,0.0025016235,3.309016e-06,0.000112643,5.5772503e-10,0.00037719755,-0.00020276778,-2.8074699e-05,0,0,1
1777226215785000,1777226215629000,1777226215633000,0,0.23178826,0.008679643,0.42639711,0.0025000002,0.0025000002,0.0025000002,-0.0036140576,0.00059551373,-0.0034214258,0.0008034463,-0.0007904306,-0.000580534,0.0025027795,0.0025107518,0.0025016258,0.00057986245,1.5721569e-05,0.0005195737,0.00026261996,-0.00017661061,-8.6916116e-05,0,0,1
1777226215921000,1777226215765000,1777226215769000,0,0.22895615,0.012857203,0.42513058,0.0025000002,0.0025000002,0.0025000002,-0.0007446502,-0.0036833407,-0.0021692216,0.00047240677,-0.0014090175,-0.00092021463,0.0025027734,0.0025107919,0.0025016246,2.461731e-05,0.00060035125,0.00020896358,0.00020119816,-0.00026722183,-0.000113014314,0,0,1
1777226215985000,1777226215833000,1777226215833000,0,0.22793926,0.01012421,0.42369086,0.0025000002,0.0025000002,0.0025000002,0.000257406,-0.0010801125,-0.0007170439,0.00044666725,-0.0013696459,-0.0008959035,0.0025027783,0.0025107884,0.002501626,2.9415246e-06,5.1631527e-05,2.2842794e-05,0.00017746321,-0.00024141172,-0.000102219135,0,0,1
1777226216057000,1777226215901000,1777226215905000,0,0.22701895,0.009143116,0.42677277,0.0025000002,0.0025000002,0.0025000002,0.0010662812,-0.00018792227,-0.0037364364,0.0005208464,-0.0012281901,-0.0012360057,0.0025027872,0.0025107975,0.0025016284,5.047509e-05,1.5653258e-06,0.00062018936,0.0001622604,-0.00021269772,-0.00016422966,0,0,1
1777226216121000,1777226215969000,1777226215969000,0,0.22737595,0.008976309,0.42382985,0.0025000002,0.0025000002,0.0025000002,0.0007311787,4.5483e-05,-0.00080531836,0.00054602703,-0.0010757208,-0.0011844682,0.002502769,0.0025107807,0.0025016232,2.37347e-05,9.112537e-08,2.8819335e-05,0.00014567634,-0.000187223,-0.00014801856,0,0,1
1777226216193000,1777226216037000,1777226216041000,0,0.23576473,0.012272883,0.4148721,0.0025000002,0.0025000002,0.0025000002,-0.00766859,-0.0032468978,0.008155733,-0.00043741293,-0.0013355202,-6.597862e-05,0.0025027776,0.0025107851,0.0025016256,0.002610756,0.00046622346,0.0029561392,-0.00018431904,-0.00022062447,0.00022360592,0,0,1
1777226216257000,1777226216105000,1777226216105000,0,0.22712035,0.0116758635,0.42246813,0.0025000002,0.0025000002,0.0025000002,0.0010395598,-0.0026463727,0.0005263388,-0.00026059226,-0.0014924706,4.8931834e-06,0.002502783,0.0025107868,0.0025016272,4.7977024e-05,0.000309954,1.2289151e-05,-0.00015650895,-0.00023131885,0.00019830743,0,0,1
1777226216329000,1777226216173000,1777226216177000,0,0.22615142,0.009043756,0.41823742,0.0025000002,0.0025000002,0.0025000002,0.0018636136,-8.748099e-05,0.0048365593,-6.2859326e-06,-0.0013242991,0.00058325933,0.0025027678,0.0025107735,0.0025016228,0.00015418732,3.4070794e-07,0.0010387228,-0.00011931292,-0.00020366654,0.00029892052,0,0,1
1777226216393000,1777226216241000,1777226216241000,0,0.2276838,0.010989591,0.4215076,0.0025000002,0.0025000002,0.0025000002,0.00034187917,-0.0020839507,0.0015584826,3.5395802e-05,-0.0014152491,0.0006999949,0.0025027727,0.0025107744,0.0025016242,5.1889724e-06,0.00019219618,0.000107860535,-0.000104407765,-0.00020229333,0.00027604715,0,0,1
1777226216465000,1777226216309000,1777226216313000,0,0.22466065,0.011838249,0.42601997,0.0025000002,0.0025000002,0.0025000002,0.0033667448,-0.003009447,-0.0029530525,0.00043421926,-0.0016061601,0.00026253622,0.002502782,0.002510784,0.0025016267,0.00050321646,0.0004009197,0.00038759405,-3.166402e-05,-0.00022607255,0.00019659716,0,0,1
1777226216529000,1777226216377000,1777226216377000,0,0.22807063,0.008707929,0.42095813,0.0025000002,0.0025000002,0.0025000002,-0.00016494868,0.00010575913,0.0021741986,0.0003624879,-0.0014012095,0.00049140106,0.0025027632,0.002510762,0.002501621,1.2079123e-06,4.951765e-07,0.0002099652,-2.8017868e-05,-0.00019894824,0.00019819757,0,0,1
1777226216601000,1777226216445000,1777226216449000,0,0.2307411,0.010173039,0.41951063,0.0025000002,0.0025000002,0.0025000002,-0.0027110118,-0.0013710074,0.0035530329,-5.4662814e-06,-0.0013975487,0.00085803785,0.0025027725,0.0025107712,0.0025016242,0.00032628636,8.313644e-05,0.000560977,-6.372607e-05,-0.00018508345,0.0002416289,0,0,1
1777226216665000,1777226216513000,1777226216513000,0,0.22743891,0.011701755,0.42209378,0.0025000002,0.0025000002,0.0025000002,0.0005005736,-0.0028769663,0.0010182858,5.5115954e-05,-0.0015746707,0.0008772118,0.0025027774,0.0025107723,0.0025016253,1.1124261e-05,0.00036630366,4.6046724e-05,-5.4765114e-05,-0.00020677883,0.00021821415,0,0,1
1777226216737000,1777226216581000,1777226216585000,0,0.22600718,0.014033941,0.42346245,0.0025000002,0.0025000002,0.0025000002,0.0020215893,-0.005152636,-0.0004003346,0.0002905388,-0.0020030532,0.00072426273,0.0025027632,0.0025107635,0.0025016216,0.00018143606,0.0011750582,7.119406e-06,-2.6487513e-05,-0.0003226996,0.0001912376,0,0,1
1777226216801000,1777226216649000,1777226216649000,0,0.22778963,0.010746273,0.42123213,0.0025000002,0.0025000002,0.0025000002,0.00019294779,-0.0017602798,0.0018522739,0.00027885535,-0.0019739922,0.00085930794,0.0025027697,0.002510765,0.0025016232,1.6527844e-06,0.0001371288,0.00015238854,-2.3118604e-05,-0.00030048337,0.00018658667,0,0,1
1777226216873000,1777226216717000,1777226216721000,0,0.22070274,0.013759513,0.4228527,0.0025000002,0.0025000002,0.0025000002,0.0072200573,-0.004773193,0.0002630949,0.0011098443,-0.0023092316,0.0007879203,0.00250278,0.002510775,0.0025016263,0.0023142812,0.0010086857,3.072449e-06,0.00025671095,-0.00038526815,0.00016461665,0,0,1
1777226216937000,1777226216785000,1777226216785000,0,0.22911865,0.011231878,0.42162517,0.0025000002,0.0025000002,0.0025000002,-0.0011963927,-0.0023053316,0.0014901459,0.0008337456,-0.0023087442,0.0008719851,0.0025027865,0.0025107765,0.002501628,6.3544976e-05,0.00023515374,9.8621276e-05,0.00021837045,-0.0003672967,0.00015671579,0,0,1
1777226217009000,1777226216853000,1777226216857000,0,0.22550792,0.013828019,0.42604944,0.0025000002,0.0025000002,0.0025000002,0.002374864,-0.0049343016,-0.0029124916,0.0010182457,-0.0026231122,0.0004189051,0.002502773,0.0025107686,0.0025016237,0.000250388,0.001077611,0.00037677915,0.00022220354,-0.00045233432,9.284668e-05,0,0,1
1777226217073000,1777226216921000,1777226216921000,0,0.22713809,0.011353035,0.42235607,0.0025000002,0.0025000002,0.0025000002,0.00082482275,-0.0024680542,0.00073862076,0.0009950894,-0.002604563,0.00045717682,0.0025027792,0.0025107702,0.0025016263,3.0203426e-05,0.00026958864,2.4229135e-05,0.00019921761,-0.00043045633,8.463191e-05,0,0,1
1777226217145000,1777226216989000,1777226216993000,0,0.2280357,0.011140763,0.42211077,0.0025000002,0.0025000002,0.0025000002,-0.0001138908,-0.0022671977,0.0010058284,0.0008623242,-0.002564172,0.0005228551,0.0025027893,0.0025107802,0.002501629,5.7585146e-07,0.00022746832,4.4930734e-05,0.00017529869,-0.00040615496,7.9878955e-05,0,0,1
1777226217209000,1777226217057000,1777226217057000,0,0.22982161,0.0095358435,0.42241952,0.0025000002,0.0025000002,0.0025000002,-0.0018120351,-0.00056255236,0.0006471276,0.0005421544,-0.0023245106,0.00053773413,0.0025027725,0.0025107637,0.0025016244,0.00014577039,1.3992006e-05,1.8600736e-05,0.00013686085,-0.00035920588,7.254283e-05,0,0,1
1777226217281000,1777226217125000,1777226217129000,0,0.22703546,0.012591595,0.41758424,0.0025000002,0.0025000002,0.0025000002,0.00092934683,-0.0036875103,0.0055082142,0.00058850844,-0.0024877023,0.0011327902,0.0025027825,0.0025107737,0.0025016274,3.834335e-05,0.00060179335,0.0013475806,0.00012506651,-0.00038824804,0.00022518818,0,0,1
1777226217345000,1777226217193000,1777226217193000,0,0.22714502,0.009574227,0.42228127,0.0025000002,0.0025000002,0.0025000002,0.0009064836,-0.00063984003,0.0007609725,0.0006265759,-0.0022664948,0.0010882762,0.002502789,0.0025107753,0.0025016295,3.6479858e-05,1.812455e-05,2.5719723e-05,0.000114461065,-0.00034393749,0.00020130815,0,0,1
1777226217417000,1777226217261000,1777226217265000,0,0.22713494,0.014540049,0.41902176,0.0025000002,0.0025000002,0.0025000002,0.0011085308,-0.005458978,0.0039131045,0.0006842747,-0.0026487121,0.0014264558,0.0025027758,0.0025107667,0.0025016265,5.4554563e-05,0.00131886,0.0006800966,0.00010728916,-0.00046065354,0.0002586279,0,0,1
1777226217481000,1777226217329000,1777226217329000,0,0.22699511,0.007445425,0.42232904,0.0025000002,0.0025000002,0.0025000002,0.0012459472,0.0016169883,0.0006054044,0.0007515172,-0.0021380507,0.0013281569,0.002502782,0.002510769,0.0025016281,6.891817e-05,0.000115683324,1.627714e-05,0.00010269545,-0.00039165549,0.00022961407,0,0,1
1777226217553000,1777226217397000,1777226217401000,0,0.22188033,0.011106197,0.41289207,0.0025000002,0.0025000002,0.0025000002,0.006302816,-0.0019163294,0.010070115,0.0014161093,-0.0021116121,0.0023747305,0.0025027923,0.0025107788,0.0025016312,0.0017636075,0.00016266301,0.00450406,0.00030153702,-0.0003642409,0.0007413435,0,0,1
1777226217617000,1777226217465000,1777226217465000,0,0.22807913,0.009768123,0.42315248,0.0025000002,0.0025000002,0.0025000002,0.00011981623,-0.00057253893,-0.00020542741,0.0012609193,-0.0019273589,0.0020658392,0.0025027988,0.0025107805,0.002501633,6.373278e-07,1.450723e-05,1.8742192e-06,0.0002655138,-0.00032237137,0.0006523667,0,0,1
1777226217689000,1777226217533000,1777226217537000,0,0.22317378,0.011732794,0.41773155,0.0025000002,0.0025000002,0.0025000002,0.003258523,-0.0022693798,0.006158322,0.0015000689,-0.0019683596,0.0025557873,0.0025027853,0.0025107728,0.0025016223,0.00047138467,0.00022800187,0.0016844729,0.00029016033,-0.0003110736,0.0007759287,0,0,1
1777226217753000,1777226217601000,1777226217601000,0,0.2211355,0.010762179,0.4282181,0.0025000002,0.0025000002,0.0025000002,-0.00016342389,-0.00017809495,-0.0014858544,0.0013009184,-0.0017540295,0.0020719236,0.0025028093,0.0025107749,0.0025016032,1.1856617e-06,1.4032906e-06,9.806557e-05,0.00025528087,-0.0002740004,0.0006712956,0,0,1
1777226217825000,1777226217669000,1777226217673000,0,0.2137269,0.014570607,0.43206137,0.0025000002,0.0025000002,0.0025000002,0.0013342886,-0.0028622868,-0.0023478568,0.0013049134,-0.0018867305,0.001542802,0.0025028696,0.0025107863,0.0025015846,7.9034886e-05,0.0003626023,0.0002448295,0.000234181,-0.00028460767,0.0005616187,0,0,1
1777226217889000,1777226217737000,1777226217737000,0,0.21227227,0.013766084,0.43172532,0.0025000002,0.0025000002,0.0025000002,-0.001120117,-0.0013696942,-9.560585e-05,0.0010145929,-0.0018248125,0.0013466615,0.0025029008,0.0025107707,0.0025015667,5.5698132e-05,8.3003266e-05,4.0549526e-07,0.00019947716,-0.00026047192,0.00049433415,0,0,1
1777226217961000,1777226217805000,1777226217809000,0,0.20887516,0.01361323,0.4192596,0.0025000002,0.0025000002,0.0025000002,-0.00010961016,-0.00097020157,0.013523012,0.00088000525,-0.0017224979,0.002804399,0.002502948,0.0025107795,0.0025015606,5.3334384e-07,4.1654108e-05,0.008122625,0.00017553224,-0.00023427542,0.0014075802,0,0,1
1777226218025000,1777226217873000,1777226217873000,0,0.20863739,0.01262298,0.43208787,0.0025000002,0.0025000002,0.0025000002,-0.00069302303,-7.5935386e-05,0.0010866225,0.000691685,-0.0015253621,0.0025987579,0.0025029678,0.002510778,0.002501559,2.1320508e-05,2.544958e-07,5.2451553e-05,0.00015196537,-0.00020625883,0.0012453465,0,0,1
1777226218097000,1777226217941000,1777226217945000,0,0.19981669,0.013400536,0.4294809,0.0025000002,0.0025000002,0.0025000002,0.008188071,-0.0012591574,0.0036759675,0.0015891396,-0.0014936363,0.0027277328,0.0025029494,0.0025107642,0.0025015548,0.0029762443,7.0297465e-05,0.0006002288,0.00049008324,-0.00018998177,0.0011681141,0,0,1
1777226218161000,1777226218009000,1777226218009000,0,0.20811078,0.010559721,0.43347776,0.0025000002,0.0025000002,0.0025000002,0.0006353568,0.0011752713,-0.000670135,0.0014749543,-0.0011741304,0.0023209434,0.0025029413,0.00251076,0.0025015583,1.7920174e-05,6.111671e-05,1.9947918e-05,0.00043355668,-0.00015992069,0.0010258814,0,0,1
1777226218233000,1777226218077000,1777226218081000,0,0.2036963,0.015096124,0.42940867,0.0025000002,0.0025000002,0.0025000002,0.006137968,-0.003963501,0.0028885603,0.0020332024,-0.0015081761,0.0023889071,0.002502932,0.0025107642,0.0025015636,0.0016724674,0.00069551315,0.00037062363,0.00058187696,-0.00022404091,0.00094743504,0,0,1
1777226218297000,1777226218145000,1777226218145000,0,0.21111606,0.009938165,0.43070778,0.0025000002,0.0025000002,0.0025000002,-0.00012539754,0.000704702,0.0010358691,0.0017747786,-0.0012432518,0.002226911,0.002502891,0.0025107386,0.002501562,6.980613e-07,2.1978081e-05,4.765046e-05,0.0005121321,-0.00019458793,0.00083971437,0,0,1
1777226218369000,1777226218213000,1777226218217000,0,0.21240371,0.0114514325,0.43879572,0.0025000002,0.0025000002,0.0025000002,-9.624817e-05,-0.0013503442,-0.0076855123,0.0015507825,-0.0012560713,0.001040217,0.00250288,0.0025107418,0.0025015683,4.112467e-07,8.0693084e-05,0.0026235336,0.00045077124,-0.00018095263,0.0004251002,0,0,1
1777226218433000,1777226218281000,1777226218281000,0,0.21281537,0.0094567975,0.42991224,0.0025000002,0.0025000002,0.0025000002,0.0005149942,0.0003097579,0.00070410967,0.0014267797,-0.0010686216,0.0009999819,0.0025028703,0.0025107383,0.002501573,1.1773995e-05,4.2441943e-06,2.2021988e-05,0.00039821523,-0.00015878119,0.00037684437,0,0,1
1777226218505000,1777226218349000,1777226218353000,0,0.21604253,0.023660587,0.429423,0.0025000002,0.0025000002,0.0025000002,-0.0016654358,-0.014337892,0.0006827116,0.0010565849,-0.002657167,0.0009619925,0.002502837,0.0025107195,0.0025015713,0.00012313479,0.009097355,2.0699108e-05,0.00033580008,-0.0012288921,0.00033420726,0,0,1
1777226218569000,1777226218417000,1777226218417000,0,0.21477012,0.010114824,0.42921776,0.0025000002,0.0025000002,0.0025000002,0.00019225146,-0.001014065,0.0006007254,0.00095310836,-0.0024604609,0.00091873924,0.0025028328,0.0025107155,0.0025015739,1.6408352e-06,4.5510897e-05,1.602731e-05,0.0002957951,-0.0010872197,0.0002961153,0,0,1
1777226218641000,1777226218485000,1777226218489000,0,0.2260127,0.0059622596,0.43306378,0.0025000002,0.0025000002,0.0025000002,-0.010486711,0.0028949133,-0.0035229027,-0.00041644723,-0.0018191411,0.00038698944,0.0025028333,0.0025107202,0.0025015774,0.0048820716,0.00037127023,0.00055125565,-0.0003240903,-0.0009126117,0.00019466948,0,0,1
1777226218705000,1777226218553000,1777226218553000,0,0.21700928,0.00775466,0.43008125,0.0025000002,0.0025000002,0.0025000002,-0.0011359772,0.00083408225,-0.00070497394,-0.0005025881,-0.001501482,0.00025626458,0.002502832,0.0025107171,0.0025015792,5.728818e-05,3.0799856e-05,2.2072789e-05,-0.0002921492,-0.0007996681,0.00016872147,0,0,1
1777226218777000,1777226218621000,1777226218625000,0,0.22163722,-0.003384433,0.42440918,0.0025000002,0.0025000002,0.0025000002,-0.0053765327,0.0117730405,0.0047765374,-0.0010860884,8.7815104e-05,0.00079744536,0.002502806,0.0025106992,0.002501575,0.0012833197,0.0061347648,0.0010134511,-0.00041081046,3.0510419e-05,0.00026985107,0,0,1
1777226218841000,1777226218689000,1777226218689000,0,0.21698622,0.007837406,0.42887408,0.0025000002,0.0025000002,0.0025000002,-0.00045149535,0.00035201292,0.00017648935,-0.001010116,0.00011945232,0.00072310725,0.0025028049,0.002510696,0.0025015762,9.04976e-06,5.485844e-06,1.3837292e-06,-0.00036271237,2.751452e-05,0.00023771061,0,0,1
1777226218913000,1777226218757000,1777226218761000,0,0.21432734,0.006025988,0.41677153,0.0025000002,0.0025000002,0.0025000002,0.0024237577,0.0019808956,0.012173325,-0.0005990184,0.0003422589,0.0020939084,0.0025028088,0.0025107008,0.002501579,0.00026080039,0.00017359252,0.0065820636,-0.00028806648,4.500273e-05,0.0009972458,0,0,1
1777226218977000,1777226218825000,1777226218825000,0,0.21723206,0.0074471943,0.4295983,0.0025000002,0.0025000002,0.0025000002,-0.00029615525,0.0004199501,-0.0007507503,-0.00056276016,0.00035156502,0.0017533551,0.0025027804,0.0025106766,0.002501573,3.8937997e-06,7.806376e-06,2.503185e-05,-0.00025404582,4.0549647e-05,0.00087486045,0,0,1
1777226219049000,1777226218893000,1777226218897000,0,0.2145651,0.01131963,0.4264765,0.0025000002,0.0025000002,0.0025000002,0.0025286588,-0.003480888,0.0022921562,-0.00019266072,-0.000107293774,0.0018178516,0.002502786,0.0025106827,0.0025015753,0.00028386657,0.0005363368,0.00023334962,-0.00018964786,-2.8514216e-05,0.00079805986,0,0,1
1777226219113000,1777226218961000,1777226218961000,0,0.21620639,0.007447054,0.42803434,0.0025000002,0.0025000002,0.0025000002,0.0008887602,0.00027577952,0.0007340496,-6.319485e-05,-6.143289e-05,0.0016881006,0.002502789,0.0025106815,0.002501576,3.5067307e-05,3.365812e-06,2.3932862e-05,-0.00016274535,-2.4697594e-05,0.00070538267,0,0,0
1777226219185000,1777226219029000,1777226219033000,0,0.21936478,0.012297728,0.4316106,0.0025000002,0.0025000002,0.0025000002,-0.0022759952,-0.004632857,-0.0028386116,-0.00032810756,-0.0006086778,0.0011462471,0.002502772,0.0025107136,0.0025015718,0.00022997407,0.0009497258,0.00035773407,-0.00017079385,-0.0001354404,0.0005781081,0,0,1
1777226219249000,1777226219097000,1777226219097000,0,0.21636318,0.00703612,0.42874566,0.0025000002,0.0025000002,0.0025000002,0.00073168427,0.0006391867,2.5838614e-05,-0.0002012311,-0.00045929803,0.0010120953,0.002502775,0.0025107125,0.0025015725,2.376748e-05,1.8074854e-05,2.9300903e-08,-0.0001475013,-0.000117061805,0.0005089015,0,0,1
1777226219321000,1777226219165000,1777226219169000,0,0.21764736,-0.004768987,0.42964506,0.0025000002,0.0025000002,0.0025000002,-0.00062513875,0.012538992,-0.0008392036,-0.00025198061,0.0010968458,0.000790495,0.0025027827,0.0025107195,0.0025015739,1.7349508e-05,0.006958101,3.1259628e-05,-0.00013191975,0.0007299646,0.00044423432,0,0,1
1777226219385000,1777226219233000,1777226219233000,0,0.21684536,0.006819754,0.42793176,0.0025000002,0.0025000002,0.0025000002,8.0318e-05,0.0009398549,0.0009238422,-0.00021219839,0.0010780498,0.0008064569,0.0025027874,0.0025107185,0.0025015743,2.8639096e-07,3.9090413e-05,3.7907237e-05,-0.000116092255,0.0006472543,0.00039558954,0,0,1
1777226219457000,1777226219301000,1777226219305000,0,0.21955055,0.0069683245,0.43255305,0.0025000002,0.0025000002,0.0025000002,-0.0027267148,0.00093685044,-0.0036499798,-0.000513232,0.0010611913,0.00027303223,0.0025027697,0.0025107078,0.0025015697,0.0003300776,3.88737e-05,0.00059148297,-0.00014171022,0.00057442,0.0002774189,0,0,1
1777226219521000,1777226219369000,1777226219369000,0,0.21648745,0.00834071,0.42943367,0.0025000002,0.0025000002,0.0025000002,0.00014919988,-0.00026483834,-0.00043606758,-0.0004339268,0.0009024387,0.00018814177,0.002502775,0.002510708,0.00250157,9.882633e-07,3.1045154e-06,8.445456e-06,-0.0001246266,0.00050527975,0.00024319571,0,0,1
1777226219593000,1777226219437000,1777226219441000,0,0.21320498,0.007795044,0.43800616,0.0025000002,0.0025000002,0.0025000002,0.0031977447,0.0004388634,-0.008892417,8.5073407e-07,0.0008468865,-0.00089908805,0.0025027858,0.0025107167,0.0025015709,0.000453964,8.506077e-06,0.0035130372,-5.5358723e-05,0.00044580686,-0.00020649412,0,0,1
1777226219657000,1777226219505000,1777226219505000,0,0.21542904,0.008349665,0.4282537,0.0025000002,0.0025000002,0.0025000002,0.0008451308,-7.390976e-06,0.0009253621,0.00010192651,0.00074459944,-0.00068070245,0.002502766,0.002510699,0.002501565,3.1709187e-05,2.4966735e-09,3.8010083e-05,-4.4935103e-05,0.00039243532,-0.0001772225,0,0,1
1777226219729000,1777226219573000,1777226219577000,0,0.21864536,0.006559438,0.42818186,0.0025000002,0.0025000002,0.0025000002,-0.002510645,0.0019267276,0.0010628998,-0.0002108461,0.0008861639,-0.00047187269,0.0025027755,0.0025107083,0.002501567,0.0002798377,0.00016434645,5.024986e-05,-7.305724e-05,0.00036512892,-0.0001499899,0,0,1
1777226219793000,1777226219641000,1777226219641000,0,0.21620607,0.008659099,0.4311275,0.0025000002,0.0025000002,0.0025000002,-0.0002627264,3.0752271e-06,-0.0017892718,-0.00021705712,0.0007804464,-0.00062957517,0.0025027827,0.0025107095,0.0025015674,3.064374e-06,4.2845588e-10,0.00014218045,-6.467781e-05,0.00032141636,-0.00014905496,0,0,1
1777226219865000,1777226219709000,1777226219713000,0,0.21633583,0.011151596,0.429503,0.0025000002,0.0025000002,0.0025000002,-0.0006152412,-0.0023062518,-5.593896e-05,-0.00026472704,0.00041092234,-0.00056086684,0.0025027716,0.002510703,0.0025015634,1.6804557e-05,0.0002353659,1.3759656e-07,-5.894651e-05,0.00025475933,-0.00013122683,0,0,1
1777226219929000,1777226219777000,1777226219777000,0,0.21589662,0.008256941,0.4289219,0.0025000002,0.0025000002,0.0025000002,-1.6912316e-05,0.0006596884,0.0004440546,-0.0002350591,0.00044070435,-0.00044055597,0.0025027764,0.0025107057,0.0025015655,1.2698183e-08,1.9259334e-05,8.7593835e-06,-5.1891053e-05,0.00022656567,-0.00011446792,0,0,1
1777226220001000,1777226219845000,1777226219849000,0,0.21205704,0.00059467624,0.41922083,0.0025000002,0.0025000002,0.0025000002,0.003943232,0.008350987,0.0100850165,0.0002651588,0.0013876432,0.00081939285,0.0025027867,0.0025107167,0.002501569,0.0006903007,0.003085868,0.004516342,3.6962883e-05,0.0005688765,0.00043992477,0,0,1
1777226220065000,1777226219913000,1777226219913000,0,0.21550696,0.007940788,0.42980683,0.0025000002,0.0025000002,0.0025000002,0.00042177085,0.00090075657,-0.0004697442,0.00028390813,0.0013293468,0.0006650418,0.0025027741,0.0025107057,0.0025015655,7.897488e-06,3.5901998e-05,9.807145e-06,3.3483222e-05,0.00050506974,0.00038608362,0,0,1
1777226220137000,1777226219981000,1777226219985000,0,0.22220938,0.0065858914,0.41985014,0.0025000002,0.0025000002,0.0025000002,-0.0061700568,0.0021201298,0.009432256,-0.0004887496,0.0014241218,0.0017148561,0.0025027858,0.002510718,0.002501569,0.0016900989,0.00019908542,0.003953157,-0.0001728611,0.00046843782,0.0008131276,0,0,1
1777226220201000,1777226220049000,1777226220049000,0,0.21734515,0.010338916,0.42927426,0.0025000002,0.0025000002,0.0025000002,-0.0012905581,-0.001505007,-3.8146973e-06,-0.0005847408,0.0010734731,0.0015091603,0.0025027946,0.0025107225,0.0025015716,7.394135e-05,0.00010021468,4.864587e-10,-0.00016101859,0.0004003597,0.0007157813,0,0,1
1777226220273000,1777226220117000,1777226220121000,0,0.2156555,0.0058884462,0.4326495,0.0025000002,0.0025000002,0.0025000002,0.00045437823,0.0028837807,-0.003404528,-0.00046033922,0.0012901924,0.00092087506,0.002502788,0.002510722,0.0025015702,9.165759e-06,0.00036801348,0.00051489146,-0.0001406444,0.00039648727,0.0005684473,0,0,1
1777226220337000,1777226220185000,1777226220185000,0,0.21725258,0.00967709,0.42860618,0.0025000002,0.0025000002,0.0025000002,-0.0011775307,-0.00099329,0.00065904856,-0.00054620014,0.0010168374,0.0008895776,0.002502798,0.0025107276,0.0025015727,6.155682e-05,4.364819e-05,1.9315567e-05,-0.00013117617,0.000343795,0.00050270616,0,0,1
1777226220409000,1777226220253000,1777226220257000,0,0.21342085,0.010644283,0.42340457,0.0025000002,0.0025000002,0.0025000002,0.002819634,-0.0017976239,0.005775124,-0.00014324818,0.00067984697,0.0014743668,0.0025028111,0.0025107414,0.0025015767,0.0003529514,0.0001430694,0.0014809497,-7.321725e-05,0.0002855084,0.0006198198,0,0,1
1777226220473000,1777226220321000,1777226220321000,0,0.21576302,0.008021508,0.4279469,0.0025000002,0.0025000002,0.0025000002,0.00049933826,0.00082911085,0.0012175441,-6.6318826e-05,0.0006977083,0.0014435998,0.0025028214,0.002510747,0.0025015797,1.1069228e-05,3.0416368e-05,6.582484e-05,-6.3126616e-05,0.00025496923,0.0005534965,0,0,1
1777226220545000,1777226220389000,1777226220393000,0,0.20468399,0.0063088606,0.42308593,0.0025000002,0.0025000002,0.0025000002,0.011272657,0.0027446034,0.006230831,0.0012911641,0.0009425689,0.0020162978,0.00250282,0.0025107479,0.0025015776,0.0056413165,0.00033297416,0.0017224429,0.0006197996,0.00026430783,0.0006934408,0,0,1
1777226220609000,1777226220457000,1777226220457000,0,0.21573381,0.009998215,0.42837745,0.0025000002,0.0025000002,0.0025000002,-0.00011381234,-0.00071090367,0.0010939837,0.0011229627,0.00074461993,0.0019058802,0.002502834,0.0025107528,0.0025015792,5.750481e-07,2.2364264e-05,5.3157728e-05,0.0005455294,0.00022998794,0.0006167872,0,0,1
1777226220681000,1777226220525000,1777226220529000,0,0.22239403,0.018211542,0.42817673,0.0025000002,0.0025000002,0.0025000002,-0.006969426,-0.008731919,0.0013856888,0.00015415571,-0.00038977672,0.0018438778,0.002502851,0.002510767,0.0025015825,0.0021563363,0.0033734324,8.556731e-05,0.00022206665,-0.00020140743,0.0005531904,0,0,1
1777226220745000,1777226220593000,1777226220593000,0,0.21504922,0.010360376,0.42834556,0.0025000002,0.0025000002,0.0025000002,0.00027458632,-0.00070341304,0.0012669265,0.00016857346,-0.00042732945,0.0017747988,0.0025028444,0.00251076,0.00250158,3.3471981e-06,2.189887e-05,7.12859e-05,0.00019588193,-0.00017991697,0.0004954976,0,0,1
1777226220817000,1777226220661000,1777226220665000,0,0.21433565,0.0109270075,0.43010053,0.0025000002,0.0025000002,0.0025000002,0.0007459292,-0.00111847,-0.00037065148,0.00023769352,-0.00051008456,0.0015179167,0.002502862,0.002510774,0.0025015827,2.4701074e-05,5.5371016e-05,6.110975e-06,0.00017538846,-0.00016500654,0.00043544587,0,0,1
1777226220881000,1777226220729000,1777226220729000,0,0.21429738,0.009191178,0.4293895,0.0025000002,0.0025000002,0.0025000002,0.0007698747,0.0006532818,0.00034672022,0.00030140535,-0.00037082186,0.0013776616,0.0025028728,0.0025107795,0.0025015853,2.6312298e-05,1.8879902e-05,5.328855e-06,0.0001575413,-0.00014299196,0.00038395298,0,0,1
1777226220953000,1777226220797000,1777226220801000,0,0.21798836,0.008867273,0.41858685,0.0025000002,0.0025000002,0.0025000002,-0.0030182612,0.0010182196,0.011195451,-9.6019474e-05,-0.00020447651,0.0025531417,0.0025028693,0.0025107807,0.0025015841,0.00040442028,4.5919758e-05,0.0055679767,9.026422e-05,-0.00012037577,0.0010045755,0,0,1
1777226221089000,1777226220933000,1777226220937000,0,0.21127066,0.007049177,0.43546018,0.0025000002,0.0025000002,0.0025000002,0.0035909584,0.0033412883,-0.005638182,0.0006923909,0.00055362546,0.00080127036,0.0025028996,0.0025108454,0.0025015916,0.0005724464,0.00049388903,0.0014125766,0.00019337235,1.0976451e-05,0.00048770022,0,0,1
1777226221153000,1777226221001000,1777226221001000,0,0.21223491,0.0090704635,0.42838934,0.0025000002,0.0025000002,0.0025000002,0.0025609827,0.0013580723,0.0014660358,0.00091609557,0.0006498878,0.000880736,0.0025029108,0.0025108503,0.002501594,0.00029115577,8.1572485e-05,9.533244e-05,0.00020507882,1.9428087e-05,0.0004407266,0,0,1
1777226221225000,1777226221069000,1777226221073000,0,0.21449259,0.015628101,0.4256774,0.0025000002,0.0025000002,0.0025000002,0.00019029889,-0.0051051006,0.0042297244,0.00082920445,-3.909302e-05,0.001281676,0.0025029068,0.0025108494,0.0025015923,1.607627e-06,0.0011533211,0.0007946452,0.0001807196,-0.000120971454,0.00048309716,0,0,1
1777226221289000,1777226221137000,1777226221137000,0,0.21465933,0.011445668,0.42965496,0.0025000002,0.0025000002,0.0025000002,-0.000119997414,-0.0007745717,0.00031811,0.0007155676,-0.00012714115,0.0011663275,0.0025029182,0.0025108538,0.0025015941,6.3922624e-07,2.6548465e-05,4.4965336e-06,0.00015900763,-0.00010966729,0.0004257999,0,0,1
1777226221361000,1777226221205000,1777226221209000,0,0.21055025,0.011555362,0.4286726,0.0025000002,0.0025000002,0.0025000002,0.0038799508,-0.0006908551,0.0013511777,0.0010944022,-0.00019469653,0.0011883021,0.0025029336,0.0025108668,0.0025015974,0.0006682833,2.1155683e-05,8.093388e-05,0.00021997726,-9.9070836e-05,0.0003845131,0,0,1
1777226221425000,1777226221273000,1777226221273000,0,0.2135411,0.01126089,0.43077606,0.0025000002,0.0025000002,0.0025000002,0.00081652106,-0.0002572164,-0.0007224381,0.0010611347,-0.00020219576,0.00095952675,0.002502923,0.0025108568,0.0025015941,2.9596804e-05,2.930491e-06,2.3194772e-05,0.00019718523,-8.756108e-05,0.00033570302,0,0,1
1777226221497000,1777226221341000,1777226221345000,0,0.20620376,0.009459553,0.42535672,0.0025000002,0.0025000002,0.0025000002,0.008076614,0.0016721291,0.004734665,0.0019010159,2.2051434e-05,0.0014111599,0.0025029373,0.0025108685,0.0025015972,0.0028957839,0.0001235518,0.0009945533,0.0005202569,-6.228701e-05,0.00041457947,0,0,1
1777226221561000,1777226221409000,1777226221409000,0,0.21420066,0.01058246,0.43113658,0.0025000002,0.0025000002,0.0025000002,0.00010193197,0.0006356975,-0.0010655522,0.0016856326,9.551456e-05,0.0011146403,0.002502946,0.0025108722,0.0025016002,4.6123986e-07,1.788201e-05,5.0439347e-05,0.00045802782,-5.268931e-05,0.0003589082,0,0,1
1777226221633000,1777226221477000,1777226221481000,0,0.21461213,0.008983463,0.43090552,0.0025000002,0.0025000002,0.0025000002,-0.00028366264,0.0022485182,-0.00084736943,0.0014498719,0.0003532735,0.00087975577,0.0025029369,0.0025108687,0.002501598,3.5720034e-06,0.00022373941,3.1889787e-05,0.00040276587,-1.9595736e-05,0.00031212255,0,0,1
1777226221697000,1777226221545000,1777226221545000,0,0.21587342,0.011980126,0.4291066,0.0025000002,0.0025000002,0.0025000002,-0.0013990258,-0.000648004,0.00087603927,0.0011088068,0.00023342701,0.0008793706,0.002502943,0.002510872,0.0025016004,8.688764e-05,1.856997e-05,3.4125693e-05,0.0003441454,-1.9472933e-05,0.00027884124,0,0,1
1777226221769000,1777226221613000,1777226221617000,0,0.21867362,0.0071946755,0.43616325,0.0025000002,0.0025000002,0.0025000002,-0.004233571,0.0041817855,-0.0061655045,0.0004692265,0.00070619263,3.6130194e-05,0.0025029557,0.0025108831,0.0025016037,0.0007956425,0.0007740774,0.0016876713,0.00020769193,7.552956e-05,4.3413704e-05,0,0,1
1777226221833000,1777226221681000,1777226221681000,0,0.21497421,0.01149998,0.42965022,0.0025000002,0.0025000002,0.0025000002,-0.0003983919,-0.00021629687,0.000287354,0.0003653567,0.00059576065,6.6224704e-05,0.0025029392,0.0025108699,0.0025016002,7.045765e-06,2.069201e-06,3.6714612e-06,0.0001819839,6.623957e-05,3.865583e-05,0,0,1
1777226221905000,1777226221749000,1777226221753000,0,0.22285523,0.016694635,0.42966488,0.0025000002,0.0025000002,0.0025000002,-0.00833098,-0.0054305186,0.00029611588,-0.00067575404,-0.0001255484,9.410024e-05,0.002502951,0.0025108804,0.002501603,0.0030810402,0.0013044212,3.9726237e-06,-0.0002086598,-9.785362e-05,3.4503617e-05,0,0,1
1777226221969000,1777226221817000,1777226221817000,0,0.2145406,0.012170908,0.4296901,0.0025000002,0.0025000002,0.0025000002,7.80278e-07,-0.00094003696,0.0002683103,-0.0005947605,-0.00022305772,0.00011495015,0.002502958,0.0025108827,0.0025016048,2.70273e-11,3.910407e-05,3.196281e-06,-0.0001836794,-9.082022e-05,3.0755557e-05,0,0,1
1777226222041000,1777226221885000,1777226221889000,0,0.21611235,0.008625581,0.42958373,0.0025000002,0.0025000002,0.0025000002,-0.0014639203,0.0026873648,0.00031843781,-0.00069881487,0.00012539906,0.00013936,0.002502944,0.002510876,0.002501602,9.5135205e-05,0.0003196359,4.5154e-06,-0.00017307904,-4.1681113e-05,2.7614129e-05,0,0,1
1777226222105000,1777226221953000,1777226221953000,0,0.21382248,0.0110719325,0.43048424,0.0025000002,0.0025000002,0.0025000002,0.0007549602,0.0003421111,-0.00054848194,-0.0005247714,0.00015132995,5.6975106e-05,0.0025029515,0.0025108773,0.0025016034,2.53019e-05,5.1758257e-06,1.3377079e-05,-0.00014932921,-3.607148e-05,2.2706732e-05,0,0,1
1777226222177000,1777226222021000,1777226222025000,0,0.22397222,0.020948458,0.42427158,0.0025000002,0.0025000002,0.0025000002,-0.009415948,-0.009411752,0.0056676865,-0.0015892079,-0.0009933774,0.0007290939,0.0025029625,0.0025108869,0.002501606,0.0039357836,0.003918694,0.001428499,-0.00060263707,-0.0005008924,0.0001910058,0,0,1
1777226222241000,1777226222089000,1777226222089000,0,0.21575879,0.013013694,0.4291219,0.0025000002,0.0025000002,0.0025000002,-0.0012338364,-0.0013041031,0.00083100796,-0.0015466635,-0.0010305549,0.0007413488,0.0025029688,0.0025108883,0.0025016072,6.757985e-05,7.523691e-05,3.0705698e-05,-0.00053858093,-0.00044993366,0.00017181494,0,0,1
1777226222313000,1777226222157000,1777226222161000,0,0.21871604,0.0029651928,0.4171481,0.0025000002,0.0025000002,0.0025000002,-0.004255408,0.0087153725,0.012836933,-0.0018709498,0.0001362887,0.0021895499,0.002502955,0.0025108801,0.0025016037,0.00080387184,0.0033617709,0.007320482,-0.00057034113,6.3971092e-06,0.0010276412,0,0,1
1777226222377000,1777226222225000,1777226222225000,0,0.2159612,0.01251676,0.43047076,0.0025000002,0.0025000002,0.0025000002,-0.0014132606,-0.0008399347,-0.0005336106,-0.001816156,1.9442516e-05,0.0018635977,0.0025029592,0.0025108808,0.002501605,8.866418e-05,3.1203344e-05,1.2623253e-05,-0.0005126756,1.8956471e-06,0.00090310257,0,0,1
1777226222449000,1777226222293000,1777226222297000,0,0.21313186,0.014848016,0.42189515,0.0025000002,0.0025000002,0.0025000002,0.0013534755,-0.0032497672,0.008076966,-0.0014366931,-0.00037196634,0.002607408,0.0025029695,0.0025108892,0.0025016074,8.1321e-05,0.00046740082,0.002897315,-0.00044156334,-5.428773e-05,0.0011418463,0,0,1
1777226222513000,1777226222361000,1777226222361000,0,0.21534888,0.013110535,0.43029755,0.0025000002,0.0025000002,0.0025000002,-0.00084364397,-0.0016037328,-0.00033771992,-0.0013656943,-0.000519416,0.002254864,0.002502949,0.0025108713,0.002501602,3.1595406e-05,0.0001137962,5.055421e-06,-0.00039248267,-6.1411985e-05,0.0010045412,0,0,1
1777226222585000,1777226222429000,1777226222433000,0,0.21953006,0.008539412,0.43297592,0.0025000002,0.0025000002,0.0025000002,-0.005081785,0.0029232819,-0.0029873252,-0.0018105784,-0.000107168715,0.0016274655,0.0025029588,0.0025108797,0.0025016044,0.0011464005,0.0003783595,0.00039595756,-0.00048274043,-8.763291e-06,0.0008368759,0,0,1
1777226222649000,1777226222497000,1777226222497000,0,0.2154674,0.011631156,0.42873475,0.0025000002,0.0025000002,0.0025000002,-0.001013564,-0.00026902836,0.0012577474,-0.0017151611,-0.00012652771,0.0015832483,0.0025029632,0.00251088,0.0025016055,4.5604254e-05,3.199094e-06,7.0304595e-05,-0.00043040724,-8.097155e-06,0.0007451033,0,0,1
1777226222721000,1777226222565000,1777226222569000,0,0.21224253,0.01293016,0.4310107,0.0025000002,0.0025000002,0.0025000002,0.002189112,-0.0017215265,-0.0010023415,-0.0012477483,-0.00031751834,0.0012736213,0.002502946,0.0025108696,0.0025016007,0.00021273646,0.00013119876,4.468717e-05,-0.00035341116,-2.2834669e-05,0.00065055094,0,0,1
1777226222785000,1777226222633000,1777226222633000,0,0.21583094,0.010885869,0.43025097,0.0025000002,0.0025000002,0.0025000002,-0.0012491905,0.0002586497,-0.0003170073,-0.0012479209,-0.00024851746,0.001083239,0.0025029487,0.0025108692,0.0025016025,6.927283e-05,2.9648493e-06,4.4529493e-06,-0.0003193946,-1.9745994e-05,0.000572135,0,0,1
1777226222857000,1777226222701000,1777226222705000,0,0.21781908,-0.00013845696,0.43016246,0.0025000002,0.0025000002,0.0025000002,-0.0032963476,0.011120741,-0.00019469857,-0.001493155,0.0011126515,0.00093034445,0.0025029576,0.002510877,0.0025016044,0.00048235856,0.005473172,1.6695749e-06,-0.00033890438,0.0006378567,0.00050344004,0,0,1
1777226222921000,1777226222769000,1777226222769000,0,0.21275572,0.012028444,0.4296539,0.0025000002,0.0025000002,0.0025000002,0.0017406512,-0.0011037216,0.00033062696,-0.0011060092,0.0008472791,0.00085847935,0.002502962,0.0025108769,0.0025016046,0.00013450137,5.3933847e-05,4.8386332e-06,-0.00028222904,0.0005550367,0.00044374831,0,0,1
1777226222993000,1777226222837000,1777226222841000,0,0.21351771,0.019535044,0.42835897,0.0025000002,0.0025000002,0.0025000002,0.0009866006,-0.008685607,0.0016225576,-0.00085548556,-0.00029400003,0.0009499412,0.0025029436,0.0025108664,0.0025016004,4.321049e-05,0.0033384853,0.00011691895,-0.00024326798,8.891086e-05,0.00040462086,0,0,1
1777226223057000,1777226222905000,1777226222905000,0,0.21419197,0.010817368,0.43063822,0.0025000002,0.0025000002,0.0025000002,0.00024538426,2.0501204e-05,-0.0006239414,-0.0007236913,-0.0002563529,0.00076151127,0.0025029483,0.0025108657,0.0025016011,2.6730006e-06,1.853176e-08,1.7294718e-05,-0.00021382434,7.826882e-05,0.00035410986,0,0,1
1777226223129000,1777226222973000,1777226222977000,0,0.20994422,0.0060627717,0.43879282,0.0025000002,0.0025000002,0.0025000002,0.004464606,0.004644993,-0.00875926,-0.00010255724,0.00033034486,-0.0003784859,0.0025029562,0.0025108734,0.002501603,0.00088485173,0.00095449376,0.003409011,-8.229271e-05,0.00018316897,-9.6404576e-05,0,0,1
1777226223193000,1777226223041000,1777226223041000,0,0.21443044,0.012812642,0.432588,0.0025000002,0.0025000002,0.0025000002,-3.4107245e-05,-0.0023388043,-0.0025410354,-9.436253e-05,1.07995875e-05,-0.0006373732,0.0025029336,0.0025108545,0.0025015972,5.164181e-08,0.00024205912,0.0002867705,-7.244695e-05,0.0001322614,-0.00011919486,0,0,1
1777226223265000,1777226223109000,1777226223113000,0,0.21674314,0.0038182111,0.43127963,0.0025000002,0.0025000002,0.0025000002,-0.0023931775,0.0066448813,-0.001208663,-0.00036957275,0.00080506504,-0.000705682,0.002502941,0.0025108627,0.0025015988,0.00025424748,0.0019541483,6.480964e-05,-9.4211806e-05,0.0003503746,-0.000112683956,0,0,1
1777226223329000,1777226223177000,1777226223177000,0,0.21384205,0.010210565,0.42964715,0.0025000002,0.0025000002,0.0025000002,0.00050277205,4.340615e-05,0.00043350458,-0.00026513712,0.0007138714,-0.0005693146,0.002502945,0.0025108627,0.0025015995,1.1221436e-05,8.3081446e-08,8.342414e-06,-8.158952e-05,0.00030843832,-9.819488e-05,0,0,1
1777226223401000,1777226223245000,1777226223249000,0,0.21349376,0.01436156,0.4369696,0.0025000002,0.0025000002,0.0025000002,0.00096285966,-0.004155564,-0.006943792,-0.00011812344,0.00013089314,-0.0013324881,0.0025029245,0.0025108512,0.0025015953,4.1156243e-05,0.0007642359,0.0021417423,-6.68946e-05,0.00018001958,-0.00034284487,0,0,1
1777226223465000,1777226223313000,1777226223313000,0,0.21324694,0.012213414,0.42961287,0.0025000002,0.0025000002,0.0025000002,0.0012656004,-0.0019543385,0.00038695335,4.7533627e-05,-0.00011877084,-0.0011266838,0.002502927,0.0025108506,0.0025015965,7.110539e-05,0.00016905331,6.637841e-06,-5.0373477e-05,0.00013822917,-0.0003010054,0,0,1
1777226223537000,1777226223381000,1777226223385000,0,0.21047011,0.013982184,0.42525265,0.0025000002,0.0025000002,0.0025000002,0.0040759253,-0.0037671132,0.0047320127,0.0005298058,-0.0005556204,-0.00042544998,0.0025029343,0.0025108582,0.0025015983,0.00073749735,0.00062820216,0.0009940019,4.3949076e-05,4.647331e-05,-0.00014596933,0,0,1
1777226223601000,1777226223449000,1777226223449000,0,0.21464413,0.010856133,0.4298082,0.0025000002,0.0025000002,0.0025000002,-0.0001044536,-0.00051353034,0.0001718998,0.00045387333,-0.00055057945,-0.00035394027,0.002502911,0.0025108387,0.0025015925,4.843495e-07,1.1669241e-05,1.3119693e-06,3.8629583e-05,3.9512583e-05,-0.00012833707,0,0,1
1777226223673000,1777226223517000,1777226223521000,0,0.21943934,0.017695623,0.42971772,0.0025000002,0.0025000002,0.0025000002,-0.0047123395,-0.007287125,0.00016540289,-0.00016461688,-0.001356978,-0.00029155763,0.0025029164,0.0025108464,0.002501595,0.0009857897,0.0023494216,1.2407747e-06,-8.401215e-05,-0.00024648654,-0.00011282423,0,0,1
1777226223737000,1777226223585000,1777226223585000,0,0.21471672,0.011214582,0.42948475,0.0025000002,0.0025000002,0.0025000002,7.8581696e-05,-0.00076940376,0.00036630034,-0.00013550156,-0.001286636,-0.00021280233,0.0025029194,0.0025108461,0.002501596,2.7412798e-07,2.6197446e-05,5.9589356e-06,-7.392154e-05,-0.0002201139,-9.860371e-05,0,0,1
1777226223809000,1777226223653000,1777226223657000,0,0.21909553,0.01431742,0.43243507,0.0025000002,0.0025000002,0.0025000002,-0.0043877186,-0.003967326,-0.002539605,-0.00064456975,-0.0016074799,-0.00049118546,0.0025029012,0.0025108352,0.002501591,0.0008546559,0.0006962767,0.00028613143,-0.00016738973,-0.0002771193,-0.00012105421,0,0,1
1777226223873000,1777226223721000,1777226223721000,0,0.21527092,0.010769426,0.42957592,0.0025000002,0.0025000002,0.0025000002,-0.0005892347,-0.00040319283,0.00033578277,-0.00063794514,-0.0014632937,-0.00039215272,0.0025029047,0.0025108352,0.0025015918,1.5413092e-05,7.1906247e-06,5.0152785e-06,-0.00014919534,-0.0002448039,-0.000105961386,0,0,1
1777226223945000,1777226223789000,1777226223793000,0,0.22377142,0.010995853,0.424817,0.0025000002,0.0025000002,0.0025000002,-0.009052258,-0.0006418703,0.0050735176,-0.0016452924,-0.001364781,0.00026254696,0.002502912,0.002510843,0.002501594,0.0036376906,1.8149793e-05,0.0011446483,-0.000566832,-0.00021766925,4.375947e-05,0,0,1
1777226224009000,1777226223857000,1777226223857000,0,0.21395051,0.011867876,0.43020388,0.0025000002,0.0025000002,0.0025000002,0.00062044704,-0.0015835622,-0.00023457408,-0.0013740419,-0.0013909849,0.0002030156,0.002502917,0.0025108436,0.0025015941,1.708915e-05,0.000110984394,2.446934e-06,-0.00049692596,-0.00020489712,3.822772e-05,0,0,1
1777226224081000,1777226223925000,1777226223929000,0,0.20930502,0.008065961,0.43311083,0.0025000002,0.0025000002,0.0025000002,0.0052413023,0.0022221198,-0.0031277835,-0.0005820641,-0.000958531,-0.00019594532,0.0025028987,0.002510833,0.0025015892,0.0012195304,0.000218346,0.00043499717,-0.00029143473,-0.00015422718,-1.8425959e-05,0,0,1
1777226224145000,1777226223993000,1777226223993000,0,0.21397153,0.012708825,0.4296916,0.0025000002,0.0025000002,0.0025000002,0.00062345486,-0.0024502026,0.00026652217,-0.0004377414,-0.0011371234,-0.00014060143,0.0025029015,0.002510833,0.0025015904,1.725535e-05,0.00026569256,3.1507273e-06,-0.0002544789,-0.00016757162,-1.5842834e-05,0,0,1
1777226224217000,1777226224061000,1777226224065000,0,0.20543261,0.019930782,0.43199363,0.0025000002,0.0025000002,0.0025000002,0.009250348,-0.009807586,-0.0020737052,0.00072210014,-0.0021753134,-0.00037236587,0.0025029085,0.0025108415,0.0025015925,0.0037986448,0.004257878,0.00019151889,0.0002307542,-0.0006572561,-3.6874473e-05,0,0,1
1777226224281000,1777226224129000,1777226224129000,0,0.21465793,0.011590622,0.42884564,0.0025000002,0.0025000002,0.0025000002,7.3991716e-05,-0.0013584169,0.0010431111,0.0006445097,-0.002077517,-0.00020290524,0.0025028854,0.002510823,0.002501587,2.430428e-07,8.1660764e-05,4.8330105e-05,0.0002031578,-0.0005883468,-2.6673926e-05,0,0,1
1777226224353000,1777226224197000,1777226224201000,0,0.20637964,0.00980253,0.42599,0.0025000002,0.0025000002,0.0025000002,0.00846714,0.00046323333,0.0038428605,0.0015810216,-0.0017735064,0.00028111984,0.0025028922,0.0025108312,0.0025015897,0.0031826494,9.440003e-06,0.0006549872,0.00055985746,-0.00051678077,5.493338e-05,0,0,1
1777226224417000,1777226224265000,1777226224265000,0,0.21577075,0.010296592,0.43019485,0.0025000002,0.0025000002,0.0025000002,-0.0010318157,-4.867837e-05,-0.00031474233,0.0012682171,-0.0015669931,0.0002098236,0.0025028973,0.0025108315,0.00250159,4.7262718e-05,1.0414889e-07,4.3908008e-06,0.00048717408,-0.00045492512,4.7831192e-05,0,0,1
1777226224489000,1777226224333000,1777226224337000,0,0.20591721,0.0111533115,0.42727548,0.0025000002,0.0025000002,0.0025000002,0.008911745,-0.00091553945,0.002563566,0.0021832872,-0.0014891739,0.00049127423,0.002502878,0.0025108221,0.002501586,0.0035256834,3.7209637e-05,0.00029126028,0.00085093925,-0.00040491694,7.697411e-05,0,0,1
1777226224553000,1777226224401000,1777226224401000,0,0.21421763,0.011232427,0.42962512,0.0025000002,0.0025000002,0.0025000002,0.00048565137,-0.001060036,0.00027224422,0.001980049,-0.0014378077,0.000465028,0.0025028833,0.0025108221,0.0025015862,1.04704695e-05,4.9733364e-05,3.287079e-06,0.00075031974,-0.00036239496,6.8152425e-05,0,0,1
1777226224625000,1777226224469000,1777226224473000,0,0.2122784,0.00582764,0.43460542,0.0025000002,0.0025000002,0.0025000002,0.002512378,0.004464305,-0.0047542155,0.0020437785,-0.00073126587,-0.00015991315,0.002502891,0.0025108308,0.0025015888,0.0002802112,0.00088179554,0.0010042809,0.00069403916,-0.00021344259,-6.0237464e-05,0,0,1
1777226224689000,1777226224537000,1777226224537000,0,0.2119787,0.010060846,0.42949235,0.0025000002,0.0025000002,0.0025000002,0.0028507176,0.00026999228,0.0003401935,0.002140384,-0.00061145285,-0.00010014628,0.0025028947,0.0025108312,0.00250159,0.0003607641,3.214695e-06,5.1138745e-06,0.00065414,-0.00018750475,-5.2413714e-05,0,0,1
1777226224761000,1777226224605000,1777226224609000,0,0.2175014,0.009105316,0.4343092,0.0025000002,0.0025000002,0.0025000002,-0.0026737247,0.0013482859,-0.004481405,0.0015640471,-0.00037678354,-0.00062456616,0.002502877,0.0025108221,0.0025015853,0.00031735937,8.049875e-05,0.00089168915,0.0005378338,-0.00015541982,-0.00015289034,0,0,1
1777226224825000,1777226224673000,1777226224673000,0,0.21477032,0.0114684375,0.43013588,0.0025000002,0.0025000002,0.0025000002,0.00012909745,-0.0011502802,-0.00033691525,0.0013922574,-0.00046938786,-0.0005901312,0.0025028798,0.0025108233,0.0025015865,7.398656e-07,5.8555157e-05,5.0423037e-06,0.00047353382,-0.00014382334,-0.00013519022,0,0,1
1777226224897000,1777226224741000,1777226224745000,0,0.20667575,0.0018592437,0.43105403,0.0025000002,0.0025000002,0.0025000002,0.008342003,0.008470492,-0.0013115704,0.002224269,0.00060071517,-0.0006768341,0.002502887,0.0025108324,0.0025015892,0.0030892778,0.0031740693,7.673029e-05,0.0007866862,0.00025338912,-0.00012819149,0,0,1
1777226224961000,1777226224809000,1777226224809000,0,0.21493976,0.011478262,0.42992088,0.0025000002,0.0025000002,0.0025000002,-8.370562e-06,-0.0011049565,-0.00014063716,0.0019569814,0.00039651507,-0.00061264064,0.0025028666,0.0025108159,0.0025015834,3.1104916e-09,5.4029755e-05,8.784135e-07,0.0006925051,0.00021658547,-0.00011294978,0,0,1
1777226225033000,1777226224877000,1777226224881000,0,0.22079869,0.013048103,0.4252431,0.0025000002,0.0025000002,0.0025000002,-0.0057796435,-0.0026966454,0.0044920146,0.0010307657,2.6320922e-05,-1.2921519e-06,0.0025028738,0.0025108247,0.002501586,0.0014829299,0.0003215753,0.0008969996,0.00043206572,0.00015215777,7.959636e-06,0,0,1
1777226225097000,1777226224945000,1777226224945000,0,0.21436372,0.012255546,0.4308467,0.0025000002,0.0025000002,0.0025000002,0.0006732149,-0.0019255364,-0.0011184812,0.0009879604,-0.00020736534,-0.00013505979,0.002502878,0.0025108259,0.0025015867,2.0119875e-05,0.00016409456,5.558107e-05,0.00038274826,0.00011429658,3.5265066e-07,0,0,1
1777226225169000,1777226225013000,1777226225017000,0,0.21184807,0.0075408393,0.43131468,0.0025000002,0.0025000002,0.0025000002,0.003203051,0.0029046028,-0.0015950799,0.0012531473,0.00016513083,-0.0003099805,0.0025028607,0.0025108182,0.0025015827,0.00045545815,0.0003732136,0.000113161,0.00039145295,0.00014529368,-1.323701e-05,0,0,1
1777226225233000,1777226225081000,1777226225081000,0,0.21478204,0.011953604,0.43022817,0.0025000002,0.0025000002,0.0025000002,0.000239021,-0.001460203,-0.00049573183,0.0011317378,-2.9456161e-05,-0.00033223798,0.002502865,0.0025108191,0.0025015834,2.536251e-06,9.4360956e-05,1.0922534e-05,0.0003448925,0.000116602634,-1.2959925e-05,0,0,1
1777226225305000,1777226225149000,1777226225153000,0,0.22318022,0.016473934,0.42650026,0.0025000002,0.0025000002,0.0025000002,-0.008186819,-0.0059800306,0.0032434165,1.6136095e-05,-0.000741687,9.614407e-05,0.002502874,0.002510829,0.0025015858,0.002975424,0.0015817976,0.00046799626,-5.261015e-05,-8.6726955e-05,4.4619333e-05,0,0,1
1777226225369000,1777226225217000,1777226225217000,0,0.21449994,0.0124567775,0.42862102,0.0025000002,0.0025000002,0.0025000002,0.0005854538,-0.0017800909,0.0010754466,8.4293846e-05,-0.0008660148,0.00021337389,0.002502852,0.0025108128,0.0025015806,1.521625e-05,0.00014024126,5.1362847e-05,-4.4490087e-05,-9.3133596e-05,4.5426656e-05,0,0,1
1777226225441000,1777226225285000,1777226225289000,0,0.21856198,0.00806896,0.43623272,0.0025000002,0.0025000002,0.0025000002,-0.0035754417,0.0025663003,-0.0064875484,-0.00035384344,-0.00045503283,-0.0005887208,0.0025028617,0.0025108226,0.0025015825,0.00056751847,0.00029157966,0.0018687891,-0.000107106156,-4.707638e-05,-0.00018373999,0,0,1
1777226225505000,1777226225353000,1777226225353000,0,0.2144913,0.012398761,0.43011945,0.0025000002,0.0025000002,0.0025000002,0.00041960517,-0.0018668203,-0.00032866,-0.00026124748,-0.000624058,-0.0005576012,0.0025028668,0.0025108247,0.0025015834,7.816304e-06,0.00015423351,4.8012625e-06,-9.334784e-05,-5.990505e-05,-0.00016231775,0,0,1
1777226225577000,1777226225421000,1777226225425000,0,0.21060069,0.014492268,0.42265725,0.0025000002,0.0025000002,0.0025000002,0.0044302517,-0.004127644,0.0070789754,0.00030041081,-0.0010435892,0.00035647932,0.0025028486,0.0025108175,0.0025015792,0.00087132404,0.0007542253,0.0022249622,2.2141045e-05,-0.0001430279,0.00012348332,0,0,1
1777226225641000,1777226225489000,1777226225489000,0,0.21621545,0.011859333,0.43052855,0.0025000002,0.0025000002,0.0025000002,-0.0011583414,-0.0015859343,-0.00080925226,0.00012577149,-0.0011084952,0.00021696114,0.0025028528,0.0025108194,0.0025015804,5.9565573e-05,0.00011127788,2.906305e-05,1.2359267e-05,-0.00013922683,0.00010522072,0,0,1
1777226225713000,1777226225557000,1777226225561000,0,0.21708119,0.014357801,0.43699232,0.0025000002,0.0025000002,0.0025000002,-0.0018941181,-0.003992414,-0.0073399246,-0.000116046256,-0.0014537156,-0.00068765617,0.0025028603,0.0025108296,0.0025015832,0.00015927038,0.0007052505,0.002392469,-8.187941e-06,-0.00020699023,-0.00019379846,0,0,1
1777226225777000,1777226225625000,1777226225625000,0,0.21508725,0.011228685,0.42975378,0.0025000002,0.0025000002,0.0025000002,8.092246e-05,-0.00079710037,-8.8751316e-05,-9.2465496e-05,-0.0013751083,-0.00061596057,0.0025028652,0.0025108315,0.0025015844,2.9070878e-07,2.8117676e-05,3.501399e-07,-7.172891e-06,-0.0001855759,-0.00017063916,0,0,1
1777226225849000,1777226225693000,1777226225697000,0,0.21588324,0.003977657,0.43023095,0.0025000002,0.0025000002,0.0025000002,-0.0005588272,0.0064763403,-0.00064468384,-0.00014829752,-0.0004351352,-0.0006193939,0.002502847,0.0025108247,0.0025015806,1.3863671e-05,0.0018561482,1.8457638e-05,-7.973899e-06,5.8855818e-05,-0.00015242025,0,0,1
1777226225913000,1777226225761000,1777226225761000,0,0.21459109,0.011050795,0.42881876,0.0025000002,0.0025000002,0.0025000002,0.00074613665,-0.0008047698,0.00076696277,-4.1217383e-05,-0.0004794019,-0.0004534531,0.0025028514,0.0025108275,0.0025015818,2.4714918e-05,2.8669247e-05,2.6109185e-05,-4.0604496e-06,4.8377467e-05,-0.00013104701,0,0,1
1777226225985000,1777226225829000,1777226225833000,0,0.21058092,0.009568771,0.42898795,0.0025000002,0.0025000002,0.0025000002,0.0047052316,0.00056313816,0.00062689185,0.00052701944,-0.0003546825,-0.00032429048,0.0025028605,0.0025108382,0.002501584,0.0009828401,1.3995429e-05,1.737426e-05,0.000114089606,4.426131e-05,-0.00011327827,0,0,1
1777226226121000,1777226225965000,1777226225969000,0,0.20818898,0.024225203,0.4313044,0.0025000002,0.0025000002,0.0025000002,0.0071171024,-0.014026469,-0.0017019212,0.0019362196,-0.0032784585,-0.0006193365,0.0025028521,0.0025108801,0.0025015825,0.0022486856,0.008707638,0.00012897773,0.0005705441,-0.0018272139,-0.00011663539,0,0,1
1777226226185000,1777226226033000,1777226226033000,0,0.21518132,0.010560894,0.43197304,0.0025000002,0.0025000002,0.0025000002,7.3752235e-05,-0.00028076395,-0.0023499131,0.0017132482,-0.002919581,-0.0008265156,0.0025028577,0.0025108815,0.0025015834,2.414747e-07,3.4885854e-06,0.00024526645,0.00050226843,-0.0016088806,-0.00013203488,0,0,1
1777226226257000,1777226226101000,1777226226105000,0,0.2209014,0.0105979415,0.4406408,0.0025000002,0.0025000002,0.0025000002,-0.0057360097,-0.00014488958,-0.010977626,0.0008214357,-0.0025872863,-0.0020415755,0.002502842,0.002510875,0.002501579,0.0014606421,9.16874e-07,0.0053508,0.00026727215,-0.001416378,-0.0007568166,0,0,1
1777226226321000,1777226226169000,1777226226169000,0,0.21473786,0.011738577,0.4290645,0.0025000002,0.0025000002,0.0025000002,0.00049883046,-0.0013095317,0.0005722046,0.00078281394,-0.0024343256,-0.0017286773,0.0025028465,0.0025108769,0.0025015806,1.1046614e-05,7.58961e-05,1.4534613e-05,0.00023659726,-0.0012558978,-0.00066447177,0,0,1
1777226226393000,1777226226237000,1777226226241000,0,0.21206486,0.014234873,0.43285373,0.0025000002,0.0025000002,0.0025000002,0.0032613587,-0.0037217932,-0.0032634735,0.0010795412,-0.0025885236,-0.0019125377,0.0025028547,0.002510887,0.0025015834,0.0004721924,0.0006131413,0.00047332922,0.0002648023,-0.0011789481,-0.00064158853,0,0,1
1777226226457000,1777226226305000,1777226226305000,0,0.21473764,0.012010624,0.4295131,0.0025000002,0.0025000002,0.0025000002,0.00059419917,-0.0014459332,7.3075294e-05,0.0010214369,-0.0024517465,-0.0016748508,0.0025028593,0.0025108892,0.0025015844,1.5674192e-05,9.2530754e-05,2.3570642e-07,0.00023497711,-0.001048884,-0.0005647504,0,0,1
1777226226529000,1777226226373000,1777226226377000,0,0.21974187,0.0067886566,0.43003443,0.0025000002,0.0025000002,0.0025000002,-0.0044798655,0.0037650564,-0.0004146099,0.0003628303,-0.0017073934,-0.0015238156,0.0025028437,0.0025108827,0.00250158,0.0008909508,0.0006275431,7.5856888e-06,0.00010018294,-0.00084818504,-0.00049804756,0,0,1
1777226226593000,1777226226441000,1777226226441000,0,0.21550353,0.011233484,0.42972395,0.0025000002,0.0025000002,0.0025000002,-0.00019978594,-0.0006540958,-0.0001231432,0.00029547483,-0.0015812905,-0.001356119,0.002502848,0.0025108852,0.0025015816,1.7719558e-06,1.8930863e-05,6.7259066e-07,8.797707e-05,-0.00074890815,-0.00043850267,0,0,1
1777226226665000,1777226226509000,1777226226513000,0,0.2153921,0.011433323,0.43256113,0.0025000002,0.0025000002,0.0025000002,-3.0841777e-05,-0.0009051068,-0.0029876232,0.00025640876,-0.0015003384,-0.0015514357,0.0025028565,0.0025108955,0.002501584,4.222798e-08,3.625139e-05,0.00039644568,7.7439545e-05,-0.0006635901,-0.00043346768,0,0,1
1777226226729000,1777226226577000,1777226226577000,0,0.21479937,0.011680593,0.42947063,0.0025000002,0.0025000002,0.0025000002,0.0006860455,-0.00106801,4.0233135e-05,0.00030784414,-0.0014485944,-0.0013609094,0.0025028356,0.0025108808,0.0025015792,2.0894453e-05,5.0486375e-05,7.1133385e-08,7.067007e-05,-0.00059019035,-0.00038156516,0,0,1
1777226226801000,1777226226645000,1777226226649000,0,0.21234575,0.011996014,0.43297014,0.0025000002,0.0025000002,0.0025000002,0.003136288,-0.0013502659,-0.0034578145,0.0006464606,-0.001436884,-0.0016120642,0.0025028442,0.0025108915,0.002501582,0.00043667218,8.074166e-05,0.000531363,0.00011448722,-0.0005292,-0.0003994987,0,0,1
1777226226865000,1777226226713000,1777226226713000,0,0.21385853,0.011978224,0.4299787,0.0025000002,0.0025000002,0.0025000002,0.0016376993,-0.0013497015,-0.00047257543,0.00076513004,-0.0014264787,-0.0014757096,0.0025028493,0.0025108939,0.0025015832,0.00011906691,8.064482e-05,9.941512e-06,0.000115035495,-0.00047549975,-0.0003528616,0,0,1
1777226226937000,1777226226781000,1777226226785000,0,0.21833816,0.011075639,0.42706275,0.0025000002,0.0025000002,0.0025000002,-0.0027896804,-0.00036461372,0.0024134815,0.0003395542,-0.0012992998,-0.0010099992,0.0025028328,0.0025108822,0.0025015795,0.00034548927,5.868348e-06,0.00025890535,5.9902253e-05,-0.00041927627,-0.0002796219,0,0,1
1777226227001000,1777226226849000,1777226226849000,0,0.21415538,0.011272967,0.4296734,0.0025000002,0.0025000002,0.0025000002,0.0013539712,-0.0004906133,-0.00017851591,0.00046099848,-0.001202512,-0.000910502,0.0025028384,0.0025108848,0.0025015804,8.1384846e-05,1.06611615e-05,1.4216325e-06,6.2474115e-05,-0.00037035756,-0.00024631622,0,0,1
1777226227073000,1777226226917000,1777226226921000,0,0.22021233,0.0055641574,0.43024543,0.0025000002,0.0025000002,0.0025000002,-0.004679435,0.0052727605,-0.0007658303,-0.00015440545,-0.00042721152,-0.00089301245,0.0025028472,0.0025108953,0.0025015832,0.0009720978,0.0012306408,2.5953663e-05,-6.138307e-05,-0.00017868877,-0.0002199348,0,0,1
1777226227137000,1777226226985000,1777226226985000,0,0.21632597,0.011740123,0.42916775,0.0025000002,0.0025000002,0.0025000002,-0.00082188076,-0.00088448264,0.000328511,-0.00023431446,-0.0004819394,-0.0007467394,0.0025028277,0.002510876,0.0025015776,2.998777e-05,3.4608365e-05,4.801773e-06,-5.762448e-05,-0.00016143972,-0.00019302971,0,0,1
1777226227209000,1777226227053000,1777226227057000,0,0.21418722,0.010977402,0.43190846,0.0025000002,0.0025000002,0.0025000002,0.0013864414,-0.00017833803,-0.0024448633,-4.0280327e-05,-0.00044561966,-0.0009500885,0.002502836,0.0025108866,0.0025015804,8.533518e-05,1.4109495e-06,0.0002655878,-4.0509593e-05,-0.00014228135,-0.00020171625,0,0,1
1777226227273000,1777226227121000,1777226227121000,0,0.21485627,0.01235483,0.430122,0.0025000002,0.0025000002,0.0025000002,0.00064511993,-0.0015588691,-0.00062149763,4.1774627e-05,-0.00057890866,-0.0009107671,0.0025028419,0.0025108894,0.0025015813,1.8475874e-05,0.000107549444,1.7164066e-05,-3.3447952e-05,-0.0001381233,-0.00017962197,0,0,1
1777226227345000,1777226227189000,1777226227193000,0,0.2165418,0.0022687865,0.4298634,0.0025000002,0.0025000002,0.0025000002,-0.0010423536,0.008641828,-0.00036501884,-8.8015346e-05,0.0005250024,-0.0008454147,0.002502826,0.0025108785,0.0025015776,4.823441e-05,0.003304913,5.9135623e-06,-3.5218163e-05,0.00027407112,-0.0001588259,0,0,1
1777226227409000,1777226227257000,1777226227257000,0,0.2155848,0.012564768,0.43069854,0.0025000002,0.0025000002,0.0025000002,-1.7133636e-05,-0.0016727857,-0.0012334287,-7.9529505e-05,0.00026188724,-0.0008918645,0.0025028305,0.002510881,0.002501579,1.3032421e-08,0.00012382571,6.757033e-05,-3.1003467e-05,0.00022643559,-0.00014790094,0,0,1
1777226227481000,1777226227325000,1777226227329000,0,0.21737626,0.015429985,0.43088973,0.0025000002,0.0025000002,0.0025000002,-0.0018308026,-0.004617095,-0.0014114082,-0.00028918893,-0.00032218112,-0.0009539832,0.0025028398,0.002510892,0.0025015816,0.00014880157,0.0009432176,8.83967e-05,-4.5106055e-05,8.64067e-05,-0.00014077719,0,0,1
1777226227545000,1777226227393000,1777226227393000,0,0.21477687,0.011690408,0.4296183,0.0025000002,0.0025000002,0.0025000002,0.0007256141,-0.0007081246,-0.00012072921,-0.00016769842,-0.00036839972,-0.0008542522,0.0025028454,0.0025108892,0.0025015823,2.33741e-05,2.2196984e-05,6.4961006e-07,-3.6907728e-05,7.340485e-05,-0.00012400135,0,0,1
1777226227617000,1777226227461000,1777226227465000,0,0.21445686,0.010725708,0.4279096,0.0025000002,0.0025000002,0.0025000002,0.001025595,0.00020188093,0.0015995204,-2.4839377e-05,-0.00030014658,-0.0005605321,0.00250283,0.0025108838,0.0025015785,4.6695808e-05,1.8005575e-06,0.0001135887,-2.6898855e-05,6.483251e-05,-9.555747e-05,0,0,1
1777226227681000,1777226227529000,1777226227529000,0,0.21518812,0.009425718,0.4296426,0.0025000002,0.0025000002,0.0025000002,0.00017168533,0.0015503801,-7.44462e-05,-1.3117733e-06,-7.860815e-05,-0.00050235307,0.0025028365,0.0025108864,0.0025015792,1.3085532e-06,0.000106363,2.4695896e-07,-2.3521912e-05,6.980447e-05,-8.414706e-05,0,0,1
1777226227753000,1777226227597000,1777226227601000,0,0.22109447,0.0068796156,0.42753527,0.0025000002,0.0025000002,0.0025000002,-0.005760674,0.004130192,0.0020431578,-0.0006908128,0.0004253736,-0.00019740031,0.0025028458,0.002510892,0.0025015816,0.001473228,0.00075520616,0.00018573202,-0.00019707825,0.0001518596,-5.18376e-05,0,0,1
1777226227817000,1777226227665000,1777226227665000,0,0.21464635,0.00948838,0.4298278,0.0025000002,0.0025000002,0.0025000002,0.0007358673,0.0015660888,-0.00027230382,-0.0005200131,0.0005619238,-0.0002063986,0.002502826,0.0025108787,0.002501577,2.4039524e-05,0.00010851712,3.2997102e-06,-0.0001706064,0.0001466707,-4.6026726e-05,0,0,1
1777226227889000,1777226227733000,1777226227737000,0,0.21120161,0.011286451,0.43068096,0.0025000002,0.0025000002,0.0025000002,0.0041566263,-0.00033426099,-0.0011098087,3.9866252e-05,0.00045455404,-0.0003146984,0.0025028356,0.0025108897,0.002501579,0.00076702074,4.9640544e-06,5.482611e-05,-5.8355276e-05,0.00012851725,-4.708017e-05,0,0,1
1777226227953000,1777226227801000,1777226227801000,0,0.21450733,0.011298619,0.42942777,0.0025000002,0.0025000002,0.0025000002,0.0008213768,-0.0003478676,0.00015670061,0.00013342735,0.00035847368,-0.00025828817,0.0025028412,0.0025108864,0.0025015804,2.9950845e-05,5.359054e-06,1.0877588e-06,-4.778342e-05,0.000112489804,-4.131359e-05,0,0,1
1777226228025000,1777226227869000,1777226227873000,0,0.21061672,0.0072034565,0.43387046,0.0025000002,0.0025000002,0.0025000002,0.0047985464,0.0038526305,-0.0043310523,0.0006919275,0.0007766952,-0.0007460575,0.002502825,0.0025108813,0.0025015767,0.0010222248,0.00065655465,0.0008337585,8.031613e-05,0.00017762432,-0.00013618375,0,0,1
1777226228089000,1777226227937000,1777226227937000,0,0.2151977,0.011684481,0.43021524,0.0025000002,0.0025000002,0.0025000002,0.00022073145,-0.000604026,-0.0006786883,0.0006355167,0.00061139325,-0.0007379969,0.00250283,0.0025108838,0.0025015778,2.1629903e-06,1.6147096e-05,2.0461383e-05,7.0959766e-05,0.00015442634,-0.00012232967,0,0,1
1777226228161000,1777226228005000,1777226228009000,0,0.21310969,0.018789252,0.4288247,0.0025000002,0.0025000002,0.0025000002,0.0022526965,-0.0076903338,0.0007402897,0.0008291227,-0.00038251898,-0.0005610862,0.0025028398,0.00251089,0.0025015802,0.00022528373,0.0026173464,2.4304494e-05,8.943517e-05,-0.00017740559,-0.00010477488,0,0,1
1777226228225000,1777226228073000,1777226228073000,0,0.21487859,0.0109747825,0.42920065,0.0025000002,0.0025000002,0.0025000002,0.00046811937,0.0002300404,0.0003682375,0.000785904,-0.00030919342,-0.0004498558,0.0025028454,0.0025108922,0.0025015813,9.728294e-06,2.3402029e-06,6.0155267e-06,7.9892794e-05,-0.00015588672,-9.151124e-05,0,0,1
1777226228297000,1777226228141000,1777226228145000,0,0.21457428,0.008521283,0.43210644,0.0025000002,0.0025000002,0.0025000002,0.00082935166,0.0027274294,-0.0025673509,0.0007911055,5.4329925e-05,-0.00070339616,0.0025028295,0.002510887,0.0025015776,3.0535404e-05,0.00032915076,0.0002928328,7.3983814e-05,-9.781886e-05,-0.00011561311,0,0,1
1777226228361000,1777226228209000,1777226228209000,0,0.21572177,0.010346181,0.4299266,0.0025000002,0.0025000002,0.0025000002,-0.0003117657,0.0009808512,-0.00039219856,0.0006590716,0.00016525724,-0.0006661319,0.0025028342,0.0025108845,0.0025015792,4.3150126e-06,4.2577445e-05,6.829735e-06,6.461001e-05,-8.1010854e-05,-0.00010258975,0,0,1
1777226228433000,1777226228277000,1777226228281000,0,0.2115666,0.010508744,0.4241455,0.0025000002,0.0025000002,0.0025000002,0.0039056798,0.0008979272,0.005357057,0.00104775,0.0002528957,5.4810895e-05,0.0025028435,0.0025108955,0.002501582,0.00067720015,3.5628742e-05,0.0012740938,0.00013794826,-6.704696e-05,6.2224455e-05,0,0,1
1777226228497000,1777226228345000,1777226228345000,0,0.21526618,0.010105895,0.4307,0.0025000002,0.0025000002,0.0025000002,0.00024751615,0.0013961634,-0.0012254417,0.00095194735,0.000389761,-9.847678e-05,0.0025028237,0.0025108815,0.0025015771,2.7197834e-06,8.625395e-05,6.671686e-05,0.00012175893,-4.8694037e-05,4.678782e-05,0,0,1
1777226228569000,1777226228413000,1777226228417000,0,0.22171423,0.013134741,0.42804408,0.0025000002,0.0025000002,0.0025000002,-0.0062958896,-0.0016015405,0.0014758408,8.424866e-05,0.00015148733,9.023154e-05,0.0025028337,0.002510888,0.002501579,0.0017597043,0.00011335877,9.699969e-05,-0.000103486644,-5.643559e-05,5.27991e-05,0,0,1
1777226228633000,1777226228481000,1777226228481000,0,0.21530597,0.01210227,0.42966253,0.0025000002,0.0025000002,0.0025000002,2.5661142e-05,-0.0005511502,-9.673834e-05,7.723466e-05,6.736818e-05,6.78497e-05,0.0025028398,0.002510891,0.00250158,2.9233203e-08,1.3442414e-05,4.1552687e-07,-9.10939e-05,-5.128852e-05,4.6428337e-05,0,0,1
1777226228705000,1777226228549000,1777226228553000,0,0.20970456,0.005161313,0.43478194,0.0025000002,0.0025000002,0.0025000002,0.0055428585,0.0064784675,-0.005174339,0.00073156983,0.0008347861,-0.0005599667,0.0025028258,0.0025108855,0.002501576,0.0013639375,0.0018567534,0.0011900812,8.309999e-05,0.00017713901,-0.000101604484,0,0,1
1777226228769000,1777226228617000,1777226228617000,0,0.21439663,0.0104387505,0.42972046,0.0025000002,0.0025000002,0.0025000002,0.00077611976,0.0012118174,-7.638335e-05,0.0007369033,0.0008799086,-0.0005021135,0.0025028314,0.002510883,0.002501577,2.6741352e-05,6.497038e-05,2.6144568e-07,7.635283e-05,0.00016371037,-8.947187e-05,0,0,1
1777226228841000,1777226228685000,1777226228689000,0,0.20743677,0.010712038,0.42475587,0.0025000002,0.0025000002,0.0025000002,0.0076918146,0.0010652337,0.0049088,0.0015695335,0.00090194563,0.00014537742,0.0025028419,0.0025108936,0.002501579,0.002626526,5.009542e-05,0.0010691988,0.0003816552,0.00015010858,4.9242226e-05,0,0,1
1777226228905000,1777226228753000,1777226228753000,0,0.21468976,0.010355839,0.42980093,0.0025000002,0.0025000002,0.0025000002,0.00033228542,0.0014537182,-9.0390444e-05,0.0014214122,0.00096799654,0.000117133204,0.0025028232,0.0025108801,0.002501574,4.901736e-06,9.351045e-05,3.6414266e-07,0.00033655093,0.00014333274,4.3303437e-05,0,0,1
1777226228977000,1777226228821000,1777226228825000,0,0.21270928,0.011292826,0.4294216,0.0025000002,0.0025000002,0.0025000002,0.0023037582,0.00054433197,0.00029313564,0.0015270452,0.0009172318,0.0001381191,0.0025028328,0.0025108862,0.0025015762,0.0002356131,1.3093823e-05,3.7982093e-06,0.00032446682,0.00012774076,3.8573937e-05,0,0,1
1777226229041000,1777226228889000,1777226228889000,0,0.21506599,0.009957066,0.43060586,0.0025000002,0.0025000002,0.0025000002,-7.1931827e-06,0.0018824944,-0.00091540813,0.0013433688,0.0010327914,1.19830365e-05,0.0025028372,0.0025108887,0.0025015776,2.2970323e-09,0.00015681864,3.7226215e-05,0.00028562194,0.00013122191,2.9499271e-05,0,0,1
1777226229113000,1777226228957000,1777226228961000,0,0.21583173,0.0097065065,0.43438423,0.0025000002,0.0025000002,0.0025000002,-0.00088818907,0.002156335,-0.0046366453,0.0010762105,0.0011673169,-0.0005445111,0.0025028235,0.0025108834,0.0025015739,3.5021774e-05,0.0002057879,0.0009547776,0.000247235,0.00014014883,-8.833668e-05,0,0,1
1777226229177000,1777226229025000,1777226229025000,0,0.21525538,0.011348347,0.43029678,0.0025000002,0.0025000002,0.0025000002,-0.00033652212,0.0004366776,-0.00053203106,0.0009070806,0.0010798525,-0.00054300943,0.0025028286,0.0025108806,0.0025015748,5.027518e-06,8.440331e-06,1.2569416e-05,0.00021703457,0.00012438091,-7.9265956e-05,0,0,1
1777226229249000,1777226229093000,1777226229097000,0,0.21374618,0.0013305738,0.43575382,0.0025000002,0.0025000002,0.0025000002,0.0011936126,0.01065174,-0.0060040355,0.0009413837,0.0022257594,-0.0011968703,0.0025028381,0.0025108915,0.0025015776,6.3248684e-05,0.005020592,0.0016014823,0.00019862359,0.00071054697,-0.0002615031,0,0,1
1777226229313000,1777226229161000,1777226229161000,0,0.21608518,0.012791119,0.4306428,0.0025000002,0.0025000002,0.0025000002,-0.0011496452,-0.00085080694,-0.0008883476,0.00069104927,0.0018574601,-0.0011598843,0.002502843,0.0025108943,0.0025015792,5.8674785e-05,3.201869e-05,3.5018584e-05,0.00016782027,0.0006216483,-0.00023438876,0,0,1
1777226229385000,1777226229229000,1777226229233000,0,0.22585753,0.01662449,0.42704692,0.0025000002,0.0025000002,0.0025000002,-0.01093582,-0.0046927035,0.0027123094,-0.00070089975,0.0010734964,-0.0006958834,0.0025028281,0.0025108834,0.002501575,0.0053092004,0.0009737588,0.00032761783,-0.00048787933,0.00043064886,-0.00016710628,0,0,1
1777226229449000,1777226229297000,1777226229297000,0,0.2136746,0.011686065,0.42900327,0.0025000002,0.0025000002,0.0025000002,0.0012919279,0.0002412945,0.0007392466,-0.0004623218,0.00097384164,-0.0005241245,0.0025028335,0.002510886,0.0025015764,7.409725e-05,2.5720183e-06,2.4244215e-05,-0.00042060044,0.0003794002,-0.00014419813,0,0,1
1777226229521000,1777226229365000,1777226229369000,0,0.22519225,0.012765254,0.4273483,0.0025000002,0.0025000002,0.0025000002,-0.010326522,-0.0007673353,0.002438277,-0.0016432471,0.0007655912,-0.00016908089,0.0025028437,0.002510891,0.0025015788,0.0047340402,2.594202e-05,0.00026477006,-0.00093699805,0.00033087333,-9.523715e-05,0,0,1
