timestamp,load,ram_usage
1777227220557000,0.30555555,0.19771989
1777227221057000,0.31111112,0.19773172
1777227221557000,0.24285714,0.19771318
1777227222057000,0.3068182,0.19771397
1777227222557000,0.2987013,0.19770293
1777227223057000,0.28767124,0.19768164
1777227223557000,0.30136988,0.19769466
1777227224057000,0.2769231,0.19766784
1777227224557000,0.3116883,0.19766784
1777227225057000,0.31764707,0.19766192
1777227225557000,0.32911393,0.19764654
1777227226057000,0.2638889,0.19762367
1777227226557000,0.31428573,0.19761224
1777227227057000,0.25925925,0.19762367
1777227227557000,0.2923077,0.19760041
1777227228057000,0.29113925,0.19757359
1777227228557000,0.2638889,0.19758661
1777227229057000,0.24358974,0.19756098
1777227229557000,0.25373134,0.19754994
1777227230057000,0.34210527,0.19754954
1777227230557000,0.27160493,0.19753811
1777227231057000,0.30555555,0.19751681
1777227231557000,0.265625,0.19749907
1777227232057000,0.3043478,0.19748762
1777227232557000,0.2857143,0.19747303
1777227233057000,0.2962963,0.19747461
1777227233557000,0.28947368,0.19745174
1777227234057000,0.2769231,0.19745135
1777227234557000,0.25,0.19745135
1777227235057000,0.2777778,0.19742335
1777227235557000,0.2837838,0.19740364
1777227236057000,0.3218391,0.19740522
1777227236557000,0.30588236,0.19738707
1777227237057000,0.27272728,0.19740443
1777227237557000,0.3030303,0.19741035
1777227238057000,0.29069766,0.19738984
1777227238557000,0.2739726,0.19738747
1777227239057000,0.28,0.19738747
1777227239557000,0.26923078,0.19736539
1777227240057000,0.28,0.19736657
1777227240557000,0.296875,0.19734606
1777227241057000,0.2535211,0.19733897
1777227241557000,0.27631578,0.19733699
1777227242057000,0.29213482,0.19731452
1777227242557000,0.3068182,0.1972948
1777227243057000,0.32911393,0.1972806
1777227243557000,0.28767124,0.19729875
1777227244057000,0.2820513,0.1972731
1777227244557000,0.2987013,0.1972739
1777227245057000,0.30136988,0.19725102
1777227245557000,0.3043478,0.19727035
1777227246057000,0.2962963,0.19729993
1777227246557000,0.28169015,0.19727509
1777227247057000,0.2777778,0.19726168
1777227247557000,0.31460676,0.19724551
1777227248057000,0.3,0.19724827
1777227248557000,0.2987013,0.19722816
1777227249057000,0.2987013,0.19720805
1777227249557000,0.26923078,0.19721356
1777227250057000,0.28947368,0.19721791
1777227250557000,0.2857143,0.19720568
1777227251057000,0.28947368,0.19720568
1777227251557000,0.31034482,0.19718438
1777227252057000,0.3188406,0.19719818
1777227252557000,0.2753623,0.197184
1777227253057000,0.3114754,0.19718201
1777227253557000,0.3068182,0.19716349
1777227254057000,0.31034482,0.1971548
1777227254557000,0.28915662,0.19713904
1777227255057000,0.29268292,0.19713786
1777227255557000,0.2948718,0.19711892
1777227256057000,0.35227272,0.19709882
1777227256557000,0.30379745,0.19708738
1777227257057000,0.2923077,0.19710158
1777227257557000,0.28767124,0.19707634
1777227258057000,0.33333334,0.1970787
1777227258557000,0.2948718,0.1970582
1777227259057000,0.28767124,0.19708304
1777227259557000,0.3043478,0.19705899
1777227260057000,0.32467532,0.19705781
1777227260557000,0.29333332,0.19704637
1777227261057000,0.296875,0.19702469
1777227261557000,0.30666667,0.19703494
1777227262057000,0.29333332,0.19700733
1777227262557000,0.32222223,0.19699314
1777227263057000,0.3026316,0.19701403
1777227263557000,0.32876712,0.19697894
1777227264057000,0.29577464,0.19696395
1777227264557000,0.28985506,0.19697736
1777227265057000,0.31578946,0.19695015
1777227265557000,0.27941176,0.19693753
1777227266057000,0.32967034,0.19693911
1777227266557000,0.29411766,0.19692926
1777227267057000,0.28787878,0.19691506
1777227267557000,0.3181818,0.19689061
1777227268057000,0.3253012,0.19689336
1777227268557000,0.31182796,0.19687444
1777227269057000,0.3255814,0.19687957
1777227269557000,0.28787878,0.19686814
1777227270057000,0.33333334,0.19685355
1777227270557000,0.31034482,0.1968571
1777227271057000,0.32941177,0.19685985
1777227271557000,0.3125,0.19683659
1777227272057000,0.30666667,0.1968571
1777227272557000,0.32051283,0.19684052
1777227273057000,0.2857143,0.19681609
1777227273557000,0.296875,0.19682948
1777227274057000,0.31578946,0.19679913
1777227274557000,0.30379745,0.19677942
1777227275057000,0.34065935,0.19678888
1777227275557000,0.29166666,0.19677113
1777227276057000,0.29577464,0.19679084
1777227276557000,0.33333334,0.19676758
1777227277057000,0.3,0.19674352
1777227277557000,0.32394367,0.19674392
1777227278057000,0.2923077,0.19674392
1777227278557000,0.3,0.19671947
1777227279057000,0.28125,0.19669108
1777227279557000,0.296875,0.19670448
1777227280057000,0.3114754,0.19668871
1777227280557000,0.28787878,0.19665992
1777227281057000,0.3026316,0.19668004
1777227281557000,0.2835821,0.19665638
1777227282057000,0.296875,0.19665755
1777227282557000,0.30136988,0.19664612
1777227283057000,0.32051283,0.19662838
1777227283557000,0.35064936,0.19663271
1777227284057000,0.30985916,0.19660749
1777227284557000,0.3258427,0.19661576
1777227285057000,0.30882353,0.19660433
1777227285557000,0.31325302,0.19658658
1777227286057000,0.3152174,0.19658737
1777227286557000,0.29166666,0.19656725
1777227287057000,0.32941177,0.19654833
1777227287557000,0.31325302,0.19656608
1777227288057000,0.32467532,0.19653769
1777227288557000,0.29411766,0.1965227
1777227289057000,0.3015873,0.19653098
1777227289557000,0.27941176,0.1965152
1777227290057000,0.3116883,0.19649588
1777227290557000,0.2777778,0.19646986
1777227291057000,0.30232558,0.19645724
1777227291557000,0.2820513,0.19643712
1777227292057000,0.26760563,0.19645014
1777227292557000,0.2769231,0.19642293
1777227293057000,0.29885057,0.19642293
1777227293557000,0.3125,0.19638981
1777227294057000,0.2820513,0.19637956
1777227294557000,0.25714287,0.19637915
1777227295057000,0.28125,0.19636773
1777227295557000,0.26153848,0.19633894
1777227296057000,0.24657534,0.19632277
1777227296557000,0.28767124,0.19633618
1777227297057000,0.29761904,0.19631252
1777227297557000,0.2820513,0.1963003
1777227298057000,0.3,0.19633065
1777227298557000,0.27710843,0.19630621
1777227299057000,0.30555555,0.19631961
1777227299557000,0.22666667,0.19630188
1777227300057000,0.26865673,0.19630976
1777227300557000,0.23529412,0.19628018
1777227301057000,0.24657534,0.19626875
1777227301557000,0.31868133,0.19628136
1777227302057000,0.30487806,0.19626006
1777227302557000,0.30136988,0.19624035
1777227303057000,0.28767124,0.19622892
1777227303557000,0.25675675,0.19620842
1777227304057000,0.28169015,0.19621551
1777227304557000,0.29113925,0.19619027
1777227305057000,0.27058825,0.19616976
1777227305557000,0.30666667,0.19615833
1777227306057000,0.278481,0.19617175
1777227306557000,0.2647059,0.19614847
1777227307057000,0.30232558,0.196126
1777227307557000,0.27906978,0.19614612
1777227308057000,0.3164557,0.19613191
1777227308557000,0.32894737,0.19613467
1777227309057000,0.2837838,0.19611259
1777227309557000,0.29577464,0.196126
1777227310057000,0.25,0.19610825
1777227310557000,0.28947368,0.19608854
1777227311057000,0.2820513,0.19608854
1777227311557000,0.28915662,0.1960704
1777227312057000,0.26760563,0.1960838
1777227312557000,0.3218391,0.19607079
1777227313057000,0.25,0.19612482
1777227313557000,0.27710843,0.1961043
1777227314057000,0.29347825,0.19608459
1777227314557000,0.28735632,0.19606408
1777227315057000,0.2835821,0.19605266
1777227315557000,0.26923078,0.19603728
1777227316057000,0.2857143,0.19601598
1777227316557000,0.2638889,0.19599074
1777227317057000,0.28947368,0.19597931
1777227317557000,0.25,0.19596472
1777227318057000,0.22972973,0.1959446
1777227318557000,0.2535211,0.1959442
1777227319057000,0.29113925,0.19594106
1777227319557000,0.2857143,0.19590911
1777227320057000,0.29069766,0.19592094
1777227320557000,0.29113925,0.19589965
1777227321057000,0.2278481,0.1958819
1777227321557000,0.25316456,0.1958756
1777227322057000,0.31578946,0.19588152
1777227322557000,0.27710843,0.19585903
1777227323057000,0.2638889,0.19583774
1777227323557000,0.24358974,0.19582197
1777227324057000,0.2837838,0.19584051
1777227324557000,0.28,0.19581763
1777227325057000,0.25641027,0.19579357
1777227325557000,0.30526316,0.1957991
1777227326057000,0.29333332,0.19578767
1777227326557000,0.275,0.19576518
1777227327057000,0.3181818,0.19575611
1777227327557000,0.2962963,0.19575927
1777227328057000,0.2739726,0.195736
1777227328557000,0.29411766,0.19572535
1777227329057000,0.31578946,0.19571196
1777227329557000,0.2857143,0.19571471
1777227330057000,0.27027026,0.19568789
1777227330557000,0.2777778,0.1957013
1777227331057000,0.25333333,0.19568041
1777227331557000,0.26086956,0.19569066
1777227332057000,0.24358974,0.19566779
1777227332557000,0.2972973,0.1956532
1777227333057000,0.2682927,0.19564492
1777227333557000,0.25301206,0.19564807
1777227334057000,0.26760563,0.19562401
1777227334557000,0.30120483,0.19561258
1777227335057000,0.27710843,0.19561613
1777227335557000,0.27160493,0.19559522
1777227336057000,0.2777778,0.1955834
1777227336557000,0.33333334,0.1955629
1777227337057000,0.28915662,0.19554238
1777227337557000,0.28,0.19554238
1777227338057000,0.2820513,0.19553332
1777227338557000,0.29268292,0.19551675
1777227339057000,0.278481,0.1955002
1777227339557000,0.24637681,0.19548875
1777227340057000,0.29113925,0.1955002
1777227340557000,0.27941176,0.19547771
1777227341057000,0.29577464,0.19545011
