timestamp,position[0],position[1],position[2],velocity[0],velocity[1],velocity[2],acceleration[0],acceleration[1],acceleration[2],jerk[0],jerk[1],jerk[2],yaw,yawspeed
1777316742566000,nan,nan,nan,nan,nan,0.7,0.0,0.0,nan,nan,nan,nan,0.018030198,nan
1777316742590000,nan,nan,nan,nan,nan,0.7,0.0,0.0,nan,nan,nan,nan,0.017774742,nan
1777316742766000,nan,nan,nan,nan,nan,0.7,0.0,0.0,nan,nan,nan,nan,0.015576329,nan
1777316742966000,nan,nan,nan,nan,nan,0.7,0.0,0.0,nan,nan,nan,nan,0.011801568,nan
1777316743166000,nan,nan,nan,nan,nan,0.7,0.0,0.0,nan,nan,nan,nan,0.011606598,nan
1777316743366000,nan,nan,nan,nan,nan,0.7,0.0,0.0,nan,nan,nan,nan,0.012993369,nan
1777316743566000,nan,nan,nan,nan,nan,0.7,0.0,0.0,nan,nan,nan,nan,0.01331353,nan
1777316743766000,nan,nan,nan,nan,nan,0.7,0.0,0.0,nan,nan,nan,nan,0.012189489,nan
1777316743966000,nan,nan,nan,nan,nan,0.7,0.0,0.0,nan,nan,nan,nan,0.0127879055,nan
1777316744166000,nan,nan,nan,nan,nan,0.7,0.0,0.0,nan,nan,nan,nan,0.013112752,nan
1777316744366000,nan,nan,nan,nan,nan,0.7,0.0,0.0,nan,nan,nan,nan,0.013840381,nan
1777316744566000,nan,nan,nan,nan,nan,0.7,0.0,0.0,nan,nan,nan,nan,0.015559385,nan
1777316744766000,nan,nan,nan,nan,nan,0.7,0.0,0.0,nan,nan,nan,nan,0.016493328,nan
1777316744966000,nan,nan,nan,nan,nan,0.7,0.0,0.0,nan,nan,nan,nan,0.018074632,nan
1777316745166000,nan,nan,nan,nan,nan,0.7,0.0,0.0,nan,nan,nan,nan,0.017783424,nan
1777316745366000,nan,nan,nan,nan,nan,0.7,0.0,0.0,nan,nan,nan,nan,0.016539657,nan
1777316745566000,nan,nan,nan,nan,nan,0.7,0.0,0.0,nan,nan,nan,nan,0.0152719375,nan
1777316745766000,nan,nan,nan,nan,nan,0.7,0.0,0.0,nan,nan,nan,nan,0.01499727,nan
1777316745966000,nan,nan,nan,nan,nan,0.7,0.0,0.0,nan,nan,nan,nan,0.016923957,nan
1777316746166000,nan,nan,nan,nan,nan,0.7,0.0,0.0,nan,nan,nan,nan,0.019445524,nan
1777316746366000,nan,nan,nan,nan,nan,0.7,0.0,0.0,nan,nan,nan,nan,0.019333437,nan
1777316746566000,nan,nan,nan,nan,nan,0.7,0.0,0.0,nan,nan,nan,nan,0.015814865,nan
1777316746766000,nan,nan,nan,nan,nan,0.7,0.0,0.0,nan,nan,nan,nan,0.015850043,nan
1777316746966000,nan,nan,nan,nan,nan,0.7,0.0,0.0,nan,nan,nan,nan,0.018120244,nan
1777316747166000,nan,nan,nan,nan,nan,0.7,0.0,0.0,nan,nan,nan,nan,0.02094489,nan
1777316747366000,nan,nan,nan,nan,nan,0.7,0.0,0.0,nan,nan,nan,nan,0.022029331,nan
1777316747566000,nan,nan,nan,nan,nan,0.7,0.0,0.0,nan,nan,nan,nan,0.019765867,nan
1777316747766000,nan,nan,nan,nan,nan,0.7,0.0,0.0,nan,nan,nan,nan,0.019424109,nan
1777316747966000,nan,nan,nan,nan,nan,0.7,0.0,0.0,nan,nan,nan,nan,0.019569026,nan
1777316748166000,nan,nan,nan,nan,nan,0.7,0.0,0.0,nan,nan,nan,nan,0.01903849,nan
1777316748366000,nan,nan,nan,nan,nan,0.7,0.0,0.0,nan,nan,nan,nan,0.018667033,nan
1777316748566000,nan,nan,nan,nan,nan,0.7,0.0,0.0,nan,nan,nan,nan,0.016964503,nan
1777316748766000,nan,nan,nan,nan,nan,0.7,0.0,0.0,nan,nan,nan,nan,0.016560838,nan
1777316748966000,nan,nan,nan,nan,nan,0.7,0.0,0.0,nan,nan,nan,nan,0.014065194,nan
1777316749166000,nan,nan,nan,nan,nan,0.7,0.0,0.0,nan,nan,nan,nan,0.013407514,nan
1777316749366000,nan,nan,nan,nan,nan,0.7,0.0,0.0,nan,nan,nan,nan,0.012727882,nan
1777316749566000,nan,nan,nan,nan,nan,0.7,0.0,0.0,nan,nan,nan,nan,0.011752701,nan
1777316749766000,nan,nan,nan,nan,nan,0.7,0.0,0.0,nan,nan,nan,nan,0.012149921,nan
1777316749966000,nan,nan,nan,nan,nan,0.7,0.0,0.0,nan,nan,nan,nan,0.012897875,nan
1777316750166000,nan,nan,nan,nan,nan,0.7,0.0,0.0,nan,nan,nan,nan,0.01227781,nan
1777316750366000,nan,nan,nan,nan,nan,0.7,0.0,0.0,nan,nan,nan,nan,0.0064760344,nan
1777316750566000,nan,nan,nan,nan,nan,0.7,0.0,0.0,nan,nan,nan,nan,0.007211906,nan
1777316750766000,nan,nan,nan,nan,nan,0.7,0.0,0.0,nan,nan,nan,nan,0.008548695,nan
1777316750966000,nan,nan,nan,nan,nan,0.7,0.0,0.0,nan,nan,nan,nan,0.011513882,nan
1777316751166000,nan,nan,nan,nan,nan,0.7,0.0,0.0,nan,nan,nan,nan,0.013345734,nan
1777316751366000,nan,nan,nan,nan,nan,0.7,0.0,0.0,nan,nan,nan,nan,0.014156255,nan
1777316751566000,nan,nan,nan,nan,nan,0.7,0.0,0.0,nan,nan,nan,nan,0.011126079,nan
1777316751766000,nan,nan,nan,nan,nan,0.7,0.0,0.0,nan,nan,nan,nan,0.009978689,nan
1777316751966000,nan,nan,nan,nan,nan,0.7,0.0,0.0,nan,nan,nan,nan,0.010242282,nan
1777316752166000,nan,nan,nan,nan,nan,0.7,0.0,0.0,nan,nan,nan,nan,0.011386104,nan
1777316752366000,nan,nan,nan,nan,nan,0.7,0.0,0.0,nan,nan,nan,nan,0.014146578,nan
1777316752566000,nan,nan,nan,nan,nan,0.7,0.0,0.0,nan,nan,nan,nan,0.013477754,nan
1777316752766000,nan,nan,nan,nan,nan,0.7,0.0,0.0,nan,nan,nan,nan,0.014357922,nan
1777316752966000,nan,nan,nan,nan,nan,0.7,0.0,0.0,nan,nan,nan,nan,0.015475035,nan
1777316753166000,nan,nan,nan,nan,nan,0.7,0.0,0.0,nan,nan,nan,nan,0.015736321,nan
1777316753366000,nan,nan,nan,nan,nan,0.7,0.0,0.0,nan,nan,nan,nan,0.01540098,nan
1777316753566000,nan,nan,nan,nan,nan,0.7,0.0,0.0,nan,nan,nan,nan,0.015133087,nan
1777316753766000,nan,nan,nan,nan,nan,0.7,0.0,0.0,nan,nan,nan,nan,0.015977524,nan
1777316753966000,nan,nan,nan,nan,nan,0.7,0.0,0.0,nan,nan,nan,nan,0.016174566,nan
1777316754166000,nan,nan,nan,nan,nan,0.7,0.0,0.0,nan,nan,nan,nan,0.015766034,nan
1777316754366000,nan,nan,nan,nan,nan,0.7,0.0,0.0,nan,nan,nan,nan,0.015279301,nan
1777316754566000,nan,nan,nan,nan,nan,0.7,0.0,0.0,nan,nan,nan,nan,0.015009603,nan
1777316754766000,nan,nan,nan,nan,nan,0.7,0.0,0.0,nan,nan,nan,nan,0.015041679,nan
1777316754966000,nan,nan,nan,nan,nan,0.7,0.0,0.0,nan,nan,nan,nan,0.014551351,nan
1777316755166000,nan,nan,nan,nan,nan,0.7,0.0,0.0,nan,nan,nan,nan,0.014560832,nan
1777316755366000,nan,nan,nan,nan,nan,0.7,0.0,0.0,nan,nan,nan,nan,0.014853981,nan
1777316755566000,nan,nan,nan,nan,nan,0.7,0.0,0.0,nan,nan,nan,nan,0.014927096,nan
1777316755766000,nan,nan,nan,nan,nan,0.7,0.0,0.0,nan,nan,nan,nan,0.014711809,nan
1777316755966000,-0.0003553712,-0.00053478614,-0.0504656,0.0,-0.00018938164,0.6994883,0.0,-0.013201833,-0.063981324,0.0,0.0,-4.0,0.014205247,-0.0005132725
1777316756166000,0.0033409095,-0.0018294204,-0.05523314,4.6635846e-06,-0.0002344145,0.6994881,0.00029218197,-0.016879082,-0.063991025,0.0,0.0,-4.0,0.014684811,0.001445857
1777316756366000,0.004966677,-0.0022444392,-0.055218544,2.3264818e-07,-0.0002877943,0.6994881,1.4543533e-05,-0.021651626,-0.063993976,0.0,0.0,-4.0,0.014688155,0.00045588246
1777316756566000,0.0036244525,-0.003670507,-0.055681713,-2.449702e-06,-0.00034825137,0.6994881,-0.00015330315,-0.027810454,-0.063994505,0.0,0.0,-4.0,0.014063114,-0.0012428968
1777316756766000,0.00048563487,-0.0049377503,-0.055858474,-5.240552e-06,-0.0004119966,0.6994881,-0.0003284216,-0.03572619,-0.06399134,0.0,0.0,-4.0,0.013967321,-0.0011751408
1777316756966000,-0.0020253523,-0.0060168332,-0.056748033,-2.5828817e-06,-0.00047084416,0.6994881,-0.0001616478,-0.045868397,-0.06399464,0.0,0.0,-4.0,0.013657612,-0.0013465016
1777316757166000,-0.0037030918,-0.0066752858,-0.05731899,-2.4326325e-06,-0.0005084548,0.69948804,-0.00015223026,-0.058719516,-0.06399593,0.0,0.0,-4.0,0.013484176,-0.0012668341
1777316757366000,-0.0060963165,-0.0070046275,-0.057870008,-4.059892e-06,-0.0005118992,0.6994881,-0.00025427341,-0.0639937,-0.0639937,0.0,-4.0,-4.0,0.012469408,-0.003536731
1777316757566000,-0.00782142,-0.007815539,-0.05818696,-1.9149963e-06,-0.00051194924,0.69948804,-0.000119805336,-0.06399683,-0.06399683,0.0,-4.0,-4.0,0.013077773,0.00018673847
1777316757766000,-0.008640186,-0.008640844,-0.057821725,-1.8312098e-06,-0.0005119376,0.69948804,-0.00011456013,-0.0639961,-0.0639961,0.0,-4.0,-4.0,0.013115284,0.00031365184
1777316757966000,-0.009627686,-0.009799823,-0.056532484,-9.2841515e-07,-0.0005119533,0.69948804,-5.8054924e-05,-0.06399708,-0.06399708,0.0,-4.0,-4.0,0.013936875,0.002968517
1777316758166000,-0.010050137,-0.010437397,-0.05517787,9.9175125e-08,-0.0005119773,0.699488,6.198883e-06,-0.06399858,-0.06399858,0.0,-4.0,-4.0,0.016732523,0.009972401
1777316758366000,-0.009726969,-0.010984798,-0.0533567,7.874095e-07,-0.0005119707,0.69948804,4.9233437e-05,-0.06399817,-0.06399817,0.0,-4.0,-4.0,0.01753394,0.0058539277
1777316758566000,-0.009220938,-0.011152671,-0.052022163,6.8830224e-07,-0.00051197154,0.69948804,4.3034554e-05,-0.06399822,-0.06399822,0.0,-4.0,-4.0,0.017381838,0.001209185
1777316758766000,-0.008605135,-0.010916034,-0.051126767,8.1982427e-07,-0.000511991,0.699488,5.1259995e-05,-0.06399944,-0.06399944,0.0,-4.0,-4.0,0.016354429,-0.0028290693
1777316758966000,-0.008790979,-0.011381375,-0.050871115,-1.2884846e-06,-0.0005119433,0.69948804,-8.058548e-05,-0.06399646,-0.06399646,0.0,-4.0,-4.0,0.01578433,-0.002223751
1777316759166000,-0.009595411,-0.0121531235,-0.05081585,-1.4408912e-06,-0.00051196513,0.69948804,-9.012222e-05,-0.06399782,-0.06399782,0.0,-4.0,-4.0,0.0152756,-0.0028894772
1777316759366000,-0.010348861,-0.01221736,-0.051145006,-1.7545985e-07,-0.000511993,0.699488,-1.0967255e-05,-0.06399956,-0.06399956,0.0,-4.0,-4.0,0.014299012,-0.0038576638
1777316759566000,-0.0099654365,-0.011796394,-0.051475324,1.7169945e-06,-0.00051194965,0.69948804,0.00010740757,-0.06399685,-0.06399685,0.0,-4.0,-4.0,0.013695221,-0.0034694348
1777316759766000,-0.008459985,-0.011017955,-0.052187823,1.7969435e-06,-0.00051193923,0.69948804,0.00011241436,-0.0639962,-0.0639962,0.0,-4.0,-4.0,0.014199271,0.00016926494
1777316759966000,-0.0075528137,-0.010150026,-0.05283624,1.3037538e-06,-0.0005119674,0.69948804,8.1539154e-05,-0.06399796,-0.06399796,0.0,-4.0,-4.0,0.013941322,-0.0012150663
1777316760166000,-0.006506063,-0.009949859,-0.052338738,2.3850532e-06,-0.0005119302,0.69948804,0.00014925003,-0.06399564,-0.06399564,0.0,-4.0,-4.0,0.013049752,-0.0030843115
1777316760366000,-0.005067768,-0.009293872,-0.051355984,1.8883064e-06,-0.00051192875,0.69948804,0.000118136406,-0.06399555,-0.06399555,0.0,-4.0,-4.0,0.013031348,-0.0010670946
1777316760566000,-0.0035493616,-0.008034611,-0.04947326,2.7769108e-06,-0.00051191624,0.69948804,0.00017380714,-0.063994765,-0.063994765,0.0,-4.0,-4.0,0.012519957,-0.0020499455
1777316760766000,-0.002442218,-0.0069998647,-0.047780477,1.2046739e-06,-0.0005119483,0.69948804,7.534027e-05,-0.06399677,-0.06399677,0.0,-4.0,-4.0,0.012632881,-0.00042436918
1777316760966000,-0.001312646,-0.0061729504,-0.047136694,1.8502507e-06,-0.0005119391,0.69948804,0.00011575222,-0.063996196,-0.063996196,0.0,-4.0,-4.0,0.013286934,0.0022306442
1777316761166000,-0.00042608293,-0.005136141,-0.04667416,8.178957e-07,-0.0005119625,0.69948804,5.1140785e-05,-0.063997656,-0.063997656,0.0,-4.0,-4.0,0.01446129,0.0043635047
1777316761366000,0.000366455,-0.005106466,-0.0464014,1.4313531e-06,-0.00051195425,0.69948804,8.952618e-05,-0.06399714,-0.06399714,0.0,-4.0,-4.0,0.015122141,0.0034302277
1777316761566000,0.0011081216,-0.00554033,-0.04620514,1.187548e-06,-0.0005119649,0.69948804,7.426739e-05,-0.063997805,-0.063997805,0.0,-4.0,-4.0,0.014764431,-7.4465046e-05
1777316761766000,0.0023219285,-0.0056245616,-0.04634197,2.775058e-06,-0.00051193434,0.69948804,0.00017368793,-0.0639959,-0.0639959,0.0,-4.0,-4.0,0.014626209,-0.0003052827
1777316761966000,0.0036415614,-0.0049178754,-0.046641406,1.3779955e-06,-0.0005119339,0.69948804,8.6188316e-05,-0.06399587,-0.06399587,0.0,-4.0,-4.0,0.014451018,-0.00097337086
1777316762166000,0.004454269,-0.003345577,-0.04680737,7.11144e-07,-0.00051192817,0.69948804,4.4465065e-05,-0.06399551,-0.06399551,0.0,-4.0,-4.0,0.014090838,-0.0011581843
1777316762366000,0.0046316283,-0.002243794,-0.04723388,-8.464916e-07,-0.0005119747,0.699488,-5.2928925e-05,-0.063998416,-0.063998416,0.0,-4.0,-4.0,0.014621707,0.0012989116
1777316762566000,0.00433439,-0.0027569889,-0.047740147,3.4330462e-08,-0.0005119631,0.69948804,2.1457672e-06,-0.06399769,-0.06399769,0.0,-4.0,-4.0,0.013673357,-0.0028324565
1777316762766000,0.004026188,-0.00306696,-0.048703965,-1.0065357e-06,-0.0005119501,0.69948804,-6.2942505e-05,-0.06399688,-0.06399688,0.0,-4.0,-4.0,0.013133892,-0.0022295262
1777316762966000,0.003298792,-0.0030674415,-0.048945986,-4.8815326e-07,-0.0005119757,0.699488,-3.0517578e-05,-0.06399848,-0.06399848,0.0,-4.0,-4.0,0.0127239935,-0.002657004
1777316763166000,0.002854428,-0.0032973047,-0.048709214,-7.4929886e-07,-0.0005119798,0.699488,-4.684925e-05,-0.06399874,-0.06399874,0.0,-4.0,-4.0,0.013445902,0.0014730822
1777316763366000,0.0024679126,-0.004031767,-0.048223723,-2.8795918e-07,-0.00051196467,0.69948804,-1.8000603e-05,-0.06399779,-0.06399779,0.0,-4.0,-4.0,0.014741328,0.004652445
1777316763566000,0.0024700838,-0.0051050987,-0.047692813,-3.6803067e-07,-0.00051194034,0.69948804,-2.3007393e-05,-0.06399627,-0.06399627,0.0,-4.0,-4.0,0.014523303,0.00091839116
1777316763766000,0.0020120288,-0.0067961626,-0.04819284,-1.0541397e-06,-0.0005119215,0.69948804,-6.592274e-05,-0.06399509,-0.06399509,0.0,-4.0,-4.0,0.01444156,0.00036364945
1777316763966000,0.0013950618,-0.008119124,-0.04951461,-6.158611e-07,-0.0005119549,0.69948804,-3.85046e-05,-0.06399718,-0.06399718,0.0,-4.0,-4.0,0.014574458,3.269792e-05
1777316764166000,0.00040345138,-0.00845525,-0.050346233,-2.2880079e-06,-0.00051193044,0.69948804,-0.00014317036,-0.06399565,-0.06399565,0.0,-4.0,-4.0,0.014162473,-0.0011457306
1777316764366000,-0.0013423611,-0.008878658,-0.050306085,-2.7674103e-06,-0.00051191985,0.69948804,-0.0001732111,-0.06399499,-0.06399499,0.0,-4.0,-4.0,0.013526123,-0.0021240516
1777316764566000,-0.0027085715,-0.009460458,-0.04996004,-1.3742266e-06,-0.0005119639,0.69948804,-8.59499e-05,-0.063997746,-0.063997746,0.0,-4.0,-4.0,0.01337058,-0.00041885395
1777316764766000,-0.0037824672,-0.009649744,-0.04928788,-1.6275136e-06,-0.0005119581,0.69948804,-0.00010180473,-0.06399738,-0.06399738,0.0,-4.0,-4.0,0.013846512,0.0008284226
1777316764966000,-0.004895838,-0.009231298,-0.048951056,-1.8083882e-06,-0.0005119514,0.69948804,-0.000113129616,-0.06399696,-0.06399696,0.0,-4.0,-4.0,0.0138274,-0.00029775008
1777316765166000,-0.005722923,-0.009829591,-0.048271816,-8.102662e-07,-0.00051195436,0.69948804,-5.0663948e-05,-0.06399715,-0.06399715,0.0,-4.0,-4.0,0.013917203,0.0005477478
1777316765366000,-0.006512963,-0.010326854,-0.047565844,-9.932202e-07,-0.000511973,0.69948804,-6.210804e-05,-0.06399831,-0.06399831,0.0,-4.0,-4.0,0.013768739,-0.00032059537
1777316765566000,-0.006513472,-0.010573325,-0.04762213,3.3371884e-07,-0.0005119608,0.69948804,2.0861626e-05,-0.06399755,-0.06399755,0.0,-4.0,-4.0,0.014100285,0.0011792048
1777316765766000,-0.0053390986,-0.011199138,-0.048145864,2.826384e-06,-0.0005119242,0.69948804,0.00017690659,-0.063995264,-0.063995264,0.0,-4.0,-4.0,0.014109387,0.00084457715
1777316765966000,-0.003525904,-0.011500329,-0.04847735,2.5981328e-06,-0.00051192683,0.69948804,0.00016260147,-0.06399543,-0.06399543,0.0,-4.0,-4.0,0.015322283,0.004732091
1777316766166000,-0.002183059,-0.011946052,-0.04848103,1.876917e-06,-0.0005119466,0.69948804,0.00011742115,-0.063996665,-0.063996665,0.0,-4.0,-4.0,0.015634384,0.0027915651
1777316766366000,-0.0015872775,-0.0120739285,-0.04798558,2.574517e-07,-0.0005119682,0.69948804,1.6093254e-05,-0.063998014,-0.063998014,0.0,-4.0,-4.0,0.015623469,0.0014413006
1777316766566000,-0.0014836328,-0.010921401,-0.047632363,4.4428597e-07,-0.00051193126,0.69948804,2.7775764e-05,-0.063995704,-0.063995704,0.0,-4.0,-4.0,0.015652122,0.000944809
1777316766766000,-0.001376325,-0.010260783,-0.04745988,3.0131227e-07,-0.0005119848,0.699488,1.8835068e-05,-0.06399905,-0.06399905,0.0,-4.0,-4.0,0.015849596,0.001209786
1777316766966000,-0.0012866821,-0.011240118,-0.047041245,5.415136e-07,-0.0005119431,0.69948804,3.385544e-05,-0.06399644,-0.06399644,0.0,-4.0,-4.0,0.015691092,-0.0004237114
1777316767166000,-0.0007987567,-0.012288091,-0.04654343,9.646214e-07,-0.00051195524,0.69948804,6.03199e-05,-0.0639972,-0.0639972,0.0,-4.0,-4.0,0.015728846,0.00018872079
1777316767366000,1.3379907e-05,-0.01292273,-0.047220714,1.4370554e-06,-0.00051194616,0.69948804,8.9883804e-05,-0.063996635,-0.063996635,0.0,-4.0,-4.0,0.015456792,-0.00080941955
1777316767566000,0.0005046552,-0.013079626,-0.048856277,-5.186561e-07,-0.00051197776,0.699488,-3.2424927e-05,-0.06399861,-0.06399861,0.0,-4.0,-4.0,0.015497262,0.00024033549
1777316767766000,0.0004262892,-0.012593143,-0.05044221,2.135945e-07,-0.00051197,0.69948804,1.335144e-05,-0.063998125,-0.063998125,0.0,-4.0,-4.0,0.016060669,0.001786507
1777316767966000,0.0010079728,-0.011866209,-0.05154593,1.6884021e-06,-0.0005119307,0.69948804,0.00010561943,-0.06399567,-0.06399567,0.0,-4.0,-4.0,0.016547235,0.0023512838
1777316768166000,0.002327122,-0.010787859,-0.052403126,1.4465488e-06,-0.00051192543,0.69948804,9.047985e-05,-0.06399534,-0.06399534,0.0,-4.0,-4.0,0.016597845,0.0013172836
1777316768366000,0.0036141386,-0.009020794,-0.05233044,2.1871099e-06,-0.0005119134,0.6994881,0.00013685226,-0.06399459,-0.06399459,0.0,-4.0,-4.0,0.017222792,0.0022213517
1777316768566000,0.004736869,-0.00757642,-0.05184674,1.4884373e-06,-0.0005119185,0.69948804,9.3102455e-05,-0.06399491,-0.06399491,0.0,-4.0,-4.0,0.017019833,-8.323399e-05
1777316768766000,0.0053556436,-0.0059361355,-0.05071894,4.0997833e-07,-0.0005119513,0.69948804,2.5629997e-05,-0.063996956,-0.063996956,0.0,-4.0,-4.0,0.016807092,-0.00024401912
1777316768966000,0.0054311072,-0.0049061696,-0.04894542,-7.7406276e-07,-0.000511963,0.69948804,-4.839897e-05,-0.063997686,-0.063997686,0.0,-4.0,-4.0,0.01743921,0.0020313861
1777316769166000,0.005088484,-0.004256693,-0.046857152,-9.2652203e-07,-0.00051196705,0.69948804,-5.7935715e-05,-0.06399794,-0.06399794,0.0,-4.0,-4.0,0.017654225,0.000989657
1777316769366000,0.0042450735,-0.0048287697,-0.044968978,-1.5646266e-06,-0.0005119285,0.69948804,-9.787083e-05,-0.06399553,-0.06399553,0.0,-4.0,-4.0,0.017655442,0.0005849047
1777316769566000,0.0028086584,-0.0045761815,-0.04304365,-1.869324e-06,-0.0005119587,0.69948804,-0.00011694431,-0.06399742,-0.06399742,0.0,-4.0,-4.0,0.017793493,0.0006663052
1777316769766000,0.0013084757,-0.003971062,-0.04185946,-3.4062668e-06,-0.0005119116,0.6994881,-0.00021326542,-0.063994475,-0.063994475,0.0,-4.0,-4.0,0.017471423,-0.00052798045
1777316769966000,-0.00047159754,-0.0028503817,-0.04093549,-2.8111522e-06,-0.0005119184,0.69948804,-0.00017595291,-0.0639949,-0.0639949,0.0,-4.0,-4.0,0.017453548,-0.0002642176
1777316770166000,-0.0019361122,-0.0017396268,-0.040486645,-1.9073502e-06,-0.0005119325,0.69948804,-0.0001193285,-0.06399578,-0.06399578,0.0,-4.0,-4.0,0.017529389,0.00086218654
1777316770366000,-0.0028668537,-0.0003950418,-0.040603135,-1.9663353e-06,-0.0005119184,0.69948804,-0.00012302399,-0.0639949,-0.0639949,0.0,-4.0,-4.0,0.017550007,5.949165e-05
1777316770566000,-0.0043237694,0.00060300133,-0.04172791,-1.5056378e-06,-0.0005119599,0.69948804,-9.417534e-05,-0.06399749,-0.06399749,0.0,-4.0,-4.0,0.016096951,-0.0043392177
1777316770766000,-0.0049564773,0.001399792,-0.04317722,-6.959262e-07,-0.0005119714,0.69948804,-4.351139e-05,-0.063998215,-0.063998215,0.0,-4.0,-4.0,0.016666317,-0.00014592081
1777316770966000,-0.005356618,0.0020376695,-0.044610407,3.0515626e-08,-0.00051194977,0.69948804,1.9073486e-06,-0.06399686,-0.06399686,0.0,-4.0,-4.0,nan,0.0
1777316771166000,-0.0059896368,0.0029605536,-0.04532404,1.6782577e-07,-0.0005119564,0.69948804,1.04904175e-05,-0.063997276,-0.063997276,0.0,-4.0,-4.0,nan,0.0
1777316771366000,-0.006766266,0.0039265878,-0.045956995,3.0511222e-07,-0.00051193935,0.69948804,1.9073486e-05,-0.06399621,-0.06399621,0.0,-4.0,-4.0,nan,0.0
1777316771566000,-0.008049633,0.0041987714,-0.046066023,5.9489486e-07,-0.00051195704,0.69948804,3.71933e-05,-0.06399731,-0.06399731,0.0,-4.0,-4.0,nan,0.0
1777316771766000,-0.009092031,0.004402261,-0.046687733,8.2361544e-07,-0.0005119656,0.69948804,5.1498413e-05,-0.06399785,-0.06399785,0.0,-4.0,-4.0,nan,0.0
1777316771966000,-0.009499873,0.004372984,-0.047528017,1.6245773e-05,0.0015047322,0.6712114,0.00014686584,-0.00043273717,-0.47990447,0.0,0.0,-4.0,nan,0.0
1777316772166000,-0.009493696,0.004664962,-0.049420375,4.559662e-05,0.0014169316,0.57133794,0.00014686584,-0.00044418126,-0.5,0.0,0.0,0.0,nan,0.0
1777316772366000,-0.009481662,0.0049390323,-0.051026024,7.492973e-05,0.0013271729,0.4714743,0.00014686584,-0.00045467168,-0.5,0.0,0.0,0.0,nan,0.0
1777316772566000,-0.009463775,0.0051948973,-0.052111506,0.00010425306,0.0012354789,0.37164396,0.00014686584,-0.0004637316,-0.5,0.0,0.0,0.0,nan,0.0
1777316772766000,-0.009440038,0.0054322216,-0.053566437,0.00013357244,0.001141818,0.27182707,0.00014686584,-0.00047326833,-0.5,0.0,0.0,0.0,nan,0.0
1777316772966000,-0.009410444,0.005650696,-0.05579018,0.00016289674,0.0010462671,0.17199342,0.00014686584,-0.00048280507,-0.5,0.0,0.0,0.0,nan,0.0
1777316773166000,-0.009374986,0.0058499356,-0.057884138,0.00019222598,0.0009488109,0.07214303,0.00014686584,-0.0004923418,-0.5,0.0,0.0,0.0,nan,0.0
1777316773366000,-0.009333682,0.006029496,-0.060099684,0.0002215483,0.0008496106,-0.02768381,0.00014686584,-0.0005009249,-0.5,0.0,0.0,0.0,nan,0.0
1777316773566000,-0.00928654,0.006189028,-0.062012516,0.00025086114,0.00074872165,-0.12747845,0.00014686584,-0.00050950795,-0.5,0.0,0.0,0.0,nan,0.0
1777316773766000,-0.00923359,0.0063281525,-0.06341239,0.00028015074,0.00064626575,-0.2271939,0.00014686584,-0.00051713735,-0.5,0.0,0.0,0.0,nan,0.0
1777316773966000,-0.009174857,0.006446592,-0.064598694,0.00030941318,0.00054238475,-0.3268169,0.00014686584,-0.00052476674,-0.5,0.0,0.0,0.0,nan,0.0
1777316774166000,-0.009110349,0.006544124,-0.06677727,0.00033865139,0.00043724538,-0.4263575,0.00014686584,-0.0005309656,-0.5,0.0,0.0,0.0,nan,0.0
1777316774366000,-0.0090400465,0.006620574,-0.069536924,0.00036787908,0.00033088756,-0.52586216,0.00014686584,-0.0005371645,-0.5,0.0,0.0,0.0,nan,0.0
1777316774566000,-0.008963959,0.0066757374,-0.07215803,0.00039709514,0.00022357603,-0.62532717,0.00014686584,-0.0005412176,-0.5,0.0,0.0,0.0,nan,0.0
1777316774766000,-0.008882002,0.006709484,-0.08061804,0.00042633098,0.00011536939,-0.72485965,0.00014686584,-0.0005450323,-0.5,0.0,0.0,0.0,nan,0.0
1777316774966000,-0.0087938,0.006721633,-0.10874078,0.00045570417,6.0405855e-06,-0.82485986,0.00014686584,-0.00054789335,-0.5,0.0,0.0,0.0,nan,0.0
1777316775166000,-0.008699726,0.0067118625,-0.1704062,0.00048507735,-0.00010384709,-0.92486006,0.00014686584,-0.00055075437,-0.5,0.0,0.0,0.0,nan,0.0
1777316775366000,-0.008599776,0.0066800625,-0.26192307,0.0005144504,-0.0002142269,-1.0248601,0.00014686584,-0.00055313855,-0.5,0.0,0.0,0.0,nan,0.0
1777316775566000,-0.008494185,0.0066261417,-0.38354692,0.000535352,-0.0003250473,-1.12486,-5.364418e-06,-0.0005550459,-0.5,0.0,0.0,0.0,nan,0.0
1777316775766000,-0.008387317,0.0065500233,-0.5364172,0.0005329611,-0.0004361805,-1.22486,-1.7046928e-05,-0.000556238,-0.5,0.0,0.0,0.0,nan,0.0
1777316775966000,-0.008281176,0.0064516612,-0.7197529,0.0005280197,-0.000547449,-1.3248599,-3.0338764e-05,-0.0005563572,-0.5,0.0,0.0,0.0,nan,0.0
1777316776166000,-0.008176316,0.0063310447,-0.9320235,0.0005199964,-0.0006587202,-1.4248598,-4.7504902e-05,-0.0005563572,-0.5,0.0,0.0,0.0,nan,0.0
1777316776366000,-0.008073503,0.006188174,-1.1713376,0.0005068816,-0.0007699914,-1.4996732,-8.420646e-05,-0.0005563572,-0.05112674,0.0,0.0,4.0,nan,0.0
1777316776566000,-0.007972647,0.0060340823,-1.4250588,0.0005033978,-0.00076870574,-1.5,0.0,0.0,0.0,0.0,0.0,0.0,nan,0.0
1777316776766000,-0.007872293,0.0058808387,-1.6879123,0.0005011742,-0.00076531013,-1.5,0.0,0.0,0.0,0.0,0.0,0.0,nan,0.0
1777316776966000,-0.0077723423,0.005728211,-1.9584956,0.0004993636,-0.0007625455,-1.5,0.0,0.0,0.0,0.0,0.0,0.0,nan,0.0
1777316777166000,-0.007672712,0.0055760746,-2.2362158,0.00049795175,-0.0007603899,-1.5,0.0,0.0,0.0,0.0,0.0,0.0,nan,0.0
1777316777366000,-0.0075733303,0.005424314,-2.52026,0.00049690716,-0.0007587947,-1.5,0.0,0.0,0.0,0.0,0.0,0.0,nan,0.0
1777316777566000,-0.007474132,0.005272833,-2.8086872,0.00049612776,-0.0007576041,-1.5,0.0,0.0,0.0,0.0,0.0,0.0,nan,0.0
1777316777766000,-0.007375066,0.0051215542,-3.1008613,0.000495586,-0.0007567767,-1.5,0.0,0.0,0.0,0.0,0.0,0.0,nan,0.0
1777316777966000,-0.007278581,0.0049742186,-3.3946028,0.000495623,-0.0007568328,-1.5,0.0,0.0,0.0,0.0,0.0,0.0,0.01628685,0.0004932195
1777316778166000,-0.0071823313,0.0048272456,-3.6916811,0.000496052,-0.0007574886,-1.5,0.0,0.0,0.0,0.0,0.0,0.0,0.01628685,0.00019047206
1777316778366000,-0.0070858286,0.004679886,-3.9913158,0.000496685,-0.0007584565,-1.5,0.0,0.0,0.0,0.0,0.0,0.0,0.01628685,7.355671e-05
1777316778566000,-0.0069889273,0.004531916,-4.29257,0.0004974313,-0.0007595966,-1.5,0.0,0.0,0.0,0.0,0.0,0.0,0.01628685,2.8406213e-05
1777316778766000,-0.0068915626,0.0043832385,-4.5953407,0.000498276,-0.0007608867,-1.5,0.0,0.0,0.0,0.0,0.0,0.0,0.01628685,1.0969942e-05
1777316778966000,-0.006793756,0.0042338814,-4.89801,0.0004990849,-0.0007621215,-1.5,0.0,0.0,0.0,0.0,0.0,0.0,0.01628685,4.236384e-06
1777316779166000,-0.0066956296,0.004084037,-5.199871,0.0004998074,-0.00076322444,-1.5,0.0,0.0,0.0,0.0,0.0,0.0,0.01628685,1.6360117e-06
1777316779366000,-0.0065973843,0.003934009,-5.5009336,0.0005004969,-0.00076427625,-1.5,0.0,0.0,0.0,0.0,0.0,0.0,0.01628685,6.317968e-07
1777316779566000,-0.006499103,0.00378393,-5.802077,0.0005012568,-0.00076543627,-1.5,0.0,0.0,0.0,0.0,0.0,0.0,0.01628685,2.43988e-07
1777316779766000,-0.006400798,0.0036338116,-6.1034055,0.0005021614,-0.00076681684,-1.5,0.0,0.0,0.0,0.0,0.0,0.0,0.01628685,9.422357e-08
1777316779966000,-0.0063024685,0.0034836573,-6.405769,0.00050332746,-0.0007685962,-1.5,0.0,0.0,0.0,0.0,0.0,0.0,0.01628685,3.6387366e-08
1777316780166000,-0.0062040146,0.0033333153,-6.709983,0.0005049429,-0.0007710625,-1.5,0.0,0.0,0.0,0.0,0.0,0.0,0.01628685,1.4052112e-08
1777316780366000,-0.006105305,0.0031825858,-7.0141745,0.0005067677,-0.00077385025,-1.5,0.0,0.0,0.0,0.0,0.0,0.0,0.01628685,5.426661e-09
1777316780566000,-0.0060062306,0.0030312932,-7.319025,0.0005089166,-0.0007771314,-1.5,0.0,0.0,0.0,0.0,0.0,0.0,0.01628685,2.0956743e-09
1777316780766000,-0.005906385,0.002878825,-7.6237364,0.00050318346,-0.0007683762,-1.481891,-6.9484115e-05,0.00010611117,0.38061988,0.0,0.0,4.0,0.01628685,8.093098e-10
1777316780966000,-0.0058079786,0.0027285554,-7.9169717,0.0004788488,-0.00073121605,-1.3864118,-0.00014342368,0.00021897256,0.48538238,0.0,0.0,-4.0,0.01628685,3.1254016e-10
1777316781166000,-0.00571526,0.002586971,-8.19294,0.0004479742,-0.0006840682,-1.2894441,-0.00015811622,0.00024144351,0.48791102,0.0,0.0,-4.0,0.01628685,1.2069712e-10
1777316781366000,-0.0056295833,0.0024561414,-8.45174,0.00040505265,-0.0006185206,-1.1919143,-0.00025315583,0.00038661063,0.4920442,0.0,0.0,-4.0,0.01628685,4.6610955e-11
1777316781566000,-0.0055538057,0.002340429,-8.691924,0.00035259512,-0.0005384091,-1.0939493,-0.00026308,0.00040178,0.49459982,0.0,0.0,-4.0,0.01628685,1.800027e-11
1777316781766000,-0.005488548,0.0022407828,-8.911737,0.00029997903,-0.00045805314,-0.9958848,-0.00026308,0.00040178,0.49305025,0.0,0.0,-4.0,0.01628685,6.9513644e-12
1777316781966000,-0.0054338137,0.0021572078,-9.110753,0.00024736294,-0.00037769717,-0.8982512,-0.00026308,0.00040178,0.48811418,0.0,0.0,-4.0,0.01628685,2.6844854e-12
1777316782166000,-0.005388466,0.0020879675,-9.2953205,0.0002170971,-0.00033149958,-0.8014229,-6.0752034e-05,9.252131e-05,0.48284453,0.0,0.0,-4.0,0.01541989,-0.0040137027
1777316782366000,-0.0050621238,0.001794693,-9.440612,0.0030849455,-0.0026286223,-0.62485415,0.014543816,-0.011631355,1.2828445,0.0,0.0,4.0,0.01541989,-0.0015500165
1777316782566000,-0.0041542575,0.0010363408,-9.534603,0.00599371,-0.0049548927,-0.29025337,0.014543816,-0.011631355,1.9078997,0.0,0.0,-4.0,0.01541989,-0.0005985872
1777316782766000,-0.0026646387,-0.00018726471,-9.559237,0.008902474,-0.007281162,0.01905138,0.014543816,-0.011631355,1.1655647,0.0,0.0,-4.0,0.01541989,-0.00023116307
1777316782966000,-0.0007428485,-0.0017537841,-9.537434,0.0095158545,-0.0077362685,0.17232461,-0.0038158149,0.003273502,0.3663664,0.0,0.0,-4.0,0.01541989,-8.927081e-05
1777316783166000,0.0010490938,-0.0032078407,-9.500969,0.008241219,-0.006675327,0.16689625,-0.008752286,0.00719437,-0.2945971,0.0,0.0,4.0,0.01541989,-3.44747e-05
1777316783366000,0.002510222,-0.00439005,-9.471302,0.006649743,-0.0053775734,0.13666329,-0.0017832816,0.001430884,-0.07348811,0.0,0.0,4.0,0.01541989,-1.3313479e-05
1777316783566000,0.0037606212,-0.005401315,-9.445741,0.0058280206,-0.004713546,0.119450584,-0.004273817,0.0034561828,-0.06231758,0.0,0.0,4.0,0.01541989,-5.141415e-06
1777316783766000,0.007571415,-0.004175051,-9.423195,0.056173265,0.027901243,0.106628954,0.6357263,0.2507584,-0.060282715,4.0,0.0,0.0,0.11679521,0.288779
1777316783966000,0.036694307,0.006373019,-9.403132,0.26244748,0.07790066,0.09460902,1.4332975,0.2507584,-0.060282715,4.0,0.0,0.0,0.11669901,0.111199856
1777316784166000,0.12098282,0.026519213,-9.38571,0.6212719,0.12716983,0.08276464,2.21922,0.2507584,-0.060282715,4.0,0.0,0.0,0.11654841,0.042482596
1777316784366000,0.28523114,0.055454683,-9.370972,1.119333,0.17516787,0.071225815,2.9848661,0.2507584,-0.060282715,4.0,0.0,0.0,0.11642789,0.016047973
1777316784566000,0.54354423,0.09213918,-9.3588295,1.6741327,0.22154383,0.060076967,3.0,0.2507584,-0.060282715,0.0,0.0,0.0,0.11634833,0.0059628254
1777316784766000,0.8914031,0.13582814,-9.349038,2.2113056,0.26644406,0.049282882,3.0,0.2507584,-0.060282715,0.0,0.0,0.0,0.1162903,0.0021273626
1777316784966000,1.3255029,0.18642983,-9.341319,2.7376037,0.31043527,0.038707327,3.0,0.2507584,-0.060282715,0.0,0.0,0.0,0.11626101,0.0007390943
1777316785166000,1.8493589,0.24446954,-9.335479,3.261535,0.35422868,0.028179325,3.0,0.2507584,-0.060282715,0.0,0.0,0.0,0.11627643,0.00034450355
1777316785366000,2.472242,0.3109486,-9.33144,3.7914255,0.39852014,0.017531574,3.0,0.2507584,-0.060282715,0.0,0.0,0.0,0.11634474,0.00035836617
1777316785566000,3.2024212,0.38695532,-9.329258,4.279113,0.44377577,0.0066520483,2.3443346,0.2507584,-0.060282715,-4.0,0.0,0.0,0.11645765,0.00049651734
1777316785766000,4.0321593,0.4735778,-9.329062,4.645127,0.4902852,-0.0045288904,1.6024346,0.2507584,-0.060282715,-4.0,0.0,0.0,0.11661861,0.0006973543
1777316785966000,4.9445753,0.5718639,-9.330809,4.878335,0.5382115,-0.0108232675,0.8379323,0.2507584,0.0015505701,-4.0,0.0,0.0,0.11679879,0.00081957213
1777316786166000,5.9156494,0.6810132,-9.332783,4.965778,0.55157363,-0.008574505,0.05083599,-0.26758403,0.016564652,-4.0,0.0,0.0,0.112002045,-0.010897937
1777316786366000,6.9035034,0.78586054,-9.3341675,4.8960953,0.49793208,-0.0052642655,-0.7483596,-0.26863736,0.016590402,-4.0,0.0,0.0,0.112002045,-0.004208578
1777316786566000,7.862421,0.8800742,-9.334886,4.6664233,0.4442046,-0.0018643894,-1.5483595,-0.26863736,0.017207906,-4.0,0.0,0.0,0.112002045,-0.0016252735
1777316786766000,8.759402,0.9635424,-9.334917,4.27675,0.39047712,0.0015826162,-2.348359,-0.26863736,0.017241761,-4.0,0.0,0.0,0.112002045,-0.00062765
1777316786966000,9.562483,1.0362653,-9.334258,3.729829,0.33674964,0.005030968,-3.0,-0.26863736,0.017241761,0.0,0.0,0.0,0.112002045,-0.00024238658
1777316787166000,10.248446,1.0982426,-9.33291,3.1298285,0.28302217,0.00847932,-3.0,-0.26863736,0.017241761,0.0,0.0,0.0,0.112002045,-9.360513e-05
1777316787366000,10.814411,1.1494746,-9.330873,2.5298278,0.22929469,0.011927673,-3.0,-0.26863736,0.017241761,0.0,0.0,0.0,0.112002045,-3.6148533e-05
1777316787566000,11.260374,1.1899611,-9.328144,1.9298273,0.17556721,0.015376025,-3.0,-0.26863736,0.017241761,0.0,0.0,0.0,0.112002045,-1.3959881e-05
1777316787766000,11.586338,1.219702,-9.324727,1.3298273,0.12183973,0.018824378,-3.0,-0.26863736,0.017241761,0.0,0.0,0.0,0.112002045,-5.391042e-06
1777316787966000,11.792302,1.2386975,-9.320621,0.7298273,0.068112254,0.02227273,-3.0,-0.26863736,0.017241761,0.0,0.0,0.0,0.112002045,-2.0819186e-06
1777316788166000,11.878266,1.2469475,-9.315823,0.12982723,0.014384777,0.025721082,-3.0,-0.26863736,0.017241761,0.0,0.0,0.0,0.112002045,-8.0399775e-07
1777316788366000,11.871642,1.2466925,-9.312542,-0.23792705,-0.01854607,0.027834661,-3.0,-0.26863736,0.017241761,0.0,0.0,0.0,0.112002045,-3.104888e-07
1777316788566000,11.835069,1.2436818,-9.309797,-0.5254061,-0.044288613,0.029486876,-3.0,-0.26863736,0.017241761,0.0,0.0,0.0,0.112002045,-1.1990493e-07
1777316788766000,11.752972,1.2366536,-9.306226,-0.87671816,-0.075747125,0.031505954,-3.0,-0.26863736,0.017241761,0.0,0.0,0.0,0.112002045,-4.6305022e-08
1777316788966000,11.594375,1.2228521,-9.30148,-1.3115679,-0.11468607,0.034005143,-3.0,-0.26863736,0.017241761,0.0,0.0,0.0,0.112002045,-1.7882124e-08
1777316789166000,11.321616,1.1989067,-9.2953615,-1.8321472,-0.16130178,0.035739623,-3.0,-0.26863736,-0.0010575801,0.0,0.0,0.0,0.112002045,-6.90574e-09
1777316789366000,10.906553,1.1622787,-9.288424,-2.4180853,-0.21377006,0.035144594,-3.0,-0.26863736,-0.004758075,0.0,0.0,0.0,0.112002045,-2.666867e-09
1777316789566000,10.362933,1.1141521,-9.281525,-3.018086,-0.26749754,0.03370931,-3.0,-0.26863736,-0.009250835,0.0,0.0,0.0,0.112002045,-1.0298938e-09
1777316789766000,9.699332,1.0552802,-9.275006,-3.6162548,-0.32122502,0.03129041,-2.8789449,-0.26863736,-0.014414981,4.0,0.0,0.0,0.112002045,-3.9772555e-10
1777316789966000,8.923838,0.98566276,-9.269077,-4.112044,-0.3749525,0.02780894,-2.0789456,-0.26863736,-0.02002211,4.0,0.0,0.0,0.112002045,-1.535941e-10
1777316790166000,8.065187,0.9052994,-9.263965,-4.447833,-0.42867997,0.0230774,-1.2789458,-0.26863736,-0.026829854,4.0,0.0,0.0,0.112002045,-5.931514e-11
1777316790366000,7.1551394,0.8141907,-9.259945,-4.6361656,-0.48240745,0.016883265,-0.92694587,-0.26863736,-0.032931164,-4.0,0.0,0.0,0.112002045,-2.2906392e-11
1777316790566000,6.2053285,0.7123791,-9.257224,-4.8623505,-0.532935,0.010297031,-0.93497145,-0.108637355,-0.032931164,4.0,4.0,0.0,0.112002045,-8.846016e-12
1777316790766000,5.219492,0.6058261,-9.25582,-4.9693613,-0.529657,0.0041131573,-0.13506433,0.044176392,0.0014524907,4.0,0.0,0.0,0.112002045,-3.4161647e-12
1777316790966000,4.228251,0.50105166,-9.254971,-4.9163737,-0.5169978,0.0044036554,0.6649357,0.07782965,0.0014524907,4.0,0.0,0.0,0.112002045,-1.3192584e-12
1777316791166000,3.2636077,0.39943883,-9.254077,-4.703386,-0.49817237,0.004471616,1.4649357,0.107176475,-0.0003129989,4.0,0.0,0.0,0.112002045,-5.094727e-13
1777316791366000,2.357551,0.3021691,-9.253192,-4.331872,-0.4735789,0.0043643764,2.129454,0.13598698,-0.0007118732,-4.0,0.0,0.0,0.112002045,-1.9674872e-13
1777316791566000,1.5328249,0.21038054,-9.252336,-3.9220178,-0.44349465,0.00418247,1.9335961,0.16106349,-0.0010602027,-4.0,0.0,0.0,0.112002045,-7.598065e-14
1777316791766000,0.78629476,0.12504885,-9.251521,-3.5492275,-0.4092866,0.003938876,1.7581526,0.17783338,-0.0013339669,-4.0,0.0,0.0,0.112002045,-2.9342295e-14
1777316791966000,0.11094759,0.046825178,-9.250757,-3.2095532,-0.37270963,0.003649817,1.6017653,0.18563575,-0.0015232116,-4.0,0.0,0.0,0.112002045,-1.133144e-14
1777316792166000,-0.49947223,-0.023992104,-9.250056,-2.899384,-0.33545426,0.0033326356,1.4624137,0.18633139,-0.001622811,-4.0,0.0,0.0,0.112002045,-4.375988e-15
1777316792366000,-1.0505414,-0.08735633,-9.249419,-2.6155617,-0.29818794,0.0030047537,1.3376348,0.18633139,-0.0016439706,-4.0,0.0,0.0,0.112002045,-1.6899242e-15
1777316792566000,-1.547256,-0.14326729,-9.248847,-2.3554385,-0.26092163,0.0026759596,1.2248365,0.18633139,-0.0016439706,-4.0,0.0,0.0,0.1130759,0.0049715377
1777316792766000,-1.9885138,-0.19015431,-9.24831,-2.0304716,-0.20705569,0.002694217,2.0248363,0.27414978,-1.0564923e-05,4.0,0.0,0.0,0.1130759,0.0019199139
1777316792966000,-2.3487782,-0.22608246,-9.247771,-1.5455042,-0.15222575,0.0026773037,2.8248355,0.27414978,-0.00014717877,4.0,0.0,0.0,0.1130759,0.0007414345
1777316793166000,-2.59859,-0.2510446,-9.24724,-0.9493395,-0.09739581,0.0026313015,3.0,0.27414978,-0.00030000508,0.0,0.0,0.0,0.1130759,0.000286328
1777316793366000,-2.728457,-0.2650409,-9.246719,-0.34933946,-0.042565867,0.0025526357,3.0,0.27414978,-0.0004723817,0.0,0.0,0.0,0.1130759,0.00011057448
1777316793566000,-2.7424781,-0.26805276,-9.2462635,0.19470799,0.011308017,0.0024555225,3.0,0.31757128,-0.0005479604,0.0,0.0,0.0,0.1130759,4.2701773e-05
1777316793766000,-2.6743917,-0.26231164,-9.245882,0.66815466,0.06146109,0.0023690464,3.0,0.31799757,-0.0005479604,0.0,0.0,0.0,0.1130759,1.6490618e-05
1777316793966000,-2.5209322,-0.24760588,-9.245493,1.1692685,0.11463314,0.0022775165,3.0,0.31861675,-0.0005479604,0.0,0.0,0.0,0.1130759,6.3683656e-06
1777316794166000,-2.2649767,-0.22211829,-9.245097,1.7037961,0.17148891,0.0021699017,3.0,0.31953824,-0.0006597787,0.0,0.0,0.0,0.1130759,2.4593428e-06
1777316794366000,-1.8893942,-0.18399252,-9.2446995,2.270775,0.23201843,0.00202971,3.0,0.32095635,-0.000812605,0.0,0.0,0.0,0.1130759,9.4975184e-07
1777316794566000,-1.3823655,-0.13188948,-9.244315,2.8633184,0.29564515,0.0018478214,3.0,0.32326734,-0.0010177642,0.0,0.0,0.0,0.1130759,3.6677622e-07
1777316794766000,-0.7502916,-0.06627214,-9.243966,3.444887,0.36058283,0.0016224287,2.6160004,0.3250872,-0.0011568815,-4.0,0.0,0.0,0.1130759,1.4164205e-07
1777316794966000,-0.014327525,0.012346176,-9.243662,3.8880875,0.42560032,0.001391052,1.8160009,0.3250872,-0.0011568815,-4.0,0.0,0.0,0.1130759,5.469949e-08
1777316795166000,0.7942765,0.10396525,-9.243403,4.171287,0.4901058,0.0011596754,1.0160011,0.26108718,-0.0011568815,-4.0,-4.0,0.0,0.1130759,2.112391e-08
1777316795366000,1.6435206,0.20331372,-9.243192,4.2944865,0.49530774,0.0009282989,0.21600097,-0.03349682,-0.0011568815,-4.0,0.0,0.0,0.1130759,8.157655e-09
1777316795566000,2.5014045,0.30148256,-9.243027,4.257686,0.48544982,0.0006969226,-0.5839991,-0.06195601,-0.0011568815,-4.0,0.0,0.0,0.1130759,3.1503327e-09
1777316795766000,3.3359284,0.3971208,-9.2429085,4.060885,0.4700326,0.0004655463,-1.3839991,-0.089406334,-0.0011568815,-4.0,0.0,0.0,0.1130759,1.216599e-09
1777316795966000,4.1150928,0.48912656,-9.242834,3.7040854,0.44911307,0.00029913595,-2.1839988,-0.11717876,6.2435865e-06,-4.0,0.0,0.0,0.1130759,4.6982757e-10
1777316796166000,4.806896,0.5752618,-9.24273,3.1872857,0.4031226,0.0009556202,-2.983998,-0.31196868,0.004851386,-4.0,0.0,0.0,0.11406177,0.0023026348
1777316796366000,5.384361,0.6496352,-9.242442,2.5873172,0.34055772,0.0019258971,-3.0,-0.31358945,0.004851386,0.0,0.0,0.0,0.11406177,0.00088923424
1777316796566000,5.841825,0.7114594,-9.2419615,1.9873167,0.27761346,0.0028961746,-3.0,-0.3157264,0.004851386,0.0,0.0,0.0,0.11406177,0.00034340553
1777316796766000,6.179289,0.759931,-9.241279,1.3873167,0.20481771,0.0039123707,-3.0,-0.3790294,0.005138442,0.0,0.0,0.0,0.11406177,0.00013261674
1777316796966000,6.3967533,0.7933139,-9.240389,0.7873167,0.12900193,0.0049400595,-3.0,-0.3794185,0.005138442,0.0,0.0,0.0,0.11406177,5.1214076e-05
1777316797166000,6.4942174,0.8114957,-9.239295,0.18731666,0.05265591,0.0059677484,-3.0,-0.38410866,0.005138442,0.0,0.0,0.0,0.11406177,1.9777906e-05
1777316797366000,6.4953914,0.81502336,-9.238555,-0.16746825,0.0068905363,0.006575429,-3.0,-0.38974297,0.005138442,0.0,0.0,0.0,0.11406177,7.637856e-06
1777316797566000,6.469464,0.8141413,-9.237964,-0.42849806,-0.027232653,0.0070225243,-3.0,-0.3942989,0.005138442,0.0,0.0,0.0,0.11406177,2.9495957e-06
1777316797766000,6.4070363,0.8090109,-9.23719,-0.74710935,-0.06950817,0.007568246,-3.0,-0.40142643,0.005138442,0.0,0.0,0.0,0.11406177,1.1390783e-06
1777316797966000,6.2805943,0.79611826,-9.236133,-1.1475308,-0.12396263,0.008254094,-3.0,-0.4140786,0.005138442,0.0,0.0,0.0,0.11406177,4.3989056e-07
1777316798166000,6.052993,0.77030087,-9.234772,-1.6378137,-0.19198588,0.0082777105,-3.0,-0.416232,-0.00060744584,0.0,0.0,0.0,0.11406177,1.6987747e-07
1777316798366000,5.688255,0.72638386,-9.233212,-2.2070014,-0.27095726,0.00812996,-3.0,-0.416232,-0.000920251,0.0,0.0,0.0,0.11406177,6.560347e-08
1777316798566000,5.186855,0.6638678,-9.231607,-2.807002,-0.35420364,0.007891707,-3.0,-0.416232,-0.0014581233,0.0,0.0,0.0,0.11406177,2.5334826e-08
1777316798766000,4.5654554,0.58470243,-9.230065,-3.4070027,-0.43745002,0.0075195213,-3.0,-0.416232,-0.0022276193,0.0,0.0,0.0,0.11406177,9.783832e-09
1777316798966000,3.8276894,0.48889056,-9.228607,-3.945051,-0.52018434,0.007051422,-2.2960007,-0.35223198,-0.0023405105,4.0,4.0,0.0,0.11406177,3.778331e-09
1777316799166000,2.9980927,0.38236916,-9.227244,-4.3242497,-0.5324383,0.0065833204,-1.496001,0.036343195,-0.0023405105,4.0,0.0,0.0,0.11406177,1.4591202e-09
1777316799366000,2.1086557,0.27681628,-9.225974,-4.543449,-0.52223927,0.006115219,-0.69600105,0.062476493,-0.0023405105,4.0,0.0,0.0,0.11406177,5.6348465e-10
1777316799566000,1.1913791,0.17380394,-9.224797,-4.602649,-0.5071119,0.0056471177,0.10399903,0.0861207,-0.0023405105,4.0,0.0,0.0,0.11406177,2.1760715e-10
1777316799766000,0.2782627,0.07427834,-9.223714,-4.5018477,-0.48741138,0.0051790164,0.90399915,0.10850177,-0.0023405105,4.0,0.0,0.0,0.11406177,8.403577e-11
1777316799966000,-0.59869343,-0.020863395,-9.222725,-4.241047,-0.46328095,0.004710915,1.703999,0.13060936,-0.0023405105,4.0,0.0,0.0,0.11406177,3.2453037e-11
1777316800166000,-1.4074897,-0.11073294,-9.221829,-3.8202467,-0.4346618,0.0042428137,2.5039985,0.1535066,-0.0023405105,4.0,0.0,0.0,0.11406177,1.2532751e-11
1777316800366000,-2.1164184,-0.1943084,-9.221021,-3.250999,-0.39661634,0.0040352135,3.0,0.29134306,0.002360627,0.0,0.0,0.0,0.11486269,0.0027369878
1777316800566000,-2.7066176,-0.26779413,-9.220166,-2.6509984,-0.33819085,0.0045073405,3.0,0.29284605,0.002360627,0.0,0.0,0.0,0.11486269,0.001056973
1777316800766000,-3.1768167,-0.32956037,-9.219217,-2.0509977,-0.27940124,0.0049794675,3.0,0.2949415,0.002360627,0.0,0.0,0.0,0.11486269,0.000408183
1777316800966000,-3.5270154,-0.37952134,-9.218175,-1.4509977,-0.22011575,0.0054515945,3.0,0.2977539,0.002360627,0.0,0.0,0.0,0.11486269,0.00015763259
1777316801166000,-3.7572145,-0.4174778,-9.217037,-0.8509977,-0.15861462,0.005934745,3.0,0.31873283,0.0024416894,0.0,0.0,0.0,0.11486269,6.0874736e-05
1777316801366000,-3.8674135,-0.44265336,-9.215802,-0.25099763,-0.09241525,0.006423084,3.0,0.34096774,0.0024416894,0.0,0.0,0.0,0.11486269,2.3508674e-05
1777316801566000,-3.871019,-0.45265666,-9.214801,0.20339173,-0.03916324,0.0067929104,3.0,0.36171922,0.0024416894,0.0,0.0,0.0,0.11486269,9.078605e-06
1777316801766000,-3.8323727,-0.45474473,-9.214065,0.5227316,0.0001936364,0.0070528197,3.0,0.3766323,0.0024416894,0.0,0.0,0.0,0.11486269,3.5059854e-06
1777316801966000,-3.743858,-0.4517411,-9.213175,0.8968488,0.04815586,0.0071442686,3.0,0.38664827,-0.0010206252,0.0,0.0,0.0,0.11486269,1.3539453e-06
1777316802166000,-3.5768497,-0.44026783,-9.212123,1.3440208,0.1057886,0.0069741188,3.0,0.38664827,-0.0012402087,0.0,0.0,0.0,0.11486269,5.228681e-07
1777316802366000,-3.29651,-0.4159086,-9.210924,1.8677351,0.17328635,0.006730188,3.0,0.38664827,-0.001546815,0.0,0.0,0.0,0.11486269,2.019218e-07
1777316802566000,-2.8735952,-0.37459746,-9.20964,2.4547758,0.24894571,0.006379735,3.0,0.38664827,-0.0020048171,0.0,0.0,0.0,0.11486269,7.797838e-08
1777316802766000,-2.3226397,-0.31707537,-9.208409,3.0547764,0.3262753,0.005914555,3.0,0.38664827,-0.0026140958,0.0,0.0,0.0,0.11486269,3.011378e-08
1777316802966000,-1.6522062,-0.24408737,-9.207284,3.637793,0.40360487,0.005320729,2.6313918,0.38664827,-0.0030940324,-4.0,0.0,0.0,0.11486269,1.1629372e-08
1777316803166000,-0.87735295,-0.15563345,-9.206279,4.084071,0.48093444,0.0047019236,1.8313923,0.38664827,-0.0030940324,-4.0,0.0,0.0,0.11486269,4.491044e-09
1777316803366000,-0.029244361,-0.05643587,-9.2053995,4.370349,0.49691838,0.004083118,1.0313925,-0.03251169,-0.0030940324,-4.0,0.0,0.0,0.11486269,1.7343564e-09
1777316803566000,0.8601199,0.042093538,-9.204643,4.496627,0.48753476,0.0034643123,0.23139232,-0.05829618,-0.0030940324,-4.0,0.0,0.0,0.11486269,6.697758e-10
1777316803766000,1.7587395,0.13824798,-9.204009,4.462904,0.47323075,0.0028455066,-0.56860775,-0.08212469,-0.0030940324,-4.0,0.0,0.0,0.11486269,2.5865476e-10
1777316803966000,2.6346145,0.23107311,-9.203503,4.2691817,0.45426604,0.002226701,-1.3686078,-0.10515616,-0.0030940324,-4.0,0.0,0.0,0.11486269,9.98876e-11
1777316804166000,3.4557457,0.3196446,-9.203116,3.9154608,0.4306833,0.0016078947,-2.1686075,-0.12846479,-0.0030940324,-4.0,0.0,0.0,0.11486269,3.85747e-11
1777316804366000,4.190132,0.40164167,-9.202742,3.40174,0.38323787,0.0024417252,-2.9686067,-0.28061414,0.006050274,-4.0,0.0,0.0,0.115163,0.00064945593
1777316804566000,4.8105054,0.47267064,-9.202129,2.8018627,0.32702172,0.003651781,-3.0,-0.28152823,0.006050274,0.0,0.0,0.0,0.115163,0.0002508076
1777316804766000,5.3108783,0.53243446,-9.201276,2.201862,0.27056897,0.004861837,-3.0,-0.28294396,0.006050274,0.0,0.0,0.0,0.115163,9.685717e-05
1777316804966000,5.6912513,0.5805255,-9.200181,1.601862,0.21004929,0.006078663,-3.0,-0.30619454,0.006084129,0.0,0.0,0.0,0.115163,3.740441e-05
1777316805166000,5.951625,0.6163569,-9.198842,1.0018619,0.14803384,0.0072954893,-3.0,-0.31324506,0.006084129,0.0,0.0,0.0,0.115163,1.4444878e-05
1777316805366000,6.0919976,0.6396409,-9.197259,0.4018619,0.084546246,0.008512317,-3.0,-0.3210628,0.006084129,0.0,0.0,0.0,0.115163,5.578339e-06
1777316805566000,6.1171417,0.6492799,-9.195742,-0.103091836,0.02974221,0.0095363865,-3.0,-0.33049726,0.006084129,0.0,0.0,0.0,0.115163,2.1542494e-06
1777316805766000,6.094847,0.6506085,-9.194839,-0.3800059,-0.0010403652,0.010097978,-3.0,-0.33604074,0.006084129,0.0,0.0,0.0,0.115163,8.319304e-07
1777316805966000,6.0353584,0.6484686,-9.1937,-0.70805013,-0.038242657,0.010763264,-3.0,-0.34386945,0.006084129,0.0,0.0,0.0,0.115163,3.2127576e-07
1777316806166000,5.9130464,0.6401785,-9.192199,-1.1113992,-0.08536169,0.011581273,-3.0,-0.3564303,0.006084129,0.0,0.0,0.0,0.115163,1.2407064e-07
1777316806366000,5.6927123,0.6214993,-9.190254,-1.5991285,-0.14474048,0.012013042,-3.0,-0.36822915,-0.002254799,0.0,0.0,0.0,0.115163,4.791374e-08
1777316806566000,5.3388367,0.5877586,-9.188039,-2.1634395,-0.21400571,0.011539719,-3.0,-0.36822915,-0.002732113,0.0,0.0,0.0,0.115163,1.8503384e-08
1777316806766000,4.8461494,0.5375928,-9.185793,-2.7634401,-0.28765157,0.010929291,-3.0,-0.36822915,-0.0033896714,0.0,0.0,0.0,0.115163,7.1456583e-09
1777316806966000,4.233462,0.4726979,-9.183686,-3.3634408,-0.36129743,0.010133787,-3.0,-0.36822915,-0.0045102388,0.0,0.0,0.0,0.115163,2.7595184e-09
1777316807166000,3.502739,0.39307383,-9.181757,-3.9223278,-0.4349433,0.00915051,-2.4264965,-0.36822915,-0.0049657375,4.0,0.0,0.0,0.115163,1.065674e-09
1777316807366000,2.6750767,0.2990619,-9.180026,-4.3276258,-0.4957891,0.008157361,-1.6264969,-0.04822912,-0.0049657375,4.0,4.0,0.0,0.115163,4.1154322e-10
1777316807566000,1.7823552,0.20033486,-9.1784935,-4.572924,-0.49007347,0.0071642147,-0.826497,0.043058015,-0.0049657375,4.0,0.0,0.0,0.115163,1.589302e-10
1777316807766000,0.8565737,0.10336727,-9.17716,-4.658223,-0.47883308,0.0061710686,-0.02649691,0.06662998,-0.0049657375,4.0,0.0,0.0,0.115163,6.137585e-11
1777316807966000,-0.070267476,0.009105697,-9.176025,-4.583522,-0.46306047,0.0051779225,0.7735032,0.08870826,-0.0049657375,4.0,0.0,0.0,0.115163,2.3702195e-11
1777316808166000,-0.9661683,-0.08156528,-9.175089,-4.3488197,-0.44294158,0.0041847765,1.5735031,0.11029897,-0.0049657375,4.0,0.0,0.0,0.115163,9.15334e-12
1777316808366000,-1.7991289,-0.16767234,-9.174339,-3.954119,-0.41325822,0.0036458801,2.3735027,0.26867685,0.0032983273,4.0,0.0,0.0,0.1149012,-0.0008946509
1777316808566000,-2.5372033,-0.24495032,-9.173547,-3.4031813,-0.35952193,0.0043055452,3.0,0.26868924,0.0032983273,0.0,0.0,0.0,0.1149012,-0.0003454973
1777316808766000,-3.1578393,-0.31147915,-9.172622,-2.8031807,-0.30575666,0.0049652103,3.0,0.2690054,0.0032983273,0.0,0.0,0.0,0.1149012,-0.00013342456
1777316808966000,-3.6584744,-0.36715418,-9.171565,-2.20318,-0.25046954,0.0056248754,3.0,0.28129634,0.0032983273,0.0,0.0,0.0,0.1149012,-5.152605e-05
1777316809166000,-4.0391097,-0.41158897,-9.170375,-1.6031799,-0.19373961,0.0062845405,3.0,0.28553972,0.0032983273,0.0,0.0,0.0,0.1149012,-1.989839e-05
1777316809366000,-4.299746,-0.4445969,-9.169055,-1.0031799,-0.13625734,0.0069442056,3.0,0.28843746,0.0032983273,0.0,0.0,0.0,0.1149012,-7.6843835e-06
1777316809566000,-4.440383,-0.4660603,-9.167603,-0.40317988,-0.078287475,0.0076038707,3.0,0.29112777,0.0032983273,0.0,0.0,0.0,0.1149012,-2.967564e-06
1777316809766000,-4.4654517,-0.4751611,-9.166256,0.11018705,-0.027659483,0.008168288,3.0,0.30328283,0.0032983273,0.0,0.0,0.0,0.1149012,-1.1460172e-06
1777316809966000,-4.438675,-0.4763967,-9.165407,0.41569233,0.0034726285,0.008504174,3.0,0.30791268,0.0032983273,0.0,0.0,0.0,0.1149012,-4.4257027e-07
1777316810166000,-4.369064,-0.47384393,-9.164389,0.7684182,0.040078912,0.008727243,3.0,0.31434402,-0.000119164586,0.0,0.0,0.0,0.1149012,-1.7091229e-07
1777316810366000,-4.231398,-0.46506837,-9.163165,1.1901526,0.08500913,0.008673087,3.0,0.32436523,-0.0006072074,0.0,0.0,0.0,0.1149012,-6.60031e-08
1777316810566000,-3.9924338,-0.4463998,-9.161737,1.6882694,0.14034286,0.008515115,3.0,0.34166893,-0.0012406856,0.0,0.0,0.0,0.1149012,-2.548915e-08
1777316810766000,-3.6223269,-0.41386738,-9.160173,2.251865,0.20622972,0.008026862,3.0,0.35234722,-0.0034420043,0.0,0.0,0.0,0.1149012,-9.843429e-09
1777316810966000,-3.1119533,-0.36557454,-9.158641,2.8518655,0.27669916,0.0072922693,3.0,0.35234722,-0.0038663894,0.0,0.0,0.0,0.1149012,-3.801347e-09
1777316811166000,-2.4815795,-0.30318785,-9.157268,3.4518661,0.34716853,0.0064523043,3.0,0.35234722,-0.004580453,0.0,0.0,0.0,0.1149012,-1.4680086e-09
1777316811366000,-1.7328825,-0.2267072,-9.156075,4.0148745,0.4176379,0.0054747034,2.4560006,0.35234722,-0.0049253255,-4.0,0.0,0.0,0.1149012,-5.6691724e-10
1777316811566000,-0.886121,-0.13617532,-9.155076,4.426073,0.48490727,0.004489639,1.656001,0.19234723,-0.0049253255,-4.0,-4.0,0.0,0.1149012,-2.1893273e-10
1777316811766000,0.026880167,-0.038608346,-9.154277,4.6772723,0.4855037,0.0035045738,0.8560011,-0.03532765,-0.0049253255,-4.0,0.0,0.0,0.1149012,-8.454769e-11
1777316811966000,0.9741213,0.05759818,-9.153674,4.768472,0.47578636,0.0025195081,0.05600097,-0.059088208,-0.0049253255,-4.0,0.0,0.0,0.1149012,-3.265072e-11
1777316812166000,1.9236023,0.15140049,-9.153269,4.6996713,0.46151206,0.0015344427,-0.7439991,-0.08124492,-0.0049253255,-4.0,0.0,0.0,0.1149012,-1.2609092e-11
1777316812366000,2.8433228,0.24191093,-9.153055,4.47087,0.442885,0.00074507896,-1.5439991,-0.10283051,4.439056e-05,-4.0,0.0,0.0,0.1149012,-4.869394e-12
1777316812566000,3.701284,0.32826298,-9.152903,4.08207,0.41991186,0.0007492568,-2.3439987,-0.12484143,-2.3320317e-05,-4.0,0.0,0.0,0.1149012,-1.880468e-12
1777316812766000,4.465515,0.40857267,-9.152724,3.5358624,0.37567654,0.0011689421,-3.0,-0.28596482,0.0031121224,0.0,0.0,0.0,0.11580352,0.0021074738
1777316812966000,5.112688,0.47798878,-9.15243,2.9358618,0.31848365,0.0017913665,-3.0,-0.28596482,0.0031121224,0.0,0.0,0.0,0.11580352,0.00081386656
1777316813166000,5.639861,0.53596616,-9.152012,2.3358612,0.26129076,0.0024137904,-3.0,-0.28596482,0.0031121224,0.0,0.0,0.0,0.11580352,0.00031429986
1777316813366000,6.0470343,0.581967,-9.151468,1.735861,0.19782478,0.0030362143,-3.0,-0.32255825,0.0031121224,0.0,0.0,0.0,0.11580352,0.00012137669
1777316813566000,6.334207,0.61508054,-9.150801,1.1358609,0.13331318,0.003658638,-3.0,-0.32255825,0.0031121224,0.0,0.0,0.0,0.11580352,4.687339e-05
1777316813766000,6.50138,0.63529176,-9.150008,0.5358609,0.068801515,0.0042810636,-3.0,-0.32255825,0.0031121224,0.0,0.0,0.0,0.11580352,1.8101617e-05
1777316813966000,6.5489964,0.64255136,-9.149135,-0.038149808,0.007084217,0.004876529,-3.0,-0.32255825,0.0031121224,0.0,0.0,0.0,0.11580352,6.9905027e-06
1777316814166000,6.531677,0.6417572,-9.148655,-0.3246193,-0.023716819,0.005173705,-3.0,-0.32255825,0.0031121224,0.0,0.0,0.0,0.11580352,2.6996e-06
1777316814366000,6.477565,0.63717395,-9.1480665,-0.6557806,-0.059323087,0.0055172434,-3.0,-0.32255825,0.0031121224,0.0,0.0,0.0,0.11580352,1.0425344e-06
1777316814566000,6.3630433,0.6263565,-9.147304,-1.0569646,-0.10245816,0.0059334203,-3.0,-0.32255825,0.0031121224,0.0,0.0,0.0,0.11580352,4.026071e-07
1777316814766000,6.1544185,0.605719,-9.146309,-1.5391306,-0.15446687,0.006374363,-3.0,-0.32610807,-0.0013715774,0.0,0.0,0.0,0.11580352,1.5547927e-07
1777316814966000,5.815909,0.57131255,-9.145146,-2.0976138,-0.21517552,0.006093418,-3.0,-0.32610807,-0.0016228706,0.0,0.0,0.0,0.11580352,6.004317e-08
1777316815166000,5.3374615,0.5218671,-9.143965,-2.696418,-0.28026712,0.0057381582,-3.0,-0.32610807,-0.001910165,0.0,0.0,0.0,0.11580352,2.3187535e-08
1777316815366000,4.7381783,0.4592915,-9.142861,-3.2964187,-0.34548876,0.0052980655,-3.0,-0.32610807,-0.0024698526,0.0,0.0,0.0,0.11580352,8.954588e-09
1777316815566000,4.0199003,0.38367158,-9.141856,-3.8701305,-0.4107104,0.0047434177,-2.5414052,-0.32610807,-0.0028565675,4.0,0.0,0.0,0.11580352,3.4580934e-09
1777316815766000,3.2003794,0.29500735,-9.140963,-4.298411,-0.47593203,0.004172105,-1.7414057,-0.32610807,-0.0028565675,4.0,0.0,0.0,0.11580352,1.3354504e-09
1777316815966000,2.311202,0.19575682,-9.140185,-4.5666924,-0.5008473,0.0036007913,-0.9414059,0.022671439,-0.0028565675,4.0,0.0,0.0,0.11580352,5.1572574e-10
1777316816166000,1.384369,0.096251845,-9.139521,-4.674972,-0.4933326,0.0030294773,-0.14140579,0.04934237,-0.0028565675,4.0,0.0,0.0,0.11580352,1.9916355e-10
1777316816366000,0.45187992,-0.0012348889,-9.13897,-4.6232524,-0.48072872,0.0024581633,0.65859425,0.073992945,-0.0028565675,4.0,0.0,0.0,0.11580352,7.69132e-11
1777316816566000,-0.4542653,-0.09571598,-9.138536,-4.4115334,-0.4633004,0.0018868493,1.4585942,0.097848035,-0.0028565675,4.0,0.0,0.0,0.11580352,2.9702428e-11
1777316816766000,-1.3020666,-0.18623391,-9.138213,-4.039813,-0.44108498,0.0013155353,2.2585938,0.12202678,-0.0028565675,4.0,0.0,0.0,0.11580352,1.1470518e-11
1777316816966000,-2.0595262,-0.2718155,-9.137972,-3.5085235,-0.4138853,0.0011995408,3.0,0.14768395,-4.6685338e-05,0.0,0.0,0.0,0.11632072,0.0023944648
1777316817166000,-2.7012303,-0.34908736,-9.137684,-2.9085228,-0.35616753,0.0016789761,3.0,0.30414593,0.0024009198,0.0,0.0,0.0,0.11632072,0.00092469715
1777316817366000,-3.2229345,-0.41422904,-9.1373,-2.3085222,-0.29520798,0.00215916,3.0,0.3054005,0.0024009198,0.0,0.0,0.0,0.11632072,0.00035710057
1777316817566000,-3.6246378,-0.46714973,-9.13682,-1.708522,-0.23394008,0.0026393442,3.0,0.30719125,0.0024009198,0.0,0.0,0.0,0.11632072,0.00013790549
1777316817766000,-3.9063416,-0.50711274,-9.136244,-1.1085219,-0.16171643,0.003132043,3.0,0.39291954,0.0024929494,0.0,0.0,0.0,0.11632072,5.3256495e-05
1777316817966000,-4.068046,-0.5315974,-9.135568,-0.5085219,-0.08313255,0.0036306323,3.0,0.39291954,0.0024929494,0.0,0.0,0.0,0.11632072,2.0566657e-05
1777316818166000,-4.1104093,-0.5403137,-9.134827,0.066486515,-0.007821869,0.0041084546,3.0,0.39291954,0.0024929494,0.0,0.0,0.0,0.11632072,7.9424535e-06
1777316818366000,-4.0889673,-0.5391477,-9.134407,0.36479524,0.031317074,0.0043563438,3.0,0.39509034,0.0024929494,0.0,0.0,0.0,0.11632072,3.0672256e-06
1777316818566000,-4.0281997,-0.53303003,-9.133899,0.70546615,0.07655098,0.004639436,3.0,0.40136838,0.0024929494,0.0,0.0,0.0,0.11632072,1.1845048e-06
1777316818766000,-3.9046412,-0.5188916,-9.133253,1.113119,0.13164794,0.0047875936,3.0,0.40654492,-0.0003373176,0.0,0.0,0.0,0.11632072,4.574334e-07
1777316818966000,-3.6853557,-0.49228004,-9.132483,1.5983568,0.19740495,0.0047192406,3.0,0.40654492,-0.0004925281,0.0,0.0,0.0,0.11632072,1.7665215e-07
1777316819166000,-3.3358073,-0.44848466,-9.131613,2.1568573,0.27309018,0.004605866,3.0,0.40654492,-0.0007228404,0.0,0.0,0.0,0.11632072,6.8219734e-08
1777316819366000,-2.845419,-0.3858621,-9.130711,2.7557876,0.35425407,0.004425539,3.0,0.40654492,-0.0010630637,0.0,0.0,0.0,0.11632072,2.6345171e-08
1777316819566000,-2.2342606,-0.3068804,-9.1298485,3.3557882,0.435563,0.0041648187,3.0,0.40654492,-0.0015235692,0.0,0.0,0.0,0.11632072,1.0174009e-08
1777316819766000,-1.5071484,-0.211754,-9.129045,3.8892496,0.5106,0.0038464926,2.270403,0.18254492,-0.0015916377,-4.0,-4.0,0.0,0.11632072,3.9290105e-09
1777316819966000,-0.6892237,-0.10915178,-9.128303,4.2633295,0.51044476,0.0035281642,1.4704032,-0.037642904,-0.0015916377,-4.0,0.0,0.0,0.11632072,1.5173098e-09
1777316820166000,0.18751694,-0.00801417,-9.127626,4.47741,0.50011826,0.0032098358,0.67040324,-0.062608905,-0.0015916377,-4.0,0.0,0.0,0.11632072,5.859564e-10
1777316820366000,1.0910735,0.09057907,-9.127013,4.5314894,0.4850739,0.0028915075,-0.12959684,-0.08527393,-0.0015916377,-4.0,0.0,0.0,0.11632072,2.2628532e-10
1777316820566000,1.989446,0.1857209,-9.126462,4.425569,0.4656405,0.002573179,-0.92959696,-0.10677511,-0.0015916377,-4.0,0.0,0.0,0.11632072,8.738712e-11
1777316820766000,2.8506346,0.2765494,-9.125977,4.15965,0.4419466,0.0022548507,-1.7295969,-0.12805754,-0.0015916377,-4.0,0.0,0.0,0.11632072,3.374726e-11
1777316820966000,3.6426392,0.3622093,-9.125554,3.7337303,0.4139259,0.0019365224,-2.5295963,-0.15015572,-0.0015916377,-4.0,0.0,0.0,0.11632072,1.3032554e-11
1777316821166000,4.3338337,0.44181025,-9.125194,3.1613915,0.38129985,0.0016181946,-2.9962907,-0.17399257,-0.0015916377,4.0,0.0,0.0,0.11632072,5.0329276e-12
1777316821366000,4.9062314,0.5130759,-9.124837,2.56207,0.32796872,0.0020381936,-3.0,-0.28829688,0.0026159734,0.0,0.0,0.0,0.11858284,0.0043679317
1777316821566000,5.358646,0.5728845,-9.124377,1.9620694,0.27002814,0.0025613874,-3.0,-0.29093474,0.0026159734,0.0,0.0,0.0,0.11858284,0.001686813
1777316821766000,5.6910605,0.62104714,-9.123814,1.3620694,0.21148987,0.003084581,-3.0,-0.2942273,0.0026159734,0.0,0.0,0.0,0.11858284,0.0006514153
1777316821966000,5.903475,0.65743035,-9.123144,0.76206934,0.15220644,0.0036077749,-3.0,-0.29833454,0.0026159734,0.0,0.0,0.0,0.11858284,0.0002515643
1777316822166000,5.995889,0.6818673,-9.122371,0.16206932,0.091990545,0.004130969,-3.0,-0.303492,0.0026159734,0.0,0.0,0.0,0.11858284,9.71494e-05
1777316822366000,5.992222,0.6910632,-9.121825,-0.21971904,0.052309066,0.004463885,-3.0,-0.31457013,0.0026159734,0.0,0.0,0.0,0.11858284,3.7517264e-05
1777316822566000,5.954174,0.69467914,-9.121357,-0.525885,0.018472418,0.0047308593,-3.0,-0.3327145,0.0026159734,0.0,0.0,0.0,0.11858284,1.4488459e-05
1777316822766000,5.8679476,0.694463,-9.120763,-0.89102095,-0.022022922,0.0050492543,-3.0,-0.3327145,0.0026159734,0.0,0.0,0.0,0.11858284,5.595169e-06
1777316822966000,5.7039304,0.6875975,-9.119993,-1.3334286,-0.07108808,0.0053524175,-3.0,-0.3327145,-2.9280782e-05,0.0,0.0,0.0,0.11858284,2.1607486e-06
1777316823166000,5.4262066,0.67017114,-9.119064,-1.8559031,-0.12903304,0.0053239553,-3.0,-0.3327145,-0.00027771294,0.0,0.0,0.0,0.11858284,8.3444047e-07
1777316823366000,5.006512,0.63862395,-9.1180315,-2.441832,-0.19401532,0.005234812,-3.0,-0.3327145,-0.0006134063,0.0,0.0,0.0,0.11858284,3.222452e-07
1777316823566000,4.4581466,0.5931666,-9.117,-3.0418327,-0.26055825,0.0050645866,-3.0,-0.3327145,-0.0010646135,0.0,0.0,0.0,0.11858284,1.2444502e-07
1777316823766000,3.7909327,0.5343968,-9.11601,-3.6130333,-0.327156,0.004813025,-2.5200005,-0.33311814,-0.00129278,4.0,0.0,0.0,0.11858284,4.805833e-08
1777316823966000,3.023259,0.46230328,-9.11507,-4.0370336,-0.39377955,0.0045544687,-1.720001,-0.33311814,-0.00129278,4.0,0.0,0.0,0.11858284,1.855922e-08
1777316824166000,2.1867855,0.3768877,-9.114183,-4.301032,-0.45989108,0.0042959126,-0.9200011,-0.26911813,-0.00129278,4.0,4.0,0.0,0.11858284,7.1672197e-09
1777316824366000,1.3135124,0.28348234,-9.113346,-4.405031,-0.46579307,0.0040373565,-0.12000098,0.031854533,-0.00129278,4.0,0.0,0.0,0.11858284,2.767845e-09
1777316824566000,0.43543956,0.1911683,-9.112562,-4.349031,-0.456481,0.003770118,0.6799991,0.058358096,-0.0013831407,4.0,0.0,0.0,0.11858284,1.0688895e-09
1777316824766000,-0.41543323,0.10123777,-9.111833,-4.13303,-0.44198453,0.0034817844,1.4799991,0.08399024,-0.0014899522,4.0,0.0,0.0,0.11858284,4.1278497e-10
1777316824966000,-1.2071059,0.014719739,-9.111162,-3.75703,-0.42234114,0.0031714896,2.2799988,0.110009216,-0.0016028434,4.0,0.0,0.0,0.11858284,1.5940975e-10
1777316825166000,-1.907584,-0.065221556,-9.1104965,-3.2218304,-0.37010074,0.0035858983,3.0,0.30846328,0.0025876015,0.0,0.0,0.0,0.11869474,0.0002160689
1777316825366000,-2.491949,-0.13307244,-9.109729,-2.6218297,-0.30840814,0.0041034184,3.0,0.30846328,0.0025876015,0.0,0.0,0.0,0.11869474,8.344174e-05
1777316825566000,-2.9563143,-0.18858477,-9.108857,-2.0218291,-0.24671555,0.004620938,3.0,0.30846328,0.0025876015,0.0,0.0,0.0,0.11869474,3.2223626e-05
1777316825766000,-3.30068,-0.2306237,-9.107881,-1.4218291,-0.1713404,0.0051454236,3.0,0.3910485,0.002627179,0.0,0.0,0.0,0.11869474,1.2444157e-05
1777316825966000,-3.5250447,-0.25707078,-9.106801,-0.8218291,-0.09313071,0.0056708595,3.0,0.3910485,0.002627179,0.0,0.0,0.0,0.11869474,4.805698e-06
1777316826166000,-3.6294098,-0.2678759,-9.105616,-0.22182903,-0.014921015,0.0061962954,3.0,0.3910485,0.002627179,0.0,0.0,0.0,0.11869474,1.8558698e-06
1777316826366000,-3.631481,-0.26621652,-9.104735,0.19177862,0.038992535,0.006558503,3.0,0.3910485,0.002627179,0.0,0.0,0.0,0.11869474,7.167019e-07
