timestamp,timestamp_sample,device_id,magnetometer_ga[0],magnetometer_ga[1],magnetometer_ga[2],calibration_count
1777316741534000,1777316741534000,197388,0.21101955,0.009215554,0.43305436,0
1777316741666000,1777316741602000,197388,0.21486105,0.012155967,0.42954978,0
1777316741670000,1777316741670000,197388,0.21165529,0.00067559216,0.42590597,0
1777316741802000,1777316741738000,197388,0.21557897,0.010757806,0.4322174,0
1777316741806000,1777316741806000,197388,0.21779247,0.0059918673,0.42633736,0
1777316741938000,1777316741874000,197388,0.21640952,0.008764159,0.42966,0
1777316741942000,1777316741942000,197388,0.2141039,0.0045891227,0.4222268,0
1777316742074000,1777316742010000,197388,0.21548289,0.010059903,0.42919755,0
1777316742078000,1777316742078000,197388,0.20982024,0.016054451,0.43474853,0
1777316742210000,1777316742146000,197388,0.21515504,0.010836415,0.42953032,0
1777316742214000,1777316742214000,197388,0.20887336,0.014090635,0.43442893,0
1777316742350000,1777316742350000,197388,0.21898381,0.015489166,0.42709106,0
1777316742482000,1777316742418000,197388,0.2148691,0.011135706,0.42865762,0
1777316742486000,1777316742486000,197388,0.2136056,0.012328795,0.43001148,0
1777316742618000,1777316742554000,197388,0.21326901,0.0097989775,0.42983913,0
1777316742622000,1777316742622000,197388,0.21598086,0.016139796,0.4297977,0
1777316742754000,1777316742690000,197388,0.21534875,0.011448249,0.43012673,0
1777316742758000,1777316742758000,197388,0.21388765,0.019901425,0.43482035,0
1777316742890000,1777316742826000,197388,0.21567233,0.009309979,0.43028715,0
1777316742894000,1777316742894000,197388,0.20544153,0.009208568,0.4271698,0
1777316743026000,1777316742962000,197388,0.21328259,0.010815193,0.43075576,0
1777316743030000,1777316743030000,197388,0.21672514,0.008026194,0.42911395,0
1777316743162000,1777316743098000,197388,0.21534748,0.008799815,0.4300705,0
1777316743166000,1777316743166000,197388,0.21664159,0.01025857,0.42201358,0
1777316743298000,1777316743234000,197388,0.21501613,0.011666501,0.42863083,0
1777316743302000,1777316743302000,197388,0.21631078,0.009049352,0.42377084,0
1777316743434000,1777316743370000,197388,0.21538568,0.009608421,0.42968556,0
1777316743438000,1777316743438000,197388,0.20699218,0.015571641,0.43020085,0
1777316743570000,1777316743506000,197388,0.21660763,0.010791009,0.43047243,0
1777316743574000,1777316743574000,197388,0.2184793,0.011956664,0.43278798,0
1777316743706000,1777316743642000,197388,0.21456191,0.010640973,0.43041852,0
1777316743710000,1777316743710000,197388,0.21252221,0.008508338,0.43533385,0
1777316743842000,1777316743778000,197388,0.21401036,0.010184254,0.4305352,0
1777316743846000,1777316743846000,197388,0.21612708,0.010142848,0.42525178,0
1777316743978000,1777316743914000,197388,0.21495105,0.0086089345,0.42867306,0
1777316743982000,1777316743982000,197388,0.21170835,0.012845691,0.41796398,0
1777316744114000,1777316744050000,197388,0.21646065,0.010143035,0.42995828,0
1777316744118000,1777316744118000,197388,0.21454124,0.0049731843,0.43690282,0
1777316744250000,1777316744186000,197388,0.21640871,0.010692549,0.42881227,0
1777316744254000,1777316744254000,197388,0.21071449,0.005203115,0.4363046,0
1777316744386000,1777316744322000,197388,0.2153505,0.0105841765,0.4292093,0
1777316744390000,1777316744390000,197388,0.21403593,0.004859517,0.43902284,0
1777316744522000,1777316744458000,197388,0.21586823,0.009762561,0.42929646,0
1777316744526000,1777316744526000,197388,0.21687771,0.009297673,0.4359088,0
1777316744658000,1777316744594000,197388,0.2158398,0.009453798,0.42862454,0
1777316744662000,1777316744662000,197388,0.2144759,0.0029637092,0.42776212,0
1777316744794000,1777316744730000,197388,0.2143207,0.010956363,0.43031603,0
1777316744798000,1777316744798000,197388,0.21986553,0.0040638866,0.4288435,0
1777316744930000,1777316744866000,197388,0.21284923,0.010644546,0.42936516,0
1777316744934000,1777316744934000,197388,0.2088287,0.0133512085,0.4340508,0
1777316745066000,1777316745002000,197388,0.21612138,0.009680894,0.4296552,0
1777316745070000,1777316745070000,197388,0.21074449,0.009645307,0.42697114,0
1777316745202000,1777316745138000,197388,0.21584584,0.0114226565,0.43123096,0
1777316745206000,1777316745206000,197388,0.2136659,0.015260768,0.42890924,0
1777316745338000,1777316745274000,197388,0.21496966,0.009615838,0.4301712,0
1777316745342000,1777316745342000,197388,0.2180808,0.009316162,0.42451826,0
1777316745474000,1777316745410000,197388,0.21629405,0.010817141,0.42865688,0
1777316745478000,1777316745478000,197388,0.2208999,0.012385896,0.43305933,0
1777316745610000,1777316745546000,197388,0.21384381,0.010534242,0.4286437,0
1777316745614000,1777316745614000,197388,0.2209376,0.0074702105,0.43152148,0
1777316745746000,1777316745682000,197388,0.2134779,0.009094578,0.42882612,0
1777316745750000,1777316745750000,197388,0.2145103,0.002548743,0.42941812,0
1777316745882000,1777316745818000,197388,0.21376911,0.008932899,0.43029922,0
1777316745886000,1777316745886000,197388,0.21240827,0.004217496,0.42719042,0
1777316746018000,1777316745954000,197388,0.21517748,0.009682661,0.428196,0
1777316746022000,1777316746022000,197388,0.2071132,0.0026176185,0.42989326,0
1777316746154000,1777316746090000,197388,0.21506344,0.012449409,0.42989892,0
1777316746158000,1777316746158000,197388,0.21318306,0.015088123,0.42510813,0
1777316746290000,1777316746226000,197388,0.21494123,0.011133849,0.43010497,0
1777316746294000,1777316746294000,197388,0.22646995,0.020868327,0.4283172,0
1777316746426000,1777316746362000,197388,0.21479848,0.009800671,0.42975134,0
1777316746430000,1777316746430000,197388,0.21416217,0.011910417,0.43245023,0
1777316746562000,1777316746498000,197388,0.21541347,0.011224963,0.43055442,0
1777316746566000,1777316746566000,197388,0.21923578,0.0074613057,0.4160036,0
1777316746698000,1777316746634000,197388,0.21512619,0.00961145,0.4298171,0
1777316746702000,1777316746702000,197388,0.2169985,0.008004166,0.4358694,0
1777316746834000,1777316746770000,197388,0.21496396,0.009932887,0.42888027,0
1777316746838000,1777316746838000,197388,0.2130667,-0.00018345704,0.42452058,0
1777316746970000,1777316746906000,197388,0.21505886,0.010552231,0.43113518,0
1777316746974000,1777316746974000,197388,0.21124904,0.002164874,0.42370534,0
1777316747106000,1777316747042000,197388,0.21484967,0.009825244,0.42960918,0
1777316747110000,1777316747110000,197388,0.21072263,0.0066192485,0.4242962,0
1777316747242000,1777316747178000,197388,0.21358763,0.009092331,0.4282245,0
1777316747246000,1777316747246000,197388,0.20924903,0.012776356,0.44040677,0
1777316747378000,1777316747314000,197388,0.21366993,0.010087543,0.42928392,0
1777316747382000,1777316747382000,197388,0.22038761,0.018643724,0.42357394,0
1777316747514000,1777316747450000,197388,0.2137531,0.009405465,0.42876896,0
1777316747518000,1777316747518000,197388,0.21310936,0.008805497,0.42710698,0
1777316747650000,1777316747586000,197388,0.21410277,0.011131844,0.42940393,0
1777316747654000,1777316747654000,197388,0.21990506,0.008616715,0.43157202,0
1777316747786000,1777316747722000,197388,0.21504754,0.011707126,0.42992207,0
1777316747790000,1777316747790000,197388,0.20705764,0.010382672,0.42870608,0
1777316747922000,1777316747858000,197388,0.21584243,0.009470776,0.42822027,0
1777316747926000,1777316747926000,197388,0.21479174,0.012296513,0.43047196,0
1777316748058000,1777316747994000,197388,0.21433367,0.010466706,0.43190283,0
1777316748062000,1777316748062000,197388,0.21504526,0.004388131,0.42773384,0
1777316748198000,1777316748198000,197388,0.21260542,0.013437028,0.42633078,0
1777316748330000,1777316748266000,197388,0.21388863,0.011011374,0.429611,0
1777316748334000,1777316748334000,197388,0.21120584,0.014054159,0.4338498,0
1777316748466000,1777316748402000,197388,0.21434872,0.010175774,0.4296342,0
1777316748470000,1777316748470000,197388,0.2168752,0.0074382257,0.42722696,0
1777316748602000,1777316748538000,197388,0.21372935,0.010540342,0.42906317,0
1777316748606000,1777316748606000,197388,0.21563666,0.015465549,0.42763063,0
1777316748738000,1777316748674000,197388,0.21579666,0.010858707,0.42889968,0
1777316748742000,1777316748742000,197388,0.21194765,0.021710983,0.43483612,0
1777316748874000,1777316748810000,197388,0.2157079,0.009409043,0.43026927,0
1777316748878000,1777316748878000,197388,0.2081291,0.010049643,0.4267436,0
1777316749010000,1777316748946000,197388,0.2145663,0.010292121,0.43039155,0
1777316749014000,1777316749014000,197388,0.21298942,0.0092993025,0.43610218,0
1777316749150000,1777316749150000,197388,0.21236308,0.016162565,0.4261304,0
1777316749282000,1777316749218000,197388,0.21544927,0.010436529,0.43082848,0
1777316749286000,1777316749286000,197388,0.21486717,0.015692364,0.43046078,0
1777316749418000,1777316749354000,197388,0.2162674,0.011238817,0.42973512,0
1777316749422000,1777316749422000,197388,0.22158001,0.008070259,0.4304771,0
1777316749554000,1777316749490000,197388,0.21389432,0.00883925,0.42912892,0
1777316749558000,1777316749558000,197388,0.22092603,0.008293394,0.43313023,0
1777316749694000,1777316749694000,197388,0.21534543,0.010749558,0.42610982,0
1777316749826000,1777316749762000,197388,0.21525612,0.01021895,0.42901143,0
1777316749830000,1777316749830000,197388,0.21138419,0.004821546,0.43127203,0
1777316749962000,1777316749898000,197388,0.21547906,0.009454735,0.43002704,0
1777316749966000,1777316749966000,197388,0.20913143,0.018325504,0.43330732,0
1777316750098000,1777316750034000,197388,0.2157239,0.012676179,0.4304478,0
1777316750102000,1777316750102000,197388,0.21724999,0.0146890115,0.42890692,0
1777316750234000,1777316750170000,197388,0.21455924,0.011121749,0.4307307,0
1777316750238000,1777316750238000,197388,0.22007236,0.012313219,0.43055755,0
1777316750370000,1777316750306000,197388,0.21388271,0.009457513,0.43043536,0
1777316750374000,1777316750374000,197388,0.2091519,0.009225036,0.4264296,0
1777316750506000,1777316750442000,197388,0.2169885,0.010647558,0.4293838,0
1777316750510000,1777316750510000,197388,0.20700884,0.011490988,0.4258739,0
1777316750646000,1777316750646000,197388,0.21052654,0.008034744,0.42819616,0
1777316750778000,1777316750714000,197388,0.21658698,0.010223914,0.4310099,0
1777316750782000,1777316750782000,197388,0.21831504,0.005727069,0.43027347,0
1777316750918000,1777316750918000,197388,0.21980089,0.011138127,0.42723984,0
1777316751050000,1777316750986000,197388,0.21462043,0.009496026,0.42884982,0
1777316751054000,1777316751054000,197388,0.21978144,0.0027128693,0.43430442,0
1777316751186000,1777316751122000,197388,0.21540807,0.011116136,0.42905116,0
1777316751190000,1777316751190000,197388,0.21790203,0.017951166,0.42345405,0
1777316751322000,1777316751258000,197388,0.214887,0.011790177,0.43010086,0
1777316751326000,1777316751326000,197388,0.22196971,0.02095141,0.42950487,0
1777316751458000,1777316751394000,197388,0.21510413,0.011149999,0.42976254,0
1777316751462000,1777316751462000,197388,0.21201453,0.015365958,0.42394802,0
1777316751594000,1777316751530000,197388,0.21421395,0.00975498,0.42943344,0
1777316751598000,1777316751598000,197388,0.22140414,0.015615903,0.4381203,0
1777316751730000,1777316751666000,197388,0.21613277,0.009540119,0.43044934,0
1777316751734000,1777316751734000,197388,0.21344611,0.010179801,0.42734516,0
1777316751866000,1777316751802000,197388,0.21427295,0.009822914,0.4298864,0
1777316751870000,1777316751870000,197388,0.21869369,0.008074394,0.4370948,0
1777316752002000,1777316751938000,197388,0.21454841,0.009524944,0.42968637,0
1777316752006000,1777316752006000,197388,0.21348697,0.006254738,0.42822796,0
1777316752138000,1777316752074000,197388,0.21568279,0.009500407,0.42971358,0
1777316752142000,1777316752142000,197388,0.22007708,-0.00565931,0.4292252,0
1777316752274000,1777316752210000,197388,0.21446855,0.010103072,0.428993,0
1777316752278000,1777316752278000,197388,0.20773266,0.018258512,0.43017426,0
1777316752410000,1777316752346000,197388,0.21430556,0.010651536,0.43060905,0
1777316752414000,1777316752414000,197388,0.22007756,0.010044436,0.42493305,0
1777316752546000,1777316752482000,197388,0.21543187,0.00966123,0.4294713,0
1777316752550000,1777316752550000,197388,0.22066118,0.010629684,0.4261477,0
1777316752682000,1777316752618000,197388,0.2166929,0.009320023,0.4303365,0
1777316752686000,1777316752686000,197388,0.22055738,0.0028911831,0.43247932,0
1777316752822000,1777316752822000,197388,0.2145157,0.0074467165,0.43048325,0
1777316752954000,1777316752890000,197388,0.21331501,0.01099784,0.42968208,0
1777316752958000,1777316752958000,197388,0.22203873,0.010207738,0.43273094,0
1777316753090000,1777316753026000,197388,0.21530591,0.010192026,0.43051752,0
1777316753094000,1777316753094000,197388,0.21350135,0.0138647305,0.43154588,0
1777316753230000,1777316753230000,197388,0.21703614,0.015970798,0.4334929,0
1777316753362000,1777316753298000,197388,0.21460405,0.009718903,0.4297357,0
1777316753366000,1777316753366000,197388,0.22227862,0.011418766,0.42858738,0
1777316753498000,1777316753434000,197388,0.21429333,0.008780871,0.4305741,0
1777316753502000,1777316753502000,197388,0.21637963,0.003932556,0.42830294,0
1777316753638000,1777316753638000,197388,0.22519849,0.008766039,0.42875227,0
1777316753770000,1777316753706000,197388,0.21426442,0.009535685,0.43023524,0
1777316753774000,1777316753774000,197388,0.21520396,0.010047212,0.43235445,0
1777316753906000,1777316753842000,197388,0.21526076,0.010291156,0.4308242,0
1777316753910000,1777316753910000,197388,0.21376231,0.0076930104,0.42237297,0
1777316754042000,1777316753978000,197388,0.21475038,0.009435003,0.42967483,0
1777316754046000,1777316754046000,197388,0.21407999,0.011309222,0.43452317,0
1777316754182000,1777316754182000,197388,0.21936147,0.010613182,0.43245602,0
1777316754314000,1777316754250000,197388,0.21478802,0.010851374,0.43141598,0
1777316754318000,1777316754318000,197388,0.21326907,0.008810476,0.426983,0
1777316754450000,1777316754386000,197388,0.21524666,0.011633409,0.4292932,0
1777316754454000,1777316754454000,197388,0.22416611,0.00752754,0.43770057,0
1777316754586000,1777316754522000,197388,0.21560815,0.009942471,0.4283649,0
1777316754590000,1777316754590000,197388,0.2164097,0.016732063,0.42534646,0
1777316754722000,1777316754658000,197388,0.21412006,0.012092943,0.43054,0
1777316754726000,1777316754726000,197388,0.20895195,0.007509801,0.4361186,0
1777316754858000,1777316754794000,197388,0.21585414,0.009627753,0.42921025,0
1777316754862000,1777316754862000,197388,0.21303882,0.0145833865,0.42448476,0
1777316754994000,1777316754930000,197388,0.21608949,0.009593133,0.42861557,0
1777316754998000,1777316754998000,197388,0.22041424,0.008909031,0.4300371,0
1777316755130000,1777316755066000,197388,0.21453288,0.010196552,0.42979696,0
1777316755134000,1777316755134000,197388,0.20853703,0.00865062,0.43431702,0
1777316755266000,1777316755202000,197388,0.21474004,0.01062587,0.42892188,0
1777316755270000,1777316755270000,197388,0.21042173,0.012784243,0.4358316,0
1777316755406000,1777316755406000,197388,0.21458867,0.0077425656,0.4340119,0
1777316755538000,1777316755474000,197388,0.21528368,0.010032085,0.42939666,0
1777316755542000,1777316755542000,197388,0.21098849,0.014295534,0.43051884,0
1777316755674000,1777316755610000,197388,0.21578236,0.0097446805,0.43007427,0
1777316755678000,1777316755678000,197388,0.21859312,0.012841245,0.42915136,0
1777316755810000,1777316755746000,197388,0.21513031,0.010497655,0.42974967,0
1777316755814000,1777316755814000,197388,0.21231346,0.011801801,0.43374634,0
1777316755946000,1777316755882000,197388,0.21475658,0.010151207,0.43065733,0
1777316755950000,1777316755950000,197388,0.20432329,0.0061311806,0.43043107,0
1777316756082000,1777316756018000,197388,0.21445026,0.011084523,0.42979595,0
1777316756086000,1777316756086000,197388,0.22093876,0.011259551,0.43031487,0
1777316756218000,1777316756154000,197388,0.21594849,0.010094364,0.42911118,0
1777316756222000,1777316756222000,197388,0.21459922,0.010210038,0.42168036,0
1777316756354000,1777316756290000,197388,0.21383634,0.0114630805,0.42936048,0
1777316756358000,1777316756358000,197388,0.21145146,0.011582046,0.4258442,0
1777316756490000,1777316756426000,197388,0.21506885,0.009510654,0.42852294,0
1777316756494000,1777316756494000,197388,0.21289033,0.009811074,0.43177485,0
1777316756626000,1777316756562000,197388,0.21447946,0.011581755,0.43050703,0
1777316756630000,1777316756630000,197388,0.21196094,0.008718497,0.43944818,0
1777316756762000,1777316756698000,197388,0.21463373,0.009349817,0.43047926,0
1777316756766000,1777316756766000,197388,0.21681875,0.011078445,0.43571585,0
1777316756902000,1777316756902000,197388,0.21051532,0.0130438795,0.4302999,0
1777316757034000,1777316756970000,197388,0.21433282,0.008389509,0.43058288,0
1777316757038000,1777316757038000,197388,0.21190532,0.016621321,0.43082625,0
1777316757174000,1777316757174000,197388,0.22053844,0.0067727817,0.42408538,0
1777316757306000,1777316757242000,197388,0.21509865,0.010727974,0.42994574,0
1777316757310000,1777316757310000,197388,0.2186072,0.009840927,0.42994192,0
1777316757442000,1777316757378000,197388,0.215418,0.009702765,0.43041033,0
1777316757446000,1777316757446000,197388,0.21910693,0.009245147,0.42675912,0
1777316757578000,1777316757514000,197388,0.21491647,0.010501323,0.42978632,0
1777316757582000,1777316757582000,197388,0.22109891,0.010005515,0.42329925,0
1777316757714000,1777316757650000,197388,0.21330978,0.009418266,0.4297083,0
1777316757718000,1777316757718000,197388,0.21577351,0.010551047,0.4313538,0
1777316757850000,1777316757786000,197388,0.21711895,0.008562618,0.4300174,0
1777316757854000,1777316757854000,197388,0.21371208,-0.0052010478,0.4249793,0
1777316757986000,1777316757922000,197388,0.2158883,0.009707366,0.43016943,0
1777316757990000,1777316757990000,197388,0.20972003,-0.0041284813,0.43111047,0
1777316758122000,1777316758058000,197388,0.21591787,0.0107619325,0.43011072,0
1777316758126000,1777316758126000,197388,0.21146797,0.006904871,0.43220013,0
1777316758258000,1777316758194000,197388,0.21451876,0.010220583,0.43066725,0
1777316758262000,1777316758262000,197388,0.22236173,0.0032762787,0.43053797,0
1777316758394000,1777316758330000,197388,0.21548377,0.009358509,0.429817,0
1777316758398000,1777316758398000,197388,0.20942897,0.01736708,0.43056068,0
1777316758530000,1777316758466000,197388,0.21590994,0.007999655,0.42935053,0
1777316758534000,1777316758534000,197388,0.214001,0.013757187,0.43141028,0
1777316758666000,1777316758602000,197388,0.21496607,0.011029347,0.43139118,0
1777316758670000,1777316758670000,197388,0.21487334,0.017307878,0.43089658,0
1777316758802000,1777316758738000,197388,0.21496776,0.011159899,0.43113002,0
1777316758806000,1777316758806000,197388,0.21035458,0.008700488,0.42482626,0
1777316758938000,1777316758874000,197388,0.21498473,0.009165165,0.42916107,0
1777316758942000,1777316758942000,197388,0.22595313,0.017107429,0.43330252,0
1777316759074000,1777316759010000,197388,0.21446125,0.0093641225,0.4304082,0
1777316759078000,1777316759078000,197388,0.22049229,0.016466638,0.429304,0
1777316759210000,1777316759146000,197388,0.21594998,0.009921438,0.42952383,0
1777316759214000,1777316759214000,197388,0.20625587,0.009135529,0.429301,0
1777316759346000,1777316759282000,197388,0.21530223,0.009885561,0.42956167,0
1777316759350000,1777316759350000,197388,0.20942323,0.014117176,0.43062523,0
1777316759482000,1777316759418000,197388,0.21496293,0.010830649,0.42962104,0
1777316759486000,1777316759486000,197388,0.21895775,0.0033218947,0.43087134,0
1777316759618000,1777316759554000,197388,0.2153912,0.010078825,0.4292369,0
1777316759622000,1777316759622000,197388,0.22110727,0.007971728,0.42573193,0
1777316759754000,1777316759690000,197388,0.21343532,0.00988124,0.430042,0
1777316759758000,1777316759758000,197388,0.21693254,0.011666208,0.43151638,0
1777316759890000,1777316759826000,197388,0.21465144,0.008717688,0.4301637,0
1777316759894000,1777316759894000,197388,0.21606478,0.0184402,0.43635154,0
1777316760026000,1777316759962000,197388,0.21498378,0.0100348415,0.4299196,0
1777316760030000,1777316760030000,197388,0.22070177,0.013294084,0.42814046,0
1777316760162000,1777316760098000,197388,0.21503924,0.010188987,0.43032506,0
1777316760166000,1777316760166000,197388,0.21969664,0.007757695,0.42813724,0
1777316760298000,1777316760234000,197388,0.2148432,0.011399655,0.43006137,0
1777316760302000,1777316760302000,197388,0.2174807,0.015893772,0.4258624,0
1777316760434000,1777316760370000,197388,0.21575257,0.010609255,0.42889404,0
1777316760438000,1777316760438000,197388,0.21699229,0.0135711245,0.42687544,0
1777316760570000,1777316760506000,197388,0.21477728,0.010173161,0.42989776,0
1777316760574000,1777316760574000,197388,0.2267492,0.011511417,0.42828095,0
1777316760706000,1777316760642000,197388,0.21588746,0.009209458,0.43010768,0
1777316760710000,1777316760710000,197388,0.2124139,0.011971242,0.43476108,0
1777316760842000,1777316760778000,197388,0.21540774,0.01014279,0.43058068,0
1777316760846000,1777316760846000,197388,0.21855438,0.0046447283,0.43264934,0
1777316760978000,1777316760914000,197388,0.21562602,0.010020295,0.43058193,0
1777316760982000,1777316760982000,197388,0.21582757,0.004785008,0.42870978,0
1777316761114000,1777316761050000,197388,0.21556479,0.007837998,0.42909384,0
1777316761118000,1777316761118000,197388,0.21879748,0.0068654893,0.44062048,0
1777316761250000,1777316761186000,197388,0.2161512,0.010237468,0.42973912,0
1777316761254000,1777316761254000,197388,0.20988156,0.00807313,0.42599142,0
1777316761390000,1777316761390000,197388,0.21888484,0.013009635,0.42764798,0
1777316761522000,1777316761458000,197388,0.21588963,0.011869882,0.42867607,0
1777316761526000,1777316761526000,197388,0.23199326,0.009611399,0.42993093,0
1777316761658000,1777316761594000,197388,0.215432,0.011303781,0.42785636,0
1777316761662000,1777316761662000,197388,0.21682595,0.0066431137,0.43464375,0
1777316761794000,1777316761730000,197388,0.2161877,0.010936741,0.43003523,0
1777316761798000,1777316761798000,197388,0.22111766,0.016543176,0.43009752,0
1777316761930000,1777316761866000,197388,0.21479724,0.011226225,0.42910397,0
1777316761934000,1777316761934000,197388,0.21894659,0.01418995,0.42655623,0
1777316762070000,1777316762070000,197388,0.20632422,0.0065154764,0.42963222,0
1777316762202000,1777316762138000,197388,0.21554528,0.009952271,0.4299749,0
1777316762206000,1777316762206000,197388,0.2126284,0.0051832693,0.42432252,0
1777316762338000,1777316762274000,197388,0.21379693,0.010207043,0.4295871,0
1777316762342000,1777316762342000,197388,0.21674588,0.014965404,0.42985106,0
1777316762474000,1777316762410000,197388,0.21479037,0.011008963,0.43078765,0
1777316762478000,1777316762478000,197388,0.21923819,0.017181981,0.42767647,0
1777316762610000,1777316762546000,197388,0.21554846,0.013249757,0.42895937,0
1777316762614000,1777316762614000,197388,0.22041808,0.009766489,0.43100688,0
1777316762746000,1777316762682000,197388,0.21542506,0.0107591,0.4307985,0
1777316762750000,1777316762750000,197388,0.21211106,0.015462704,0.43622252,0
1777316762882000,1777316762818000,197388,0.21469346,0.0092926305,0.42859307,0
1777316762886000,1777316762886000,197388,0.22186206,0.005780492,0.44109806,0
1777316763018000,1777316762954000,197388,0.21436083,0.009942233,0.4289105,0
1777316763022000,1777316763022000,197388,0.22312495,0.0039349543,0.43931496,0
1777316763154000,1777316763090000,197388,0.21454926,0.010182287,0.42920983,0
1777316763158000,1777316763158000,197388,0.21741596,0.0031843032,0.437054,0
1777316763290000,1777316763226000,197388,0.21480227,0.010128914,0.4290048,0
1777316763294000,1777316763294000,197388,0.21567215,0.011534675,0.42668715,0
1777316763430000,1777316763430000,197388,0.2176783,0.009668853,0.43621314,0
1777316763562000,1777316763498000,197388,0.21625741,0.009817637,0.43001804,0
1777316763566000,1777316763566000,197388,0.22035535,0.0060714115,0.42413512,0
1777316763698000,1777316763634000,197388,0.21633852,0.01029755,0.4296569,0
1777316763702000,1777316763702000,197388,0.21126531,0.00842467,0.4316888,0
1777316763834000,1777316763770000,197388,0.2149809,0.009365024,0.4301712,0
1777316763838000,1777316763838000,197388,0.21150666,0.011892227,0.43696138,0
1777316763970000,1777316763906000,197388,0.21473348,0.010141666,0.4286145,0
1777316763974000,1777316763974000,197388,0.21360567,0.009195054,0.4262963,0
1777316764106000,1777316764042000,197388,0.21431167,0.009620075,0.43042335,0
1777316764110000,1777316764110000,197388,0.20841351,0.013827094,0.43260115,0
1777316764242000,1777316764178000,197388,0.21496786,0.010974492,0.42834744,0
1777316764246000,1777316764246000,197388,0.20305374,0.017823694,0.42443863,0
1777316764378000,1777316764314000,197388,0.21586545,0.010855302,0.43007517,0
1777316764382000,1777316764382000,197388,0.21572818,8.57276e-05,0.43150702,0
1777316764514000,1777316764450000,197388,0.21531232,0.010026809,0.42918018,0
1777316764518000,1777316764518000,197388,0.2151519,0.011982959,0.4315987,0
1777316764650000,1777316764586000,197388,0.21531743,0.009507539,0.4285823,0
1777316764654000,1777316764654000,197388,0.21996823,0.0115513615,0.43193394,0
1777316764786000,1777316764722000,197388,0.21484518,0.008824497,0.42975992,0
1777316764790000,1777316764790000,197388,0.21349405,0.01879854,0.43484077,0
1777316764922000,1777316764858000,197388,0.21405646,0.010270947,0.4321999,0
1777316764926000,1777316764926000,197388,0.22564511,0.01079171,0.4345005,0
1777316765058000,1777316764994000,197388,0.2153072,0.010331871,0.4301737,0
1777316765062000,1777316765062000,197388,0.22255982,0.010301793,0.43428865,0
1777316765198000,1777316765198000,197388,0.21016574,0.010259268,0.4235576,0
1777316765330000,1777316765266000,197388,0.21393144,0.010596903,0.42993826,0
1777316765334000,1777316765334000,197388,0.2160912,0.008141321,0.42990252,0
1777316765466000,1777316765402000,197388,0.21518083,0.009652122,0.43087912,0
1777316765470000,1777316765470000,197388,0.21653675,0.006327397,0.4226212,0
1777316765606000,1777316765606000,197388,0.21095702,0.0029371518,0.43065417,0
1777316765738000,1777316765674000,197388,0.2152458,0.009946806,0.42887056,0
1777316765742000,1777316765742000,197388,0.2112101,0.00054220954,0.42797136,0
1777316765878000,1777316765878000,197388,0.22446457,0.00855967,0.4311008,0
1777316766010000,1777316765946000,197388,0.21566613,0.01088691,0.42867523,0
1777316766014000,1777316766014000,197388,0.21218954,0.007221529,0.4281281,0
1777316766146000,1777316766082000,197388,0.21708304,0.0110032335,0.42893538,0
1777316766150000,1777316766150000,197388,0.21129802,0.0067480383,0.4291884,0
1777316766282000,1777316766218000,197388,0.21611477,0.009778838,0.4305927,0
1777316766286000,1777316766286000,197388,0.2104029,0.014972218,0.41574872,0
1777316766418000,1777316766354000,197388,0.21553923,0.009623708,0.43060997,0
1777316766422000,1777316766422000,197388,0.21259554,0.013130049,0.43109488,0
1777316766554000,1777316766490000,197388,0.21547982,0.00954438,0.4280464,0
1777316766558000,1777316766558000,197388,0.20804389,-0.0012202824,0.42790568,0
1777316766690000,1777316766626000,197388,0.21543153,0.01054093,0.4282119,0
1777316766694000,1777316766694000,197388,0.21791343,0.008579085,0.4272829,0
1777316766826000,1777316766762000,197388,0.2142773,0.00983546,0.4295771,0
1777316766830000,1777316766830000,197388,0.21734023,0.010049231,0.43251693,0
1777316766962000,1777316766898000,197388,0.2146861,0.010710181,0.43025976,0
1777316766966000,1777316766966000,197388,0.21287714,0.0049814894,0.43970984,0
1777316767098000,1777316767034000,197388,0.21492383,0.010297788,0.4299771,0
1777316767102000,1777316767102000,197388,0.2083329,0.011734884,0.4265512,0
1777316767234000,1777316767170000,197388,0.21497422,0.009213459,0.42912593,0
1777316767238000,1777316767238000,197388,0.2166546,0.013677226,0.4313589,0
1777316767370000,1777316767306000,197388,0.21470834,0.011512224,0.42876977,0
1777316767374000,1777316767374000,197388,0.21439666,0.002004952,0.42222393,0
1777316767506000,1777316767442000,197388,0.21536921,0.01066133,0.42869487,0
1777316767510000,1777316767510000,197388,0.21493272,0.009778163,0.4264933,0
1777316767642000,1777316767578000,197388,0.21359509,0.007981897,0.42953593,0
1777316767646000,1777316767646000,197388,0.218223,0.0061990833,0.43452272,0
1777316767778000,1777316767714000,197388,0.21490116,0.010629774,0.43135825,0
1777316767782000,1777316767782000,197388,0.21191092,0.007812604,0.42981154,0
1777316767914000,1777316767850000,197388,0.21471843,0.010375338,0.42868868,0
1777316767918000,1777316767918000,197388,0.22350757,0.008228207,0.4323695,0
1777316768050000,1777316767986000,197388,0.21422863,0.010553225,0.4298036,0
1777316768054000,1777316768054000,197388,0.22497123,0.005814481,0.4351298,0
1777316768186000,1777316768122000,197388,0.21463637,0.008934888,0.42855546,0
1777316768190000,1777316768190000,197388,0.20425765,0.0063191974,0.43418428,0
1777316768326000,1777316768326000,197388,0.22202604,0.014090749,0.42674574,0
1777316768458000,1777316768394000,197388,0.2169702,0.010308009,0.4286474,0
1777316768462000,1777316768462000,197388,0.21693723,0.014341034,0.43845883,0
1777316768598000,1777316768598000,197388,0.20852365,0.012584387,0.42853498,0
1777316768730000,1777316768666000,197388,0.21538667,0.008327844,0.42952025,0
1777316768734000,1777316768734000,197388,0.21351121,-0.00046385342,0.43032095,0
1777316768866000,1777316768802000,197388,0.2139817,0.01096201,0.42923793,0
1777316768870000,1777316768870000,197388,0.21003182,0.0051197535,0.4316475,0
1777316769002000,1777316768938000,197388,0.21530001,0.011024944,0.4294312,0
1777316769006000,1777316769006000,197388,0.21054116,0.011073835,0.42812815,0
1777316769138000,1777316769074000,197388,0.21435128,0.010037914,0.43076015,0
1777316769142000,1777316769142000,197388,0.21172915,0.0041082026,0.43108353,0
1777316769274000,1777316769210000,197388,0.21548147,0.0090741115,0.4296233,0
1777316769278000,1777316769278000,197388,0.21794571,0.012624724,0.42752612,0
1777316769414000,1777316769414000,197388,0.21049647,0.016166873,0.4258999,0
1777316769546000,1777316769482000,197388,0.2159997,0.010833616,0.43000224,0
1777316769550000,1777316769550000,197388,0.21581793,0.0109112635,0.43064573,0
1777316769682000,1777316769618000,197388,0.21414505,0.010121165,0.4286117,0
1777316769686000,1777316769686000,197388,0.21544443,0.015032298,0.42935055,0
1777316769818000,1777316769754000,197388,0.21598777,0.010311102,0.43017635,0
1777316769822000,1777316769822000,197388,0.22018775,0.02061411,0.4365105,0
1777316769954000,1777316769890000,197388,0.21353595,0.009573004,0.4300918,0
1777316769958000,1777316769958000,197388,0.21544793,0.0029729845,0.4336194,0
1777316770090000,1777316770026000,197388,0.21411203,0.010270455,0.42996886,0
1777316770094000,1777316770094000,197388,0.21417587,0.008639171,0.43436283,0
1777316770226000,1777316770162000,197388,0.21553004,0.008172465,0.42868418,0
1777316770230000,1777316770230000,197388,0.21153824,0.019075753,0.43965882,0
1777316770362000,1777316770298000,197388,0.21549325,0.010836103,0.43062553,0
1777316770366000,1777316770366000,197388,0.20862193,0.019259222,0.4329678,0
1777316770498000,1777316770434000,197388,0.21529092,0.010619675,0.42986706,0
1777316770502000,1777316770502000,197388,0.20894922,-0.0061202077,0.43222734,0
1777316770634000,1777316770570000,197388,0.21503112,0.009634049,0.42800415,0
1777316770638000,1777316770638000,197388,0.2080732,0.011683147,0.42493662,0
1777316770770000,1777316770706000,197388,0.2150001,0.010864207,0.43112957,0
1777316770774000,1777316770774000,197388,0.21329173,0.010068198,0.43620688,0
1777316770906000,1777316770842000,197388,0.21489733,0.010781281,0.42881176,0
1777316770910000,1777316770910000,197388,0.22325516,0.005384861,0.42804235,0
1777316771042000,1777316770978000,197388,0.21545461,0.009859763,0.43092784,0
1777316771046000,1777316771046000,197388,0.21384686,0.023637535,0.4333316,0
1777316771178000,1777316771114000,197388,0.21641694,0.011112008,0.42969507,0
1777316771182000,1777316771182000,197388,0.21769908,0.008393237,0.43166578,0
1777316771314000,1777316771250000,197388,0.21517467,0.010742617,0.4294678,0
1777316771318000,1777316771318000,197388,0.20535548,0.0052167373,0.42555892,0
1777316771454000,1777316771454000,197388,0.21736988,0.006156688,0.4329541,0
1777316771590000,1777316771590000,197388,0.21396132,0.011168693,0.4331698,0
1777316771722000,1777316771658000,197388,0.21527997,0.008514434,0.4298179,0
1777316771726000,1777316771726000,197388,0.21117377,0.020146571,0.43140996,0
1777316771858000,1777316771794000,197388,0.21602665,0.010291335,0.42996162,0
1777316771862000,1777316771862000,197388,0.21990782,0.017769353,0.4405384,0
1777316771994000,1777316771930000,197388,0.2126837,0.010493868,0.4299842,0
1777316771998000,1777316771998000,197388,0.22271842,0.00960667,0.43167305,0
1777316772130000,1777316772066000,197388,0.21656905,0.010322615,0.42984545,0
1777316772134000,1777316772134000,197388,0.20968322,0.009195322,0.42930618,0
1777316772266000,1777316772202000,197388,0.2159611,0.011097902,0.43021405,0
1777316772270000,1777316772270000,197388,0.21654738,0.0058009108,0.42604518,0
1777316772402000,1777316772338000,197388,0.21535003,0.012317162,0.42924148,0
1777316772406000,1777316772406000,197388,0.21377714,0.007800613,0.43026003,0
1777316772538000,1777316772474000,197388,0.21418804,0.009486577,0.43087915,0
1777316772542000,1777316772542000,197388,0.20977822,0.019205516,0.42844188,0
1777316772674000,1777316772610000,197388,0.21393712,0.008677818,0.4289631,0
1777316772678000,1777316772678000,197388,0.231303,0.011317161,0.42480353,0
1777316772814000,1777316772814000,197388,0.20795874,0.013744793,0.43386626,0
1777316772946000,1777316772882000,197388,0.2140327,0.0102634635,0.42976978,0
1777316772950000,1777316772950000,197388,0.22364333,0.010279062,0.42792273,0
1777316773082000,1777316773018000,197388,0.21522152,0.010766812,0.43042487,0
1777316773086000,1777316773086000,197388,0.21409409,0.012099668,0.42693746,0
1777316773218000,1777316773154000,197388,0.21562834,0.010214134,0.42976287,0
1777316773222000,1777316773222000,197388,0.20878676,0.011283409,0.43103853,0
1777316773358000,1777316773358000,197388,0.22119701,0.013781494,0.43263048,0
1777316773490000,1777316773426000,197388,0.21648152,0.010745216,0.42911124,0
1777316773494000,1777316773494000,197388,0.21341604,0.0071965037,0.42239562,0
1777316773626000,1777316773562000,197388,0.2151288,0.010202013,0.4302997,0
1777316773630000,1777316773630000,197388,0.22156082,0.0045719794,0.42656797,0
1777316773762000,1777316773698000,197388,0.2164731,0.009337672,0.42919376,0
1777316773766000,1777316773766000,197388,0.22334433,0.0129405195,0.43206072,0
1777316773898000,1777316773834000,197388,0.21577439,0.011765611,0.42940643,0
1777316773902000,1777316773902000,197388,0.21740453,0.013264849,0.42949775,0
1777316774034000,1777316773970000,197388,0.21461469,0.011895726,0.43115622,0
1777316774038000,1777316774038000,197388,0.21992439,0.005527497,0.41832668,0
1777316774170000,1777316774106000,197388,0.21697256,0.009077947,0.4284026,0
1777316774174000,1777316774174000,197388,0.21837328,0.009224963,0.43022543,0
1777316774306000,1777316774242000,197388,0.21591392,0.00962139,0.4299541,0
1777316774310000,1777316774310000,197388,0.21776082,0.008223802,0.4258159,0
1777316774442000,1777316774378000,197388,0.21567395,0.008803824,0.42920697,0
1777316774446000,1777316774446000,197388,0.21721691,0.003086465,0.4338616,0
1777316774582000,1777316774582000,197388,0.21465877,0.015777864,0.4244703,0
1777316774714000,1777316774650000,197388,0.21964975,0.009899745,0.4261038,0
1777316774718000,1777316774718000,197388,0.22439384,0.01728836,0.42674556,0
1777316774850000,1777316774786000,197388,0.22178616,0.008795159,0.42712778,0
1777316774854000,1777316774854000,197388,0.22258958,0.01346779,0.42322764,0
1777316774986000,1777316774922000,197388,0.21838246,0.0113738915,0.42777145,0
1777316774990000,1777316774990000,197388,0.21914972,0.0044590184,0.4262884,0
1777316775122000,1777316775058000,197388,0.21782157,0.010595123,0.42752534,0
1777316775126000,1777316775126000,197388,0.22315313,0.012546406,0.42807427,0
1777316775258000,1777316775194000,197388,0.21550632,0.011848813,0.42909425,0
1777316775262000,1777316775262000,197388,0.2087795,0.0054135444,0.4308175,0
1777316775394000,1777316775330000,197388,0.21536757,0.010777209,0.42891893,0
1777316775398000,1777316775398000,197388,0.21418695,0.014960601,0.4266855,0
1777316775530000,1777316775466000,197388,0.21364443,0.013375391,0.4303572,0
1777316775534000,1777316775534000,197388,0.21530163,0.01288028,0.42694342,0
1777316775666000,1777316775602000,197388,0.21337005,0.011514961,0.4313909,0
1777316775670000,1777316775670000,197388,0.20192857,0.009814921,0.4307618,0
1777316775802000,1777316775738000,197388,0.21360077,0.0115851965,0.43065974,0
1777316775806000,1777316775806000,197388,0.2112894,0.0125188595,0.43232137,0
1777316775938000,1777316775874000,197388,0.21282196,0.012049137,0.43066058,0
1777316775942000,1777316775942000,197388,0.20736082,0.014828948,0.4260512,0
1777316776078000,1777316776078000,197388,0.20985717,0.013512307,0.43439037,0
1777316776214000,1777316776214000,197388,0.21140869,0.010057352,0.43175954,0
1777316776346000,1777316776282000,197388,0.2131662,0.010992492,0.4312227,0
1777316776350000,1777316776350000,197388,0.21389838,0.00559894,0.43107468,0
1777316776482000,1777316776418000,197388,0.21104918,0.012024601,0.4307231,0
1777316776486000,1777316776486000,197388,0.20544834,0.021071948,0.43018577,0
1777316776618000,1777316776554000,197388,0.21262904,0.010156697,0.4302714,0
1777316776622000,1777316776622000,197388,0.21954547,0.013932243,0.42420802,0
1777316776754000,1777316776690000,197388,0.21221077,0.011498791,0.43019703,0
1777316776758000,1777316776758000,197388,0.21644777,0.0074960664,0.4279033,0
1777316776894000,1777316776894000,197388,0.20927137,0.0045048217,0.426137,0
1777316777026000,1777316776962000,197388,0.21310335,0.010855386,0.43043703,0
1777316777030000,1777316777030000,197388,0.2131051,0.00020324846,0.42864007,0
1777316777162000,1777316777098000,197388,0.21375994,0.009732294,0.43098152,0
1777316777166000,1777316777166000,197388,0.2103736,0.0099871205,0.43266645,0
1777316777298000,1777316777234000,197388,0.21274957,0.010063289,0.42968595,0
1777316777302000,1777316777302000,197388,0.21351156,0.007681114,0.42964417,0
1777316777434000,1777316777370000,197388,0.21348272,0.008524191,0.42923334,0
1777316777438000,1777316777438000,197388,0.22488207,-0.0009483227,0.42768365,0
1777316777570000,1777316777506000,197388,0.21343537,0.008208761,0.43072808,0
1777316777574000,1777316777574000,197388,0.21155004,0.009136266,0.42669427,0
1777316777706000,1777316777642000,197388,0.2149022,0.008980978,0.4310057,0
1777316777710000,1777316777710000,197388,0.21794952,0.01660422,0.43017557,0
1777316777846000,1777316777846000,197388,0.21101044,0.0076212767,0.4326335,0
1777316777978000,1777316777914000,197388,0.2138849,0.0056465305,0.43057838,0
1777316777982000,1777316777982000,197388,0.21481337,0.013683348,0.4322468,0
1777316778114000,1777316778050000,197388,0.21397293,0.009349849,0.42991588,0
1777316778118000,1777316778118000,197388,0.2166345,0.005627223,0.43205544,0
1777316778250000,1777316778186000,197388,0.21430252,0.006748574,0.43066016,0
1777316778254000,1777316778254000,197388,0.20650491,0.0045263763,0.42661843,0
1777316778386000,1777316778322000,197388,0.2143253,0.0068529565,0.43085882,0
1777316778390000,1777316778390000,197388,0.21239054,0.014667426,0.43674362,0
1777316778522000,1777316778458000,197388,0.21494482,0.0071530356,0.43026933,0
1777316778526000,1777316778526000,197388,0.21021907,0.0045563844,0.43096364,0
1777316778658000,1777316778594000,197388,0.2146571,0.008472854,0.4304919,0
1777316778662000,1777316778662000,197388,0.220821,0.0037968433,0.43025002,0
1777316778794000,1777316778730000,197388,0.21619307,0.0075440756,0.42892423,0
1777316778798000,1777316778798000,197388,0.2174737,0.020192603,0.43595907,0
1777316778930000,1777316778866000,197388,0.21552454,0.008988187,0.42984486,0
1777316778934000,1777316778934000,197388,0.22450651,0.010694226,0.4237854,0
1777316779066000,1777316779002000,197388,0.21619774,0.00933361,0.42954835,0
1777316779070000,1777316779070000,197388,0.22140132,0.011904111,0.43451262,0
1777316779202000,1777316779138000,197388,0.21761723,0.007725918,0.42726436,0
1777316779206000,1777316779206000,197388,0.21634986,0.012517605,0.42887425,0
1777316779338000,1777316779274000,197388,0.21706082,0.0073294323,0.42781118,0
1777316779342000,1777316779342000,197388,0.22208628,0.008002441,0.42493826,0
1777316779474000,1777316779410000,197388,0.21816628,0.008494167,0.42751557,0
1777316779478000,1777316779478000,197388,0.21698815,0.009722952,0.4297314,0
1777316779610000,1777316779546000,197388,0.21817112,0.008372619,0.42878622,0
1777316779614000,1777316779614000,197388,0.21280819,0.006054988,0.43428242,0
1777316779746000,1777316779682000,197388,0.21721353,0.009741685,0.42781177,0
1777316779750000,1777316779750000,197388,0.21883288,0.013711883,0.42372438,0
1777316779882000,1777316779818000,197388,0.21663547,0.0076387706,0.4284646,0
1777316779886000,1777316779886000,197388,0.21878342,0.008493641,0.42456758,0
1777316780018000,1777316779954000,197388,0.21644007,0.009603644,0.42950016,0
1777316780022000,1777316780022000,197388,0.20940368,0.016274722,0.43295023,0
1777316780154000,1777316780090000,197388,0.21632075,0.010325874,0.4287235,0
1777316780158000,1777316780158000,197388,0.22093879,0.00038247133,0.42890635,0
1777316780290000,1777316780226000,197388,0.21591036,0.010115678,0.42947856,0
1777316780294000,1777316780294000,197388,0.22489348,0.0143215265,0.42894942,0
1777316780430000,1777316780430000,197388,0.2207589,0.008343485,0.43077242,0
1777316780562000,1777316780498000,197388,0.2162216,0.010304566,0.4288297,0
1777316780566000,1777316780566000,197388,0.21674527,0.01301646,0.4272182,0
1777316780698000,1777316780634000,197388,0.21525341,0.009458994,0.42811114,0
1777316780702000,1777316780702000,197388,0.21078183,0.0061547547,0.42072928,0
1777316780834000,1777316780770000,197388,0.21605803,0.008768981,0.430295,0
1777316780838000,1777316780838000,197388,0.21039766,0.0123998,0.42727193,0
1777316780970000,1777316780906000,197388,0.21263343,0.009777656,0.4291779,0
1777316780974000,1777316780974000,197388,0.2163306,0.013223914,0.42758912,0
1777316781106000,1777316781042000,197388,0.21567868,0.008867484,0.42950758,0
1777316781110000,1777316781110000,197388,0.22013596,0.008106683,0.42924187,0
1777316781246000,1777316781246000,197388,0.21665193,0.0088535445,0.42580956,0
1777316781378000,1777316781314000,197388,0.2113061,0.009355155,0.4303085,0
1777316781382000,1777316781382000,197388,0.20780991,0.0107866805,0.43071848,0
1777316781518000,1777316781518000,197388,0.22577783,0.011521612,0.4375563,0
1777316781650000,1777316781586000,197388,0.21364358,0.009576187,0.43124136,0
1777316781654000,1777316781654000,197388,0.20885211,0.01083778,0.43184075,0
1777316781786000,1777316781722000,197388,0.21226145,0.0090318415,0.4305148,0
1777316781790000,1777316781790000,197388,0.20929319,0.012577901,0.43009606,0
1777316781926000,1777316781926000,197388,0.20631543,0.014916163,0.4177724,0
1777316782058000,1777316781994000,197388,0.21313135,0.010026186,0.42991936,0
1777316782062000,1777316782062000,197388,0.21898308,0.01863159,0.4294834,0
1777316782198000,1777316782198000,197388,0.21424884,0.010881289,0.42666566,0
1777316782330000,1777316782266000,197388,0.21332562,0.0078841755,0.42979607,0
1777316782334000,1777316782334000,197388,0.21611711,0.0012925416,0.42332852,0
1777316782466000,1777316782402000,197388,0.21416399,0.00964714,0.4291124,0
1777316782470000,1777316782470000,197388,0.21901885,0.0067534484,0.4359342,0
1777316782602000,1777316782538000,197388,0.21551049,0.008378527,0.43057546,0
1777316782606000,1777316782606000,197388,0.21631992,0.010269849,0.4282974,0
1777316782742000,1777316782742000,197388,0.21074003,0.011556659,0.42821363,0
1777316782874000,1777316782810000,197388,0.21308783,0.008755094,0.42991644,0
1777316782878000,1777316782878000,197388,0.21046413,0.0075545628,0.42689878,0
1777316783010000,1777316782946000,197388,0.21433058,0.0070351437,0.42917264,0
1777316783014000,1777316783014000,197388,0.20997037,0.012665579,0.42271948,0
1777316783146000,1777316783082000,197388,0.21426712,0.009235533,0.4296732,0
1777316783150000,1777316783150000,197388,0.21116766,0.008779867,0.4368556,0
1777316783282000,1777316783218000,197388,0.21465498,0.0077566993,0.43076724,0
1777316783286000,1777316783286000,197388,0.2110661,0.0046867677,0.4217184,0
1777316783418000,1777316783354000,197388,0.21473269,0.009350434,0.43021354,0
1777316783422000,1777316783422000,197388,0.22726499,0.0035345724,0.42872915,0
1777316783554000,1777316783490000,197388,0.2158029,0.0081084715,0.4300671,0
1777316783558000,1777316783558000,197388,0.2221752,0.0011242745,0.4296194,0
1777316783690000,1777316783626000,197388,0.21591748,0.009009321,0.42940134,0
1777316783694000,1777316783694000,197388,0.22373617,0.019799855,0.42456433,0
1777316783826000,1777316783762000,197388,0.22046968,0.014683675,0.42614555,0
1777316783830000,1777316783830000,197388,0.22514807,0.021388631,0.41948295,0
1777316783962000,1777316783898000,197388,0.24187869,0.010627431,0.41583773,0
1777316783966000,1777316783966000,197388,0.2450593,-0.000647554,0.40923783,0
1777316784098000,1777316784034000,197388,0.26493537,-0.005738904,0.4004529,0
1777316784102000,1777316784102000,197388,0.280762,-0.009359027,0.3931838,0
1777316784234000,1777316784170000,197388,0.28808945,-0.020428099,0.38507172,0
1777316784238000,1777316784238000,197388,0.30293983,-0.022600073,0.37993738,0
1777316784370000,1777316784306000,197388,0.3089579,-0.031459164,0.36573613,0
1777316784374000,1777316784374000,197388,0.3130482,-0.035242446,0.36256474,0
1777316784506000,1777316784442000,197388,0.32742038,-0.034352727,0.34888417,0
1777316784510000,1777316784510000,197388,0.32915047,-0.023797747,0.3437906,0
1777316784642000,1777316784578000,197388,0.33761674,-0.033179734,0.33965096,0
1777316784646000,1777316784646000,197388,0.3377855,-0.033938434,0.3330387,0
1777316784778000,1777316784714000,197388,0.34237003,-0.027769106,0.3361605,0
1777316784782000,1777316784782000,197388,0.34315836,-0.024653817,0.33322716,0
1777316784914000,1777316784850000,197388,0.34182853,-0.02234396,0.3355249,0
1777316784918000,1777316784918000,197388,0.33938235,-0.02567252,0.33455715,0
1777316785050000,1777316784986000,197388,0.34323847,-0.017747855,0.3366364,0
1777316785054000,1777316785054000,197388,0.34282959,-0.012822638,0.3439785,0
1777316785186000,1777316785122000,197388,0.34433168,-0.014997652,0.33835042,0
1777316785190000,1777316785190000,197388,0.345281,-0.011497809,0.33501148,0
1777316785322000,1777316785258000,197388,0.34158406,-0.013391736,0.33907723,0
1777316785326000,1777316785326000,197388,0.33792552,-0.010486358,0.3289173,0
1777316785458000,1777316785394000,197388,0.34100342,-0.011844103,0.33939293,0
1777316785462000,1777316785462000,197388,0.34300926,-0.019621875,0.3504455,0
1777316785594000,1777316785530000,197388,0.33626917,-0.010907662,0.34243804,0
1777316785598000,1777316785598000,197388,0.32792312,-0.010232777,0.34406775,0
1777316785730000,1777316785666000,197388,0.32278395,-0.011296612,0.3563782,0
1777316785734000,1777316785734000,197388,0.30718154,-0.007393902,0.35572505,0
1777316785866000,1777316785802000,197388,0.3042266,-0.008721918,0.37121174,0
1777316785870000,1777316785870000,197388,0.29310325,-0.0063027726,0.38228586,0
1777316786002000,1777316785938000,197388,0.2837661,-0.007088489,0.38868663,0
1777316786006000,1777316786006000,197388,0.26743832,0.0005362077,0.40145743,0
1777316786138000,1777316786074000,197388,0.26353967,-0.005366897,0.40204746,0
1777316786142000,1777316786142000,197388,0.2464173,0.0026797093,0.4017887,0
1777316786274000,1777316786210000,197388,0.23894665,-0.010355139,0.41652864,0
1777316786278000,1777316786278000,197388,0.22721618,-0.009713155,0.41994077,0
1777316786410000,1777316786346000,197388,0.2130991,-0.017828982,0.42794174,0
1777316786414000,1777316786414000,197388,0.19508371,-0.029542474,0.4372981,0
1777316786546000,1777316786482000,197388,0.18591233,-0.018575847,0.44325006,0
1777316786550000,1777316786550000,197388,0.17061503,-0.01564409,0.4476262,0
1777316786682000,1777316786618000,197388,0.15856285,-0.01648783,0.45354596,0
1777316786686000,1777316786686000,197388,0.14564697,-0.006692733,0.44963425,0
1777316786818000,1777316786754000,197388,0.12638474,-0.011528347,0.46443832,0
1777316786822000,1777316786822000,197388,0.10472682,-0.0041328934,0.46261802,0
1777316786954000,1777316786890000,197388,0.09351203,-0.011512621,0.46980283,0
1777316786958000,1777316786958000,197388,0.07793061,-0.014653269,0.47306213,0
1777316787090000,1777316787026000,197388,0.06587462,-0.010048981,0.476199,0
1777316787094000,1777316787094000,197388,0.05550027,-0.0089879995,0.48665947,0
1777316787230000,1777316787230000,197388,0.044616908,-0.013742644,0.47583228,0
1777316787362000,1777316787298000,197388,0.041041292,-0.009522268,0.4794311,0
1777316787366000,1777316787366000,197388,0.033836532,-0.003479874,0.48017204,0
1777316787498000,1777316787434000,197388,0.03389985,-0.008095376,0.47852764,0
1777316787502000,1777316787502000,197388,0.03122372,-0.010338196,0.4805782,0
1777316787634000,1777316787570000,197388,0.029010206,-0.010207818,0.47911865,0
1777316787638000,1777316787638000,197388,0.02576307,-0.0035697676,0.4938817,0
1777316787770000,1777316787706000,197388,0.02501871,-0.008849595,0.47944352,0
1777316787774000,1777316787774000,197388,0.029598868,-0.014583623,0.4838414,0
1777316787906000,1777316787842000,197388,0.02334885,-0.011271572,0.48006037,0
1777316787910000,1777316787910000,197388,0.021369096,-0.0063801627,0.4832242,0
1777316788046000,1777316788046000,197388,0.03204174,-0.014734466,0.47932786,0
1777316788178000,1777316788114000,197388,0.023605345,-0.011918016,0.47941998,0
1777316788182000,1777316788182000,197388,0.027102226,-0.005849293,0.47188193,0
1777316788314000,1777316788250000,197388,0.028303929,-0.0129046105,0.48006573,0
1777316788318000,1777316788318000,197388,0.032116465,-0.020816358,0.47315252,0
1777316788454000,1777316788454000,197388,0.046155818,-0.0099313045,0.4873643,0
1777316788586000,1777316788522000,197388,0.056488156,-0.013373939,0.47703117,0
1777316788590000,1777316788590000,197388,0.06403406,-0.010310161,0.48058,0
1777316788722000,1777316788658000,197388,0.07974544,-0.015532095,0.47300735,0
1777316788726000,1777316788726000,197388,0.08953043,-0.015834674,0.47072384,0
1777316788858000,1777316788794000,197388,0.101204515,-0.015088075,0.46824357,0
1777316788862000,1777316788862000,197388,0.11154636,-0.024690256,0.46446735,0
1777316788994000,1777316788930000,197388,0.11811376,-0.015720025,0.4655993,0
1777316788998000,1777316788998000,197388,0.12923098,-0.009183615,0.45791954,0
1777316789130000,1777316789066000,197388,0.1312611,-0.016547631,0.46341726,0
1777316789134000,1777316789134000,197388,0.12967095,-0.01830189,0.4663173,0
1777316789266000,1777316789202000,197388,0.13897325,-0.017107738,0.46044412,0
1777316789270000,1777316789270000,197388,0.14882565,-0.016546391,0.45359516,0
1777316789406000,1777316789406000,197388,0.13594745,-0.011816036,0.4663388,0
1777316789538000,1777316789474000,197388,0.13848913,-0.016268548,0.46024945,0
1777316789542000,1777316789542000,197388,0.1358608,-0.008420629,0.46014857,0
1777316789674000,1777316789610000,197388,0.13527802,-0.014519919,0.46197933,0
1777316789678000,1777316789678000,197388,0.13672344,-0.016593684,0.4527278,0
1777316789810000,1777316789746000,197388,0.12958409,-0.012239324,0.4635746,0
1777316789814000,1777316789814000,197388,0.13163619,-0.020840492,0.46768036,0
1777316789946000,1777316789882000,197388,0.12963927,-0.013239723,0.4619289,0
1777316789950000,1777316789950000,197388,0.13476573,-0.020207912,0.46511257,0
1777316790086000,1777316790086000,197388,0.1557992,-0.017975274,0.4575824,0
1777316790218000,1777316790154000,197388,0.16094904,-0.01989194,0.4519846,0
1777316790222000,1777316790222000,197388,0.1769437,-0.02391416,0.44696718,0
1777316790358000,1777316790358000,197388,0.19080652,-0.02425804,0.4478971,0
1777316790490000,1777316790426000,197388,0.19413763,-0.023442168,0.43876424,0
1777316790494000,1777316790494000,197388,0.19197974,-0.025858097,0.4373765,0
1777316790626000,1777316790562000,197388,0.18432696,-0.022194928,0.4421868,0
1777316790630000,1777316790630000,197388,0.18710771,-0.014212485,0.4495828,0
1777316790762000,1777316790698000,197388,0.18743882,-0.017155545,0.44147024,0
1777316790766000,1777316790766000,197388,0.19642834,-0.009647528,0.44278648,0
1777316790898000,1777316790834000,197388,0.20732449,-0.011855963,0.4316886,0
1777316790902000,1777316790902000,197388,0.22100474,-0.011402811,0.42531025,0
1777316791038000,1777316791038000,197388,0.24248286,-0.010651113,0.40881005,0
1777316791170000,1777316791106000,197388,0.2515742,-0.014666589,0.40840846,0
1777316791174000,1777316791174000,197388,0.2596256,-0.012406897,0.38999167,0
1777316791306000,1777316791242000,197388,0.27427498,-0.017030938,0.39478523,0
1777316791310000,1777316791310000,197388,0.28727108,-0.02368181,0.39072487,0
1777316791442000,1777316791378000,197388,0.2943004,-0.017503442,0.37888634,0
1777316791446000,1777316791446000,197388,0.30134705,-0.02096335,0.36696652,0
1777316791578000,1777316791514000,197388,0.3068964,-0.018347908,0.3680843,0
1777316791582000,1777316791582000,197388,0.3161395,-0.025755838,0.37546557,0
1777316791714000,1777316791650000,197388,0.30716702,-0.017675593,0.36965567,0
1777316791718000,1777316791718000,197388,0.30338472,-0.014220892,0.36856586,0
1777316791850000,1777316791786000,197388,0.3078132,-0.017192291,0.36978167,0
1777316791854000,1777316791854000,197388,0.30918154,-0.009490216,0.37256765,0
1777316791986000,1777316791922000,197388,0.3045335,-0.016048823,0.37024948,0
1777316791990000,1777316791990000,197388,0.30825144,-0.017012391,0.38347363,0
1777316792122000,1777316792058000,197388,0.3004862,-0.015444294,0.37394485,0
1777316792126000,1777316792126000,197388,0.30043977,-0.013675509,0.36593887,0
1777316792258000,1777316792194000,197388,0.29883188,-0.012926951,0.3775293,0
1777316792262000,1777316792262000,197388,0.29192483,-0.0017328134,0.38084307,0
1777316792394000,1777316792330000,197388,0.2946212,-0.013261874,0.3793401,0
1777316792398000,1777316792398000,197388,0.28772172,-0.02211168,0.3848361,0
1777316792530000,1777316792466000,197388,0.29089662,-0.013169445,0.38071254,0
1777316792534000,1777316792534000,197388,0.29197043,-0.014531883,0.3865391,0
1777316792666000,1777316792602000,197388,0.2870222,-0.011481663,0.38610542,0
1777316792670000,1777316792670000,197388,0.2853353,-0.008939007,0.3837209,0
1777316792802000,1777316792738000,197388,0.28942683,-0.011070722,0.38355905,0
1777316792806000,1777316792806000,197388,0.28388834,-0.010649394,0.38028055,0
1777316792938000,1777316792874000,197388,0.3031532,-0.011241958,0.37312922,0
1777316792942000,1777316792942000,197388,0.30862072,-0.005624499,0.3629461,0
1777316793074000,1777316793010000,197388,0.32000965,-0.015014145,0.3582182,0
1777316793078000,1777316793078000,197388,0.33305728,-0.024779992,0.3589109,0
1777316793214000,1777316793214000,197388,0.33239034,-0.018425653,0.33718187,0
1777316793346000,1777316793282000,197388,0.33653688,-0.017411945,0.3407619,0
1777316793350000,1777316793350000,197388,0.34425846,-0.017183948,0.33948368,0
1777316793482000,1777316793418000,197388,0.33800948,-0.01699775,0.34173822,0
1777316793486000,1777316793486000,197388,0.34191966,-0.018795306,0.34158102,0
1777316793618000,1777316793554000,197388,0.33661675,-0.018416265,0.34098154,0
1777316793622000,1777316793622000,197388,0.32223877,-0.00671304,0.35028535,0
1777316793754000,1777316793690000,197388,0.33437806,-0.01740787,0.34518012,0
1777316793758000,1777316793758000,197388,0.32277933,-0.029292079,0.35364422,0
1777316793890000,1777316793826000,197388,0.3270293,-0.017421538,0.3500094,0
1777316793894000,1777316793894000,197388,0.32685634,-0.021735681,0.34693214,0
1777316794026000,1777316793962000,197388,0.32442468,-0.016469525,0.35504162,0
1777316794030000,1777316794030000,197388,0.324746,-0.010940497,0.35382345,0
1777316794162000,1777316794098000,197388,0.3197765,-0.01601291,0.3589211,0
1777316794166000,1777316794166000,197388,0.3255613,-0.021362852,0.3676214,0
1777316794298000,1777316794234000,197388,0.31756154,-0.01659235,0.3603934,0
1777316794302000,1777316794302000,197388,0.31852147,-0.010724693,0.3640114,0
1777316794434000,1777316794370000,197388,0.31674165,-0.01659057,0.3619057,0
1777316794438000,1777316794438000,197388,0.31768447,-0.01161642,0.35686538,0
1777316794570000,1777316794506000,197388,0.31838873,-0.015874997,0.3613585,0
1777316794574000,1777316794574000,197388,0.3166429,-0.014192987,0.37129956,0
1777316794706000,1777316794642000,197388,0.31924164,-0.015911454,0.36017665,0
1777316794710000,1777316794710000,197388,0.3225596,-0.01534326,0.3601374,0
1777316794842000,1777316794778000,197388,0.31974447,-0.015415918,0.35925665,0
1777316794846000,1777316794846000,197388,0.30895475,-0.009254896,0.35406503,0
1777316794978000,1777316794914000,197388,0.30825892,-0.013173837,0.3674456,0
1777316794982000,1777316794982000,197388,0.29865953,-0.004518201,0.38594356,0
1777316795114000,1777316795050000,197388,0.29147947,-0.010389134,0.38143072,0
1777316795118000,1777316795118000,197388,0.28509745,-0.0042383485,0.3943882,0
1777316795254000,1777316795254000,197388,0.2604967,0.0015045587,0.40094545,0
1777316795386000,1777316795322000,197388,0.25129572,-0.008975497,0.4092646,0
1777316795390000,1777316795390000,197388,0.23877202,-0.011739447,0.42101157,0
1777316795522000,1777316795458000,197388,0.22708845,-0.015566492,0.4249228,0
1777316795526000,1777316795526000,197388,0.21463037,-0.017172785,0.42953283,0
1777316795658000,1777316795594000,197388,0.20247248,-0.014484006,0.43674153,0
1777316795662000,1777316795662000,197388,0.18310773,-0.017905518,0.44044384,0
1777316795794000,1777316795730000,197388,0.1742287,-0.013567142,0.44909868,0
1777316795798000,1777316795798000,197388,0.16390397,-0.012992821,0.45572585,0
1777316795930000,1777316795866000,197388,0.14568706,-0.010405801,0.45851344,0
1777316795934000,1777316795934000,197388,0.13226503,-0.005655085,0.45928457,0
1777316796066000,1777316796002000,197388,0.114849515,-0.0065881507,0.465919,0
1777316796070000,1777316796070000,197388,0.099102646,-0.0051610623,0.46687663,0
1777316796202000,1777316796138000,197388,0.085921295,-0.009265014,0.4722273,0
1777316796206000,1777316796206000,197388,0.06572156,-0.009779618,0.48024842,0
1777316796338000,1777316796274000,197388,0.056634355,-0.0121277915,0.4769403,0
1777316796342000,1777316796342000,197388,0.048562866,0.009075479,0.4811441,0
1777316796474000,1777316796410000,197388,0.04100305,-0.011726919,0.47796723,0
1777316796478000,1777316796478000,197388,0.049808133,-0.012373543,0.48309246,0
1777316796610000,1777316796546000,197388,0.035334162,-0.013561823,0.47832212,0
1777316796614000,1777316796614000,197388,0.026157932,-0.018309232,0.47962084,0
1777316796746000,1777316796682000,197388,0.03143492,-0.0123773,0.47855565,0
1777316796750000,1777316796750000,197388,0.037105776,-0.006065862,0.4898416,0
1777316796882000,1777316796818000,197388,0.027021928,-0.012455623,0.47918722,0
1777316796886000,1777316796886000,197388,0.021260623,-0.01325114,0.46836495,0
1777316797018000,1777316796954000,197388,0.024483766,-0.015053533,0.47996864,0
1777316797022000,1777316797022000,197388,0.02939617,-0.007359132,0.48686448,0
1777316797154000,1777316797090000,197388,0.022611303,-0.014736061,0.47965446,0
1777316797158000,1777316797158000,197388,0.024330972,-0.010286872,0.47570318,0
1777316797290000,1777316797226000,197388,0.026167074,-0.0142444065,0.4801739,0
1777316797294000,1777316797294000,197388,0.020440679,-0.0200138,0.47394222,0
1777316797426000,1777316797362000,197388,0.03031867,-0.015812647,0.47935584,0
1777316797430000,1777316797430000,197388,0.039843086,-0.011740972,0.48348394,0
1777316797562000,1777316797498000,197388,0.049432814,-0.017042695,0.4759613,0
1777316797566000,1777316797566000,197388,0.06628127,-0.016520275,0.46984488,0
1777316797698000,1777316797634000,197388,0.071764894,-0.018190386,0.47642222,0
1777316797702000,1777316797702000,197388,0.08404484,-0.019699462,0.47593528,0
1777316797834000,1777316797770000,197388,0.09421914,-0.018805409,0.47092703,0
1777316797838000,1777316797838000,197388,0.1055751,-0.015610273,0.4700748,0
1777316797970000,1777316797906000,197388,0.11303518,-0.017937336,0.4683971,0
1777316797974000,1777316797974000,197388,0.118723005,-0.016362913,0.4625003,0
1777316798106000,1777316798042000,197388,0.12928894,-0.017673058,0.46238652,0
1777316798110000,1777316798110000,197388,0.1299516,-0.020417916,0.46730393,0
1777316798242000,1777316798178000,197388,0.1398188,-0.018432315,0.45988917,0
1777316798246000,1777316798246000,197388,0.14485675,-0.018839838,0.45774916,0
1777316798378000,1777316798314000,197388,0.1445011,-0.017928515,0.45917788,0
1777316798382000,1777316798382000,197388,0.14294302,-0.014523324,0.46311012,0
1777316798518000,1777316798518000,197388,0.13781127,-0.015435867,0.45167136,0
1777316798650000,1777316798586000,197388,0.14099553,-0.018139446,0.45988095,0
1777316798654000,1777316798654000,197388,0.13636567,-0.026331663,0.46557993,0
1777316798786000,1777316798722000,197388,0.13529189,-0.01828083,0.4607186,0
1777316798790000,1777316798790000,197388,0.13695201,-0.023173917,0.46340746,0
1777316798922000,1777316798858000,197388,0.12743865,-0.018308565,0.46203694,0
1777316798926000,1777316798926000,197388,0.12650584,-0.019116575,0.45790526,0
1777316799062000,1777316799062000,197388,0.1447817,-0.023220403,0.46072912,0
1777316799194000,1777316799130000,197388,0.15144739,-0.013619718,0.45558965,0
1777316799198000,1777316799198000,197388,0.16577001,-0.007340608,0.4594022,0
1777316799330000,1777316799266000,197388,0.17319347,-0.0072810967,0.44864038,0
1777316799334000,1777316799334000,197388,0.18619199,0.00017549728,0.44743153,0
1777316799466000,1777316799402000,197388,0.19364269,-0.005453713,0.44063994,0
1777316799470000,1777316799470000,197388,0.20424749,-9.702823e-06,0.43562904,0
1777316799602000,1777316799538000,197388,0.21338464,-0.0070833312,0.43134835,0
1777316799606000,1777316799606000,197388,0.22468345,-0.011487206,0.43368793,0
1777316799738000,1777316799674000,197388,0.23288079,-0.0106482655,0.4196109,0
1777316799742000,1777316799742000,197388,0.24962687,-0.017158115,0.41388002,0
1777316799874000,1777316799810000,197388,0.25404444,-0.010152722,0.40665457,0
1777316799878000,1777316799878000,197388,0.26386476,-0.015902415,0.40365613,0
1777316800010000,1777316799946000,197388,0.27720457,-0.012732662,0.39275983,0
1777316800014000,1777316800014000,197388,0.29122305,-0.009343854,0.38220164,0
1777316800146000,1777316800082000,197388,0.29637283,-0.015541038,0.37778652,0
1777316800150000,1777316800150000,197388,0.3075973,-0.02137972,0.365922,0
1777316800282000,1777316800218000,197388,0.3179879,-0.018281557,0.3587895,0
1777316800286000,1777316800286000,197388,0.32814303,-0.023949401,0.34654364,0
1777316800418000,1777316800354000,197388,0.33753073,-0.018954623,0.341145,0
1777316800422000,1777316800422000,197388,0.34834912,-0.022676876,0.3336925,0
1777316800554000,1777316800490000,197388,0.34994078,-0.019454831,0.32921958,0
1777316800558000,1777316800558000,197388,0.351637,-0.017024383,0.32910264,0
1777316800690000,1777316800626000,197388,0.35392585,-0.016253006,0.32471812,0
1777316800694000,1777316800694000,197388,0.35216787,-0.018668337,0.32102266,0
1777316800826000,1777316800762000,197388,0.35646045,-0.017379437,0.32159978,0
1777316800830000,1777316800830000,197388,0.364239,-0.019699952,0.3161943,0
1777316800962000,1777316800898000,197388,0.35641828,-0.016335145,0.31930986,0
1777316800966000,1777316800966000,197388,0.356751,-0.012881461,0.3129043,0
1777316801098000,1777316801034000,197388,0.3592794,-0.017209638,0.31891626,0
1777316801102000,1777316801102000,197388,0.3594016,-0.016876195,0.3215083,0
1777316801234000,1777316801170000,197388,0.36012694,-0.016854318,0.31696513,0
1777316801238000,1777316801238000,197388,0.35925794,-0.024470313,0.32580554,0
1777316801370000,1777316801306000,197388,0.3583729,-0.016829768,0.31832394,0
1777316801374000,1777316801374000,197388,0.34905916,-0.014157353,0.32233098,0
1777316801506000,1777316801442000,197388,0.3575976,-0.016566964,0.31771594,0
1777316801510000,1777316801510000,197388,0.3634697,-0.015639067,0.32840765,0
1777316801642000,1777316801578000,197388,0.3558506,-0.016403286,0.32246023,0
1777316801646000,1777316801646000,197388,0.35152933,-0.0144673195,0.33039486,0
1777316801778000,1777316801714000,197388,0.34603557,-0.015991917,0.33107704,0
1777316801782000,1777316801782000,197388,0.33718145,-0.0045877574,0.3470762,0
1777316801914000,1777316801850000,197388,0.33353457,-0.017215904,0.3470022,0
1777316801918000,1777316801918000,197388,0.3255091,-0.015223438,0.35279122,0
1777316802050000,1777316801986000,197388,0.31982338,-0.015319082,0.35894707,0
1777316802054000,1777316802054000,197388,0.31803858,-0.02046084,0.36226374,0
1777316802186000,1777316802122000,197388,0.30732808,-0.014898914,0.3693093,0
1777316802190000,1777316802190000,197388,0.30138898,-0.012405282,0.36684203,0
1777316802322000,1777316802258000,197388,0.29813436,-0.0139712645,0.37506816,0
1777316802326000,1777316802326000,197388,0.30034298,-0.0151890125,0.3822842,0
1777316802458000,1777316802394000,197388,0.2936567,-0.013541107,0.3813445,0
1777316802462000,1777316802462000,197388,0.29238167,-0.012329715,0.37834778,0
1777316802594000,1777316802530000,197388,0.29135644,-0.011796007,0.38091794,0
1777316802598000,1777316802598000,197388,0.29343262,-0.012990708,0.37235358,0
1777316802730000,1777316802666000,197388,0.2937813,-0.013419234,0.38061067,0
1777316802734000,1777316802734000,197388,0.29580578,-0.01459522,0.38248515,0
1777316802866000,1777316802802000,197388,0.29776207,-0.013045766,0.37719938,0
1777316802870000,1777316802870000,197388,0.2921032,0.0014345093,0.36886066,0
1777316803002000,1777316802938000,197388,0.30093485,-0.013830876,0.376535,0
1777316803006000,1777316803006000,197388,0.306093,-0.012256907,0.37359887,0
1777316803138000,1777316803074000,197388,0.2955873,-0.01204528,0.3802649,0
1777316803142000,1777316803142000,197388,0.2903605,-0.016585724,0.38565448,0
1777316803274000,1777316803210000,197388,0.28110602,-0.009931235,0.3897616,0
1777316803278000,1777316803278000,197388,0.26668406,-0.019224722,0.40058303,0
1777316803410000,1777316803346000,197388,0.2600429,-0.012751363,0.4034997,0
1777316803414000,1777316803414000,197388,0.25034058,-0.020300236,0.41413644,0
1777316803546000,1777316803482000,197388,0.24179134,-0.019328948,0.41732743,0
1777316803550000,1777316803550000,197388,0.23007916,-0.01886661,0.42346463,0
1777316803686000,1777316803686000,197388,0.2190836,-0.009566319,0.43341547,0
1777316803818000,1777316803754000,197388,0.19774263,-0.015855059,0.43671796,0
1777316803822000,1777316803822000,197388,0.18658933,-0.013555484,0.4463847,0
1777316803954000,1777316803890000,197388,0.17408288,-0.014947864,0.44759586,0
1777316803958000,1777316803958000,197388,0.15819001,-0.013416424,0.46496573,0
1777316804090000,1777316804026000,197388,0.14852971,-0.012691436,0.45612568,0
1777316804094000,1777316804094000,197388,0.1319368,-0.011520144,0.46538562,0
1777316804226000,1777316804162000,197388,0.1229769,-0.011403371,0.4661782,0
1777316804230000,1777316804230000,197388,0.113926016,-0.005907154,0.47779107,0
1777316804366000,1777316804366000,197388,0.0777714,-0.014390701,0.46930963,0
1777316804498000,1777316804434000,197388,0.06700954,-0.0116699375,0.47584394,0
1777316804502000,1777316804502000,197388,0.06563746,-0.016260032,0.4717259,0
1777316804634000,1777316804570000,197388,0.05153292,-0.011406378,0.47830555,0
1777316804638000,1777316804638000,197388,0.047437146,-0.015484811,0.46972188,0
1777316804770000,1777316804706000,197388,0.04235243,-0.011569094,0.4803732,0
1777316804774000,1777316804774000,197388,0.03438274,-0.010080024,0.47764465,0
1777316804906000,1777316804842000,197388,0.04047417,-0.011009028,0.47911873,0
1777316804910000,1777316804910000,197388,0.04156254,-0.018438086,0.4805688,0
1777316805042000,1777316804978000,197388,0.03698752,-0.011303391,0.47968602,0
1777316805046000,1777316805046000,197388,0.036695745,-0.0102032805,0.4800688,0
1777316805178000,1777316805114000,197388,0.035444733,-0.012533743,0.4786845,0
1777316805182000,1777316805182000,197388,0.032746244,-0.005748783,0.47813094,0
1777316805314000,1777316805250000,197388,0.034590133,-0.011793967,0.47975084,0
1777316805318000,1777316805318000,197388,0.034625724,-0.018830514,0.48196396,0
1777316805450000,1777316805386000,197388,0.036660094,-0.013451245,0.4793713,0
1777316805454000,1777316805454000,197388,0.036091164,-0.020445995,0.47458488,0
1777316805590000,1777316805590000,197388,0.03800082,-0.0014532236,0.47323772,0
1777316805722000,1777316805658000,197388,0.044114206,-0.012972114,0.4788105,0
1777316805726000,1777316805726000,197388,0.042911004,-0.0046951952,0.4691147,0
1777316805862000,1777316805862000,197388,0.07547468,-0.018226625,0.47144186,0
1777316805994000,1777316805930000,197388,0.08362741,-0.015111447,0.4719371,0
1777316805998000,1777316805998000,197388,0.09358885,-0.012565731,0.47740513,0
1777316806130000,1777316806066000,197388,0.10542389,-0.016106121,0.469281,0
1777316806134000,1777316806134000,197388,0.12121035,-0.009805529,0.47183856,0
1777316806266000,1777316806202000,197388,0.11987296,-0.015946051,0.4660815,0
1777316806270000,1777316806270000,197388,0.13681455,-0.02528385,0.4644576,0
1777316806402000,1777316806338000,197388,0.13159192,-0.015129294,0.46212274,0
1777316806406000,1777316806406000,197388,0.13281478,-0.012351976,0.44935283,0
1777316806538000,1777316806474000,197388,0.13935642,-0.015159031,0.4609184,0
1777316806542000,1777316806542000,197388,0.14081213,-0.022827594,0.46584272,0
1777316806678000,1777316806678000,197388,0.1335758,-0.019582763,0.45898288,0
1777316806810000,1777316806746000,197388,0.13840003,-0.017986927,0.46128044,0
1777316806814000,1777316806814000,197388,0.1327274,-0.022688892,0.4615532,0
1777316806946000,1777316806882000,197388,0.13378896,-0.016572941,0.46045268,0
1777316806950000,1777316806950000,197388,0.13451454,-0.015907686,0.4667575,0
1777316807082000,1777316807018000,197388,0.12685026,-0.01612976,0.4642976,0
1777316807086000,1777316807086000,197388,0.12174708,-0.01424452,0.46345055,0
1777316807218000,1777316807154000,197388,0.12469936,-0.016012682,0.4653686,0
1777316807222000,1777316807222000,197388,0.12536208,-0.014112461,0.46253347,0
1777316807354000,1777316807290000,197388,0.13767749,-0.019513814,0.45958263,0
1777316807358000,1777316807358000,197388,0.14037384,-0.01713277,0.46252307,0
1777316807490000,1777316807426000,197388,0.15531814,-0.018335296,0.45315537,0
1777316807494000,1777316807494000,197388,0.16411397,-0.011505777,0.45024443,0
1777316807626000,1777316807562000,197388,0.17688078,-0.009688894,0.44754747,0
1777316807630000,1777316807630000,197388,0.1866935,-0.004101894,0.43457884,0
1777316807762000,1777316807698000,197388,0.19540986,-0.009246788,0.43720523,0
1777316807766000,1777316807766000,197388,0.20639317,0.0038177553,0.43244782,0
1777316807898000,1777316807834000,197388,0.21811181,-0.009871427,0.42699412,0
1777316807902000,1777316807902000,197388,0.22636539,-0.017868053,0.427251,0
1777316808034000,1777316807970000,197388,0.23865448,-0.012837144,0.41629973,0
1777316808038000,1777316808038000,197388,0.24774234,-0.008198778,0.40643936,0
1777316808174000,1777316808174000,197388,0.27018732,-0.019273363,0.40251723,0
1777316808306000,1777316808242000,197388,0.28194284,-0.016506525,0.38850275,0
1777316808310000,1777316808310000,197388,0.2886113,-0.014538263,0.37866068,0
1777316808442000,1777316808378000,197388,0.30519366,-0.016230075,0.36988518,0
1777316808446000,1777316808446000,197388,0.31739086,-0.014057895,0.3632647,0
1777316808578000,1777316808514000,197388,0.3253577,-0.017723072,0.3528682,0
1777316808582000,1777316808582000,197388,0.3315152,-0.013039983,0.34909916,0
1777316808714000,1777316808650000,197388,0.3437414,-0.017715555,0.333944,0
1777316808718000,1777316808718000,197388,0.34020704,-0.010937188,0.329765,0
1777316808850000,1777316808786000,197388,0.35189995,-0.018485352,0.32727098,0
1777316808854000,1777316808854000,197388,0.33919403,-0.017617818,0.3263492,0
1777316808986000,1777316808922000,197388,0.3558714,-0.017444758,0.32492024,0
1777316808990000,1777316808990000,197388,0.35789528,-0.010319153,0.32704914,0
1777316809122000,1777316809058000,197388,0.35639527,-0.017382737,0.320752,0
1777316809126000,1777316809126000,197388,0.36282092,-0.019545116,0.31697017,0
1777316809262000,1777316809262000,197388,0.3518481,-0.01432616,0.33063903,0
1777316809394000,1777316809330000,197388,0.35877728,-0.017549396,0.31645867,0
1777316809398000,1777316809398000,197388,0.35632667,-0.010912595,0.31396636,0
1777316809534000,1777316809534000,197388,0.36040097,-0.018861843,0.31457952,0
1777316809666000,1777316809602000,197388,0.35987484,-0.018868005,0.31910008,0
1777316809670000,1777316809670000,197388,0.35794556,-0.023544097,0.31305876,0
1777316809806000,1777316809806000,197388,0.3522314,-0.022862416,0.32868597,0
1777316809938000,1777316809874000,197388,0.35246265,-0.01798174,0.32575968,0
1777316809942000,1777316809942000,197388,0.3516975,-0.009602674,0.32985988,0
1777316810078000,1777316810078000,197388,0.3387704,-0.015135531,0.3489664,0
1777316810210000,1777316810146000,197388,0.32596627,-0.01643438,0.35195434,0
1777316810214000,1777316810214000,197388,0.31639695,-0.013984336,0.35739565,0
1777316810346000,1777316810282000,197388,0.31495094,-0.015048261,0.36445615,0
1777316810350000,1777316810350000,197388,0.30230057,-0.016411228,0.36411968,0
1777316810482000,1777316810418000,197388,0.30268225,-0.014197676,0.37335208,0
1777316810486000,1777316810486000,197388,0.29975542,-0.01591888,0.37825808,0
1777316810618000,1777316810554000,197388,0.29502448,-0.011576247,0.3799693,0
1777316810622000,1777316810622000,197388,0.28487194,-0.009432123,0.3847726,0
1777316810754000,1777316810690000,197388,0.29142404,-0.012442815,0.38209102,0
1777316810758000,1777316810758000,197388,0.29014724,-0.010207001,0.375823,0
1777316810890000,1777316810826000,197388,0.290878,-0.011177943,0.38289884,0
1777316810894000,1777316810894000,197388,0.2937682,-0.0037304393,0.38584682,0
1777316811026000,1777316810962000,197388,0.2942824,-0.01133717,0.37914935,0
1777316811030000,1777316811030000,197388,0.2957278,-0.019162582,0.3747212,0
1777316811162000,1777316811098000,197388,0.29621223,-0.011350097,0.37669381,0
1777316811166000,1777316811166000,197388,0.29191267,-0.012558858,0.3711343,0
1777316811298000,1777316811234000,197388,0.29977962,-0.012587235,0.3726503,0
1777316811302000,1777316811302000,197388,0.29739326,-0.006441018,0.3701832,0
1777316811434000,1777316811370000,197388,0.30030486,-0.012023782,0.3725515,0
1777316811438000,1777316811438000,197388,0.2998928,-0.00666633,0.3784682,0
1777316811570000,1777316811506000,197388,0.2911671,-0.010052424,0.3822049,0
1777316811574000,1777316811574000,197388,0.28130132,-0.012672683,0.39262152,0
1777316811706000,1777316811642000,197388,0.27470005,-0.009443118,0.39470154,0
1777316811710000,1777316811710000,197388,0.26171127,-0.008312107,0.40220305,0
1777316811842000,1777316811778000,197388,0.2553775,-0.016701382,0.40607962,0
1777316811846000,1777316811846000,197388,0.2502334,-0.021771666,0.41730013,0
1777316811978000,1777316811914000,197388,0.23590405,-0.019494595,0.41847342,0
1777316811982000,1777316811982000,197388,0.22797492,-0.02084925,0.4252051,0
1777316812118000,1777316812118000,197388,0.20645478,-0.016355235,0.43431824,0
1777316812250000,1777316812186000,197388,0.18942954,-0.016474105,0.44062868,0
1777316812254000,1777316812254000,197388,0.17246829,-0.011385835,0.44644928,0
1777316812386000,1777316812322000,197388,0.16519265,-0.015857747,0.45183632,0
1777316812390000,1777316812390000,197388,0.15882991,-0.015073831,0.45681685,0
1777316812522000,1777316812458000,197388,0.13887642,-0.01212156,0.46141952,0
1777316812526000,1777316812526000,197388,0.117299,-0.009755126,0.46563184,0
1777316812662000,1777316812662000,197388,0.097701274,-0.016142344,0.47611138,0
1777316812794000,1777316812730000,197388,0.08425236,-0.009956185,0.4741534,0
1777316812798000,1777316812798000,197388,0.06400801,-0.0129519515,0.46978712,0
1777316812930000,1777316812866000,197388,0.056682453,-0.012794529,0.47595507,0
1777316812934000,1777316812934000,197388,0.057879955,-0.019484822,0.46442583,0
1777316813066000,1777316813002000,197388,0.049103666,-0.010790114,0.4791141,0
1777316813070000,1777316813070000,197388,0.044231147,-0.013443998,0.48364395,0
1777316813206000,1777316813206000,197388,0.043302733,-0.011318619,0.46951616,0
1777316813338000,1777316813274000,197388,0.038966242,-0.013092155,0.47762933,0
1777316813342000,1777316813342000,197388,0.038703408,-0.015951136,0.47659788,0
1777316813474000,1777316813410000,197388,0.03670584,-0.013286757,0.47792575,0
1777316813478000,1777316813478000,197388,0.04567917,-0.018895218,0.48623666,0
1777316813610000,1777316813546000,197388,0.034555826,-0.0145666115,0.4780442,0
1777316813614000,1777316813614000,197388,0.02951805,-0.017551389,0.47609782,0
1777316813746000,1777316813682000,197388,0.034945644,-0.014641927,0.47927776,0
1777316813750000,1777316813750000,197388,0.042551238,-0.01569206,0.47670788,0
1777316813882000,1777316813818000,197388,0.037535027,-0.01475123,0.47982314,0
1777316813886000,1777316813886000,197388,0.048151895,-0.0066794697,0.4797573,0
1777316814018000,1777316813954000,197388,0.039129723,-0.016456233,0.47858545,0
1777316814022000,1777316814022000,197388,0.03490418,-0.015880425,0.47954425,0
1777316814154000,1777316814090000,197388,0.046334736,-0.015088994,0.4783125,0
1777316814158000,1777316814158000,197388,0.053954214,-0.013219198,0.48456144,0
1777316814290000,1777316814226000,197388,0.06258199,-0.014969915,0.47515696,0
1777316814294000,1777316814294000,197388,0.07674069,-0.009414004,0.47516784,0
1777316814426000,1777316814362000,197388,0.082141876,-0.013419349,0.47290346,0
1777316814430000,1777316814430000,197388,0.09748177,-0.011511296,0.46929285,0
1777316814562000,1777316814498000,197388,0.1037269,-0.015460219,0.46903917,0
1777316814566000,1777316814566000,197388,0.10584899,-0.018792393,0.46850786,0
1777316814698000,1777316814634000,197388,0.11709091,-0.015707692,0.46660763,0
1777316814702000,1777316814702000,197388,0.12891725,-0.017294277,0.46254647,0
1777316814834000,1777316814770000,197388,0.12930141,-0.015182201,0.4625597,0
1777316814838000,1777316814838000,197388,0.13104744,-0.018783176,0.45805243,0
1777316814970000,1777316814906000,197388,0.13463801,-0.014128252,0.4595147,0
1777316814974000,1777316814974000,197388,0.13511105,-0.0172495,0.4660218,0
1777316815106000,1777316815042000,197388,0.13582295,-0.014377353,0.46060103,0
1777316815110000,1777316815110000,197388,0.14639099,-0.016695257,0.46032044,0
1777316815242000,1777316815178000,197388,0.13411759,-0.01433808,0.46082473,0
1777316815246000,1777316815246000,197388,0.13576981,-0.01716022,0.4607301,0
1777316815378000,1777316815314000,197388,0.12922597,-0.014793273,0.46180123,0
1777316815382000,1777316815382000,197388,0.13058394,-0.015654126,0.46487176,0
1777316815514000,1777316815450000,197388,0.12228261,-0.015308641,0.46480235,0
1777316815518000,1777316815518000,197388,0.11645286,-0.013915162,0.47043255,0
1777316815650000,1777316815586000,197388,0.12364118,-0.015757445,0.4664015,0
1777316815654000,1777316815654000,197388,0.13579807,-0.016652843,0.4630749,0
1777316815786000,1777316815722000,197388,0.13469191,-0.017996022,0.46074465,0
1777316815790000,1777316815790000,197388,0.14049515,-0.02215145,0.46236596,0
1777316815922000,1777316815858000,197388,0.15243056,-0.021996781,0.45544872,0
1777316815926000,1777316815926000,197388,0.16265735,-0.011974426,0.44939658,0
1777316816058000,1777316815994000,197388,0.17157342,-0.016534586,0.44721043,0
1777316816062000,1777316816062000,197388,0.1948505,-0.018167187,0.4317138,0
1777316816198000,1777316816198000,197388,0.20477521,-0.0085294265,0.44453788,0
1777316816330000,1777316816266000,197388,0.21548389,-0.012180865,0.4305344,0
1777316816334000,1777316816334000,197388,0.22916222,-0.012206147,0.4251024,0
1777316816466000,1777316816402000,197388,0.2373389,-0.013123958,0.41780058,0
1777316816470000,1777316816470000,197388,0.24720259,-0.017380716,0.41262633,0
1777316816602000,1777316816538000,197388,0.25950506,-0.016120812,0.40403944,0
1777316816606000,1777316816606000,197388,0.2796765,-0.005790985,0.3938167,0
1777316816738000,1777316816674000,197388,0.28392,-0.018204115,0.38886455,0
1777316816742000,1777316816742000,197388,0.29019466,-0.017869638,0.37591156,0
1777316816878000,1777316816878000,197388,0.32728305,-0.021892836,0.36862355,0
1777316817010000,1777316816946000,197388,0.32540214,-0.019951647,0.3523281,0
1777316817014000,1777316817014000,197388,0.34581965,-0.025949052,0.33588228,0
1777316817146000,1777316817082000,197388,0.34271756,-0.01993388,0.33668998,0
1777316817150000,1777316817150000,197388,0.34460634,-0.022818377,0.32425508,0
1777316817282000,1777316817218000,197388,0.35148475,-0.01727079,0.32898176,0
1777316817286000,1777316817286000,197388,0.34898472,-0.011996358,0.32913822,0
1777316817418000,1777316817354000,197388,0.35493326,-0.017546926,0.32502773,0
1777316817422000,1777316817422000,197388,0.3580883,-0.020343158,0.3230092,0
1777316817554000,1777316817490000,197388,0.35776728,-0.01826728,0.32103097,0
1777316817558000,1777316817558000,197388,0.35952002,-0.0155080585,0.3200788,0
1777316817690000,1777316817626000,197388,0.35834923,-0.018007802,0.3177058,0
1777316817694000,1777316817694000,197388,0.36666408,-0.01455737,0.32398948,0
1777316817830000,1777316817830000,197388,0.36687037,-0.013929462,0.3162048,0
1777316817966000,1777316817966000,197388,0.35768935,-0.01662246,0.31825933,0
1777316818098000,1777316818034000,197388,0.35960403,-0.015106705,0.31850883,0
1777316818102000,1777316818102000,197388,0.37177798,-0.013105496,0.31879812,0
1777316818234000,1777316818170000,197388,0.35798222,-0.014631144,0.32055363,0
1777316818238000,1777316818238000,197388,0.35383707,-0.024007726,0.32401165,0
1777316818370000,1777316818306000,197388,0.35432547,-0.014602707,0.32596162,0
1777316818374000,1777316818374000,197388,0.35831365,-0.011250953,0.3411231,0
1777316818510000,1777316818510000,197388,0.33789387,-0.019494895,0.34096628,0
1777316818642000,1777316818578000,197388,0.32717213,-0.015440143,0.35020003,0
1777316818646000,1777316818646000,197388,0.3201212,-0.015234349,0.362478,0
1777316818778000,1777316818714000,197388,0.31388307,-0.013912256,0.36398697,0
1777316818782000,1777316818782000,197388,0.30759174,-0.018710364,0.3725931,0
1777316818914000,1777316818850000,197388,0.30336556,-0.013124982,0.3736189,0
1777316818918000,1777316818918000,197388,0.3021363,-0.0036371984,0.37571156,0
1777316819050000,1777316818986000,197388,0.29532856,-0.01304119,0.3793085,0
1777316819054000,1777316819054000,197388,0.29045388,-0.020117713,0.3812629,0
1777316819186000,1777316819122000,197388,0.29035163,-0.012168007,0.38592583,0
1777316819190000,1777316819190000,197388,0.278847,-0.0059173526,0.39324608,0
1777316819322000,1777316819258000,197388,0.28936365,-0.013812178,0.38369045,0
1777316819326000,1777316819326000,197388,0.28684685,-0.01535457,0.3814711,0
1777316819458000,1777316819394000,197388,0.2934577,-0.010307704,0.3830448,0
1777316819462000,1777316819462000,197388,0.29533717,-0.011468873,0.38509607,0
1777316819594000,1777316819530000,197388,0.29770142,-0.012218046,0.37739992,0
1777316819598000,1777316819598000,197388,0.311253,-0.0039013675,0.3770924,0
1777316819734000,1777316819734000,197388,0.30439448,0.0012248049,0.37049192,0
1777316819866000,1777316819802000,197388,0.2938462,-0.0105671985,0.3805177,0
1777316819870000,1777316819870000,197388,0.28542227,-0.009381398,0.38355932,0
1777316820002000,1777316819938000,197388,0.27701446,-0.016440444,0.39129043,0
1777316820006000,1777316820006000,197388,0.2642729,-0.022257332,0.40310958,0
1777316820138000,1777316820074000,197388,0.25902158,-0.022528885,0.40397182,0
1777316820142000,1777316820142000,197388,0.25307265,-0.029969662,0.4084352,0
1777316820274000,1777316820210000,197388,0.23941441,-0.022842126,0.41605502,0
1777316820278000,1777316820278000,197388,0.22865953,-0.03292967,0.41989905,0
1777316820410000,1777316820346000,197388,0.22050153,-0.018446853,0.42696556,0
1777316820414000,1777316820414000,197388,0.21592662,-0.015008743,0.4298952,0
1777316820550000,1777316820550000,197388,0.18468633,-0.020321963,0.4391411,0
1777316820682000,1777316820618000,197388,0.17302747,-0.015438037,0.44843045,0
1777316820686000,1777316820686000,197388,0.16827144,-0.016168458,0.4551789,0
1777316820818000,1777316820754000,197388,0.14977558,-0.013371715,0.45606017,0
1777316820822000,1777316820822000,197388,0.13817172,-0.0014267523,0.46563718,0
1777316820954000,1777316820890000,197388,0.12122065,-0.012777256,0.46417475,0
1777316820958000,1777316820958000,197388,0.11192301,-0.006308146,0.4727747,0
1777316821090000,1777316821026000,197388,0.09291644,-0.010613049,0.47156957,0
1777316821094000,1777316821094000,197388,0.084460504,-0.015311574,0.46775606,0
1777316821230000,1777316821230000,197388,0.069698155,-0.007899642,0.48332483,0
1777316821362000,1777316821298000,197388,0.05219986,-0.0071418774,0.47846133,0
1777316821366000,1777316821366000,197388,0.050212495,-0.016986374,0.48206306,0
1777316821498000,1777316821434000,197388,0.044288304,-0.0094169695,0.47943968,0
1777316821502000,1777316821502000,197388,0.040722087,-0.0153065035,0.47844502,0
1777316821634000,1777316821570000,197388,0.04193527,-0.0120925065,0.4798226,0
1777316821638000,1777316821638000,197388,0.032634,-0.010912286,0.46857402,0
1777316821770000,1777316821706000,197388,0.03863029,-0.009591771,0.47792685,0
1777316821774000,1777316821774000,197388,0.04063483,-0.0052322517,0.48239008,0
1777316821906000,1777316821842000,197388,0.03736356,-0.0078313695,0.47839507,0
1777316821910000,1777316821910000,197388,0.0382286,-0.0088364305,0.48548773,0
1777316822042000,1777316821978000,197388,0.036684256,-0.007677726,0.47941098,0
1777316822046000,1777316822046000,197388,0.039840996,-0.0150699355,0.48431346,0
1777316822178000,1777316822114000,197388,0.03666285,-0.010014796,0.47933304,0
1777316822182000,1777316822182000,197388,0.043922003,-0.012632118,0.47303694,0
1777316822314000,1777316822250000,197388,0.03673552,-0.011050824,0.47757837,0
1777316822318000,1777316822318000,197388,0.04459016,-0.013248092,0.47921944,0
1777316822450000,1777316822386000,197388,0.045787353,-0.011421685,0.47905192,0
1777316822454000,1777316822454000,197388,0.053848684,-0.013585499,0.483265,0
1777316822586000,1777316822522000,197388,0.06240441,-0.013083277,0.47732338,0
1777316822590000,1777316822590000,197388,0.074647576,-0.0062449705,0.48035085,0
1777316822726000,1777316822726000,197388,0.09509259,-0.018278329,0.4744707,0
1777316822858000,1777316822794000,197388,0.102459915,-0.013475882,0.46888715,0
1777316822862000,1777316822862000,197388,0.100401476,-0.013148712,0.4654509,0
1777316822994000,1777316822930000,197388,0.11722538,-0.014274656,0.4663142,0
1777316822998000,1777316822998000,197388,0.121749535,-0.019547574,0.4667001,0
1777316823130000,1777316823066000,197388,0.12985988,-0.017083833,0.46129993,0
1777316823134000,1777316823134000,197388,0.1359672,-0.016736874,0.4620594,0
1777316823270000,1777316823270000,197388,0.1394689,-0.019487172,0.4685277,0
1777316823402000,1777316823338000,197388,0.13813168,-0.015184483,0.4594722,0
1777316823406000,1777316823406000,197388,0.13630989,-0.009117522,0.4593543,0
1777316823542000,1777316823542000,197388,0.123605646,-0.02113406,0.46309122,0
1777316823674000,1777316823610000,197388,0.13045418,-0.016644249,0.46156853,0
1777316823678000,1777316823678000,197388,0.13276614,-0.025398182,0.46067122,0
1777316823810000,1777316823746000,197388,0.12542497,-0.016256161,0.46279222,0
1777316823814000,1777316823814000,197388,0.13518026,-0.017722927,0.4651267,0
1777316823946000,1777316823882000,197388,0.13750997,-0.018923933,0.45962235,0
1777316823950000,1777316823950000,197388,0.1404778,-0.023600915,0.4557662,0
1777316824082000,1777316824018000,197388,0.1554347,-0.02159126,0.45377144,0
1777316824086000,1777316824086000,197388,0.16045643,-0.029455537,0.44375566,0
1777316824218000,1777316824154000,197388,0.17330486,-0.023470564,0.4480085,0
1777316824222000,1777316824222000,197388,0.18428417,-0.020229109,0.44173026,0
1777316824354000,1777316824290000,197388,0.19510949,-0.023102535,0.43717635,0
1777316824358000,1777316824358000,197388,0.20939137,-0.02299854,0.42785695,0
1777316824490000,1777316824426000,197388,0.21930249,-0.017071158,0.4271665,0
1777316824494000,1777316824494000,197388,0.23123667,-0.009780919,0.42338216,0
1777316824626000,1777316824562000,197388,0.23875153,-0.014964441,0.4164775,0
1777316824630000,1777316824630000,197388,0.24991608,-0.0069796164,0.41308403,0
1777316824766000,1777316824766000,197388,0.26802936,-0.022406993,0.4007648,0
1777316824898000,1777316824834000,197388,0.28327546,-0.018652938,0.38736525,0
1777316824902000,1777316824902000,197388,0.29470706,-0.02488269,0.38766235,0
1777316825038000,1777316825038000,197388,0.31786326,-0.011998796,0.3586993,0
1777316825170000,1777316825106000,197388,0.3260945,-0.019590486,0.35444885,0
1777316825174000,1777316825174000,197388,0.33852512,-0.018034663,0.35085222,0
1777316825306000,1777316825242000,197388,0.34427947,-0.0167205,0.33504984,0
1777316825310000,1777316825310000,197388,0.3540881,-0.020060182,0.3308463,0
1777316825442000,1777316825378000,197388,0.35306203,-0.017129349,0.32508355,0
1777316825446000,1777316825446000,197388,0.36000505,-0.013745246,0.32057673,0
1777316825578000,1777316825514000,197388,0.35815322,-0.014826097,0.32205135,0
1777316825582000,1777316825582000,197388,0.35427234,-0.021716956,0.31694445,0
1777316825714000,1777316825650000,197388,0.35885864,-0.017409729,0.32001993,0
1777316825718000,1777316825718000,197388,0.3704568,-0.015484712,0.31939125,0
1777316825850000,1777316825786000,197388,0.3605002,-0.014447422,0.31751043,0
1777316825854000,1777316825854000,197388,0.3586713,-0.007948653,0.3196207,0
1777316825986000,1777316825922000,197388,0.359386,-0.013992697,0.31467584,0
1777316825990000,1777316825990000,197388,0.3643463,-0.009409791,0.31049785,0
1777316826122000,1777316826058000,197388,0.3589854,-0.01421483,0.31623843,0
1777316826126000,1777316826126000,197388,0.36522472,-0.02077643,0.32270512,0
1777316826258000,1777316826194000,197388,0.3602297,-0.014941597,0.31799218,0
1777316826262000,1777316826262000,197388,0.36001754,-0.0070464187,0.31803665,0
1777316826394000,1777316826330000,197388,0.35761037,-0.012543166,0.32034174,0
1777316826398000,1777316826398000,197388,0.3511548,-0.01546406,0.32038558,0
