timestamp,previous.timestamp,previous.lat,previous.lon,previous.vx,previous.vy,previous.vz,previous.alt,previous.yaw,previous.yawspeed,previous.loiter_radius,previous.acceptance_radius,previous.cruising_speed,previous.cruising_throttle,previous.valid,previous.type,previous.yaw_valid,previous.yawspeed_valid,previous.loiter_direction_counter_clockwise,previous.gliding_enabled,previous.disable_weather_vane,previous._padding0,current.timestamp,current.lat,current.lon,current.vx,current.vy,current.vz,current.alt,current.yaw,current.yawspeed,current.loiter_radius,current.acceptance_radius,current.cruising_speed,current.cruising_throttle,current.valid,current.type,current.yaw_valid,current.yawspeed_valid,current.loiter_direction_counter_clockwise,current.gliding_enabled,current.disable_weather_vane,current._padding0,next.timestamp,next.lat,next.lon,next.vx,next.vy,next.vz,next.alt,next.yaw,next.yawspeed,next.loiter_radius,next.acceptance_radius,next.cruising_speed,next.cruising_throttle,next.valid,next.type,next.yaw_valid,next.yawspeed_valid,next.loiter_direction_counter_clockwise,next.gliding_enabled,next.disable_weather_vane,next._padding0
1777316741450000,1777316741450000,nan,nan,0.0,0.0,0.0,0.0,0.0,0.0,80.0,2.0,-1.0,nan,0,5,0,0,0,0,0,0,1777316741450000,nan,nan,0.0,0.0,0.0,0.0,0.0,0.0,80.0,2.0,-1.0,nan,0,5,0,0,0,0,0,0,1777316741450000,nan,nan,0.0,0.0,0.0,0.0,0.0,0.0,80.0,2.0,-1.0,nan,0,5,0,0,0,0,0,0
1777316741866000,1777316741866000,nan,nan,0.0,0.0,0.0,0.0,0.0,0.0,80.0,2.0,-1.0,nan,0,5,0,0,0,0,0,0,1777316741866000,nan,nan,0.0,0.0,0.0,0.0,0.0,0.0,80.0,2.0,-1.0,nan,0,5,0,0,0,0,0,0,1777316741866000,nan,nan,0.0,0.0,0.0,0.0,0.0,0.0,80.0,2.0,-1.0,nan,0,5,0,0,0,0,0,0
1777316741870000,1777316741870000,nan,nan,0.0,0.0,0.0,0.0,0.0,0.0,80.0,2.0,-1.0,nan,0,5,0,0,0,0,0,0,1777316741870000,nan,nan,0.0,0.0,0.0,0.0,0.0,0.0,80.0,2.0,-1.0,nan,0,5,0,0,0,0,0,0,1777316741870000,nan,nan,0.0,0.0,0.0,0.0,0.0,0.0,80.0,2.0,-1.0,nan,0,5,0,0,0,0,0,0
1777316742022000,1777316742022000,nan,nan,0.0,0.0,0.0,0.0,0.0,0.0,80.0,2.0,-1.0,nan,0,5,0,0,0,0,0,0,1777316742022000,nan,nan,0.0,0.0,0.0,0.0,0.0,0.0,80.0,2.0,-1.0,nan,0,5,0,0,0,0,0,0,1777316742022000,nan,nan,0.0,0.0,0.0,0.0,0.0,0.0,80.0,2.0,-1.0,nan,0,5,0,0,0,0,0,0
1777316742270000,1777316742270000,nan,nan,0.0,0.0,0.0,0.0,0.0,0.0,80.0,2.0,-1.0,nan,0,5,0,0,0,0,0,0,1777316742270000,nan,nan,0.0,0.0,0.0,0.0,0.0,0.0,80.0,2.0,-1.0,nan,0,5,0,0,0,0,0,0,1777316742270000,nan,nan,0.0,0.0,0.0,0.0,0.0,0.0,80.0,2.0,-1.0,nan,0,5,0,0,0,0,0,0
1777316742422000,1777316742422000,nan,nan,0.0,0.0,0.0,0.0,0.0,0.0,80.0,2.0,-1.0,nan,0,5,0,0,0,0,0,0,1777316742422000,nan,nan,0.0,0.0,0.0,0.0,0.0,0.0,80.0,2.0,-1.0,nan,0,5,0,0,0,0,0,0,1777316742422000,nan,nan,0.0,0.0,0.0,0.0,0.0,0.0,80.0,2.0,-1.0,nan,0,5,0,0,0,0,0,0
1777316742622000,1777316742622000,nan,nan,0.0,0.0,0.0,0.0,0.0,0.0,80.0,2.0,-1.0,nan,0,5,0,0,0,0,0,0,1777316742622000,nan,nan,0.0,0.0,0.0,0.0,0.0,0.0,80.0,2.0,-1.0,nan,0,5,0,0,0,0,0,0,1777316742622000,nan,nan,0.0,0.0,0.0,0.0,0.0,0.0,80.0,2.0,-1.0,nan,0,5,0,0,0,0,0,0
1777316742822000,1777316742822000,nan,nan,0.0,0.0,0.0,0.0,0.0,0.0,80.0,2.0,-1.0,nan,0,5,0,0,0,0,0,0,1777316742822000,nan,nan,0.0,0.0,0.0,0.0,0.0,0.0,80.0,2.0,-1.0,nan,0,5,0,0,0,0,0,0,1777316742822000,nan,nan,0.0,0.0,0.0,0.0,0.0,0.0,80.0,2.0,-1.0,nan,0,5,0,0,0,0,0,0
1777316743030000,1777316743030000,nan,nan,0.0,0.0,0.0,0.0,0.0,0.0,80.0,2.0,-1.0,nan,0,5,0,0,0,0,0,0,1777316743030000,nan,nan,0.0,0.0,0.0,0.0,0.0,0.0,80.0,2.0,-1.0,nan,0,5,0,0,0,0,0,0,1777316743030000,nan,nan,0.0,0.0,0.0,0.0,0.0,0.0,80.0,2.0,-1.0,nan,0,5,0,0,0,0,0,0
1777316743230000,1777316743230000,nan,nan,0.0,0.0,0.0,0.0,0.0,0.0,80.0,2.0,-1.0,nan,0,5,0,0,0,0,0,0,1777316743230000,nan,nan,0.0,0.0,0.0,0.0,0.0,0.0,80.0,2.0,-1.0,nan,0,5,0,0,0,0,0,0,1777316743230000,nan,nan,0.0,0.0,0.0,0.0,0.0,0.0,80.0,2.0,-1.0,nan,0,5,0,0,0,0,0,0
1777316743430000,1777316743430000,nan,nan,0.0,0.0,0.0,0.0,0.0,0.0,80.0,2.0,-1.0,nan,0,5,0,0,0,0,0,0,1777316743430000,nan,nan,0.0,0.0,0.0,0.0,0.0,0.0,80.0,2.0,-1.0,nan,0,5,0,0,0,0,0,0,1777316743430000,nan,nan,0.0,0.0,0.0,0.0,0.0,0.0,80.0,2.0,-1.0,nan,0,5,0,0,0,0,0,0
1777316743630000,1777316743630000,nan,nan,0.0,0.0,0.0,0.0,0.0,0.0,80.0,2.0,-1.0,nan,0,5,0,0,0,0,0,0,1777316743630000,nan,nan,0.0,0.0,0.0,0.0,0.0,0.0,80.0,2.0,-1.0,nan,0,5,0,0,0,0,0,0,1777316743630000,nan,nan,0.0,0.0,0.0,0.0,0.0,0.0,80.0,2.0,-1.0,nan,0,5,0,0,0,0,0,0
1777316743830000,1777316743830000,nan,nan,0.0,0.0,0.0,0.0,0.0,0.0,80.0,2.0,-1.0,nan,0,5,0,0,0,0,0,0,1777316743830000,nan,nan,0.0,0.0,0.0,0.0,0.0,0.0,80.0,2.0,-1.0,nan,0,5,0,0,0,0,0,0,1777316743830000,nan,nan,0.0,0.0,0.0,0.0,0.0,0.0,80.0,2.0,-1.0,nan,0,5,0,0,0,0,0,0
1777316744038000,1777316744038000,nan,nan,0.0,0.0,0.0,0.0,0.0,0.0,80.0,2.0,-1.0,nan,0,5,0,0,0,0,0,0,1777316744038000,nan,nan,0.0,0.0,0.0,0.0,0.0,0.0,80.0,2.0,-1.0,nan,0,5,0,0,0,0,0,0,1777316744038000,nan,nan,0.0,0.0,0.0,0.0,0.0,0.0,80.0,2.0,-1.0,nan,0,5,0,0,0,0,0,0
1777316744238000,1777316744238000,nan,nan,0.0,0.0,0.0,0.0,0.0,0.0,80.0,2.0,-1.0,nan,0,5,0,0,0,0,0,0,1777316744238000,nan,nan,0.0,0.0,0.0,0.0,0.0,0.0,80.0,2.0,-1.0,nan,0,5,0,0,0,0,0,0,1777316744238000,nan,nan,0.0,0.0,0.0,0.0,0.0,0.0,80.0,2.0,-1.0,nan,0,5,0,0,0,0,0,0
1777316744438000,1777316744438000,nan,nan,0.0,0.0,0.0,0.0,0.0,0.0,80.0,2.0,-1.0,nan,0,5,0,0,0,0,0,0,1777316744438000,nan,nan,0.0,0.0,0.0,0.0,0.0,0.0,80.0,2.0,-1.0,nan,0,5,0,0,0,0,0,0,1777316744438000,nan,nan,0.0,0.0,0.0,0.0,0.0,0.0,80.0,2.0,-1.0,nan,0,5,0,0,0,0,0,0
1777316744638000,1777316744638000,nan,nan,0.0,0.0,0.0,0.0,0.0,0.0,80.0,2.0,-1.0,nan,0,5,0,0,0,0,0,0,1777316744638000,nan,nan,0.0,0.0,0.0,0.0,0.0,0.0,80.0,2.0,-1.0,nan,0,5,0,0,0,0,0,0,1777316744638000,nan,nan,0.0,0.0,0.0,0.0,0.0,0.0,80.0,2.0,-1.0,nan,0,5,0,0,0,0,0,0
1777316744838000,1777316744838000,nan,nan,0.0,0.0,0.0,0.0,0.0,0.0,80.0,2.0,-1.0,nan,0,5,0,0,0,0,0,0,1777316744838000,nan,nan,0.0,0.0,0.0,0.0,0.0,0.0,80.0,2.0,-1.0,nan,0,5,0,0,0,0,0,0,1777316744838000,nan,nan,0.0,0.0,0.0,0.0,0.0,0.0,80.0,2.0,-1.0,nan,0,5,0,0,0,0,0,0
1777316745046000,1777316745046000,nan,nan,0.0,0.0,0.0,0.0,0.0,0.0,80.0,2.0,-1.0,nan,0,5,0,0,0,0,0,0,1777316745046000,nan,nan,0.0,0.0,0.0,0.0,0.0,0.0,80.0,2.0,-1.0,nan,0,5,0,0,0,0,0,0,1777316745046000,nan,nan,0.0,0.0,0.0,0.0,0.0,0.0,80.0,2.0,-1.0,nan,0,5,0,0,0,0,0,0
1777316745246000,1777316745246000,nan,nan,0.0,0.0,0.0,0.0,0.0,0.0,80.0,2.0,-1.0,nan,0,5,0,0,0,0,0,0,1777316745246000,nan,nan,0.0,0.0,0.0,0.0,0.0,0.0,80.0,2.0,-1.0,nan,0,5,0,0,0,0,0,0,1777316745246000,nan,nan,0.0,0.0,0.0,0.0,0.0,0.0,80.0,2.0,-1.0,nan,0,5,0,0,0,0,0,0
1777316745446000,1777316745446000,nan,nan,0.0,0.0,0.0,0.0,0.0,0.0,80.0,2.0,-1.0,nan,0,5,0,0,0,0,0,0,1777316745446000,nan,nan,0.0,0.0,0.0,0.0,0.0,0.0,80.0,2.0,-1.0,nan,0,5,0,0,0,0,0,0,1777316745446000,nan,nan,0.0,0.0,0.0,0.0,0.0,0.0,80.0,2.0,-1.0,nan,0,5,0,0,0,0,0,0
1777316745646000,1777316745646000,nan,nan,0.0,0.0,0.0,0.0,0.0,0.0,80.0,2.0,-1.0,nan,0,5,0,0,0,0,0,0,1777316745646000,nan,nan,0.0,0.0,0.0,0.0,0.0,0.0,80.0,2.0,-1.0,nan,0,5,0,0,0,0,0,0,1777316745646000,nan,nan,0.0,0.0,0.0,0.0,0.0,0.0,80.0,2.0,-1.0,nan,0,5,0,0,0,0,0,0
1777316745846000,1777316745846000,nan,nan,0.0,0.0,0.0,0.0,0.0,0.0,80.0,2.0,-1.0,nan,0,5,0,0,0,0,0,0,1777316745846000,nan,nan,0.0,0.0,0.0,0.0,0.0,0.0,80.0,2.0,-1.0,nan,0,5,0,0,0,0,0,0,1777316745846000,nan,nan,0.0,0.0,0.0,0.0,0.0,0.0,80.0,2.0,-1.0,nan,0,5,0,0,0,0,0,0
1777316746054000,1777316746054000,nan,nan,0.0,0.0,0.0,0.0,0.0,0.0,80.0,2.0,-1.0,nan,0,5,0,0,0,0,0,0,1777316746054000,nan,nan,0.0,0.0,0.0,0.0,0.0,0.0,80.0,2.0,-1.0,nan,0,5,0,0,0,0,0,0,1777316746054000,nan,nan,0.0,0.0,0.0,0.0,0.0,0.0,80.0,2.0,-1.0,nan,0,5,0,0,0,0,0,0
1777316746254000,1777316746254000,nan,nan,0.0,0.0,0.0,0.0,0.0,0.0,80.0,2.0,-1.0,nan,0,5,0,0,0,0,0,0,1777316746254000,nan,nan,0.0,0.0,0.0,0.0,0.0,0.0,80.0,2.0,-1.0,nan,0,5,0,0,0,0,0,0,1777316746254000,nan,nan,0.0,0.0,0.0,0.0,0.0,0.0,80.0,2.0,-1.0,nan,0,5,0,0,0,0,0,0
1777316746454000,1777316746454000,nan,nan,0.0,0.0,0.0,0.0,0.0,0.0,80.0,2.0,-1.0,nan,0,5,0,0,0,0,0,0,1777316746454000,nan,nan,0.0,0.0,0.0,0.0,0.0,0.0,80.0,2.0,-1.0,nan,0,5,0,0,0,0,0,0,1777316746454000,nan,nan,0.0,0.0,0.0,0.0,0.0,0.0,80.0,2.0,-1.0,nan,0,5,0,0,0,0,0,0
1777316746654000,1777316746654000,nan,nan,0.0,0.0,0.0,0.0,0.0,0.0,80.0,2.0,-1.0,nan,0,5,0,0,0,0,0,0,1777316746654000,nan,nan,0.0,0.0,0.0,0.0,0.0,0.0,80.0,2.0,-1.0,nan,0,5,0,0,0,0,0,0,1777316746654000,nan,nan,0.0,0.0,0.0,0.0,0.0,0.0,80.0,2.0,-1.0,nan,0,5,0,0,0,0,0,0
1777316746854000,1777316746854000,nan,nan,0.0,0.0,0.0,0.0,0.0,0.0,80.0,2.0,-1.0,nan,0,5,0,0,0,0,0,0,1777316746854000,nan,nan,0.0,0.0,0.0,0.0,0.0,0.0,80.0,2.0,-1.0,nan,0,5,0,0,0,0,0,0,1777316746854000,nan,nan,0.0,0.0,0.0,0.0,0.0,0.0,80.0,2.0,-1.0,nan,0,5,0,0,0,0,0,0
1777316747062000,1777316747062000,nan,nan,0.0,0.0,0.0,0.0,0.0,0.0,80.0,2.0,-1.0,nan,0,5,0,0,0,0,0,0,1777316747062000,nan,nan,0.0,0.0,0.0,0.0,0.0,0.0,80.0,2.0,-1.0,nan,0,5,0,0,0,0,0,0,1777316747062000,nan,nan,0.0,0.0,0.0,0.0,0.0,0.0,80.0,2.0,-1.0,nan,0,5,0,0,0,0,0,0
1777316747262000,1777316747262000,nan,nan,0.0,0.0,0.0,0.0,0.0,0.0,80.0,2.0,-1.0,nan,0,5,0,0,0,0,0,0,1777316747262000,nan,nan,0.0,0.0,0.0,0.0,0.0,0.0,80.0,2.0,-1.0,nan,0,5,0,0,0,0,0,0,1777316747262000,nan,nan,0.0,0.0,0.0,0.0,0.0,0.0,80.0,2.0,-1.0,nan,0,5,0,0,0,0,0,0
1777316747462000,1777316747462000,nan,nan,0.0,0.0,0.0,0.0,0.0,0.0,80.0,2.0,-1.0,nan,0,5,0,0,0,0,0,0,1777316747462000,nan,nan,0.0,0.0,0.0,0.0,0.0,0.0,80.0,2.0,-1.0,nan,0,5,0,0,0,0,0,0,1777316747462000,nan,nan,0.0,0.0,0.0,0.0,0.0,0.0,80.0,2.0,-1.0,nan,0,5,0,0,0,0,0,0
1777316747662000,1777316747662000,nan,nan,0.0,0.0,0.0,0.0,0.0,0.0,80.0,2.0,-1.0,nan,0,5,0,0,0,0,0,0,1777316747662000,nan,nan,0.0,0.0,0.0,0.0,0.0,0.0,80.0,2.0,-1.0,nan,0,5,0,0,0,0,0,0,1777316747662000,nan,nan,0.0,0.0,0.0,0.0,0.0,0.0,80.0,2.0,-1.0,nan,0,5,0,0,0,0,0,0
1777316747862000,1777316747862000,nan,nan,0.0,0.0,0.0,0.0,0.0,0.0,80.0,2.0,-1.0,nan,0,5,0,0,0,0,0,0,1777316747862000,nan,nan,0.0,0.0,0.0,0.0,0.0,0.0,80.0,2.0,-1.0,nan,0,5,0,0,0,0,0,0,1777316747862000,nan,nan,0.0,0.0,0.0,0.0,0.0,0.0,80.0,2.0,-1.0,nan,0,5,0,0,0,0,0,0
1777316748014000,1777316748014000,nan,nan,0.0,0.0,0.0,0.0,0.0,0.0,80.0,2.0,-1.0,nan,0,5,0,0,0,0,0,0,1777316748014000,nan,nan,0.0,0.0,0.0,0.0,0.0,0.0,80.0,2.0,-1.0,nan,0,5,0,0,0,0,0,0,1777316748014000,nan,nan,0.0,0.0,0.0,0.0,0.0,0.0,80.0,2.0,-1.0,nan,0,5,0,0,0,0,0,0
1777316748214000,1777316748214000,nan,nan,0.0,0.0,0.0,0.0,0.0,0.0,80.0,2.0,-1.0,nan,0,5,0,0,0,0,0,0,1777316748214000,nan,nan,0.0,0.0,0.0,0.0,0.0,0.0,80.0,2.0,-1.0,nan,0,5,0,0,0,0,0,0,1777316748214000,nan,nan,0.0,0.0,0.0,0.0,0.0,0.0,80.0,2.0,-1.0,nan,0,5,0,0,0,0,0,0
1777316748418000,1777316748418000,nan,nan,0.0,0.0,0.0,0.0,0.0,0.0,80.0,2.0,-1.0,nan,0,5,0,0,0,0,0,0,1777316748418000,nan,nan,0.0,0.0,0.0,0.0,0.0,0.0,80.0,2.0,-1.0,nan,0,5,0,0,0,0,0,0,1777316748418000,nan,nan,0.0,0.0,0.0,0.0,0.0,0.0,80.0,2.0,-1.0,nan,0,5,0,0,0,0,0,0
1777316748622000,1777316748622000,nan,nan,0.0,0.0,0.0,0.0,0.0,0.0,80.0,2.0,-1.0,nan,0,5,0,0,0,0,0,0,1777316748622000,nan,nan,0.0,0.0,0.0,0.0,0.0,0.0,80.0,2.0,-1.0,nan,0,5,0,0,0,0,0,0,1777316748622000,nan,nan,0.0,0.0,0.0,0.0,0.0,0.0,80.0,2.0,-1.0,nan,0,5,0,0,0,0,0,0
1777316748822000,1777316748822000,nan,nan,0.0,0.0,0.0,0.0,0.0,0.0,80.0,2.0,-1.0,nan,0,5,0,0,0,0,0,0,1777316748822000,nan,nan,0.0,0.0,0.0,0.0,0.0,0.0,80.0,2.0,-1.0,nan,0,5,0,0,0,0,0,0,1777316748822000,nan,nan,0.0,0.0,0.0,0.0,0.0,0.0,80.0,2.0,-1.0,nan,0,5,0,0,0,0,0,0
1777316749022000,1777316749022000,nan,nan,0.0,0.0,0.0,0.0,0.0,0.0,80.0,2.0,-1.0,nan,0,5,0,0,0,0,0,0,1777316749022000,nan,nan,0.0,0.0,0.0,0.0,0.0,0.0,80.0,2.0,-1.0,nan,0,5,0,0,0,0,0,0,1777316749022000,nan,nan,0.0,0.0,0.0,0.0,0.0,0.0,80.0,2.0,-1.0,nan,0,5,0,0,0,0,0,0
1777316749222000,1777316749222000,nan,nan,0.0,0.0,0.0,0.0,0.0,0.0,80.0,2.0,-1.0,nan,0,5,0,0,0,0,0,0,1777316749222000,nan,nan,0.0,0.0,0.0,0.0,0.0,0.0,80.0,2.0,-1.0,nan,0,5,0,0,0,0,0,0,1777316749222000,nan,nan,0.0,0.0,0.0,0.0,0.0,0.0,80.0,2.0,-1.0,nan,0,5,0,0,0,0,0,0
1777316749426000,1777316749426000,nan,nan,0.0,0.0,0.0,0.0,0.0,0.0,80.0,2.0,-1.0,nan,0,5,0,0,0,0,0,0,1777316749426000,nan,nan,0.0,0.0,0.0,0.0,0.0,0.0,80.0,2.0,-1.0,nan,0,5,0,0,0,0,0,0,1777316749426000,nan,nan,0.0,0.0,0.0,0.0,0.0,0.0,80.0,2.0,-1.0,nan,0,5,0,0,0,0,0,0
1777316749630000,1777316749630000,nan,nan,0.0,0.0,0.0,0.0,0.0,0.0,80.0,2.0,-1.0,nan,0,5,0,0,0,0,0,0,1777316749630000,nan,nan,0.0,0.0,0.0,0.0,0.0,0.0,80.0,2.0,-1.0,nan,0,5,0,0,0,0,0,0,1777316749630000,nan,nan,0.0,0.0,0.0,0.0,0.0,0.0,80.0,2.0,-1.0,nan,0,5,0,0,0,0,0,0
1777316749830000,1777316749830000,nan,nan,0.0,0.0,0.0,0.0,0.0,0.0,80.0,2.0,-1.0,nan,0,5,0,0,0,0,0,0,1777316749830000,nan,nan,0.0,0.0,0.0,0.0,0.0,0.0,80.0,2.0,-1.0,nan,0,5,0,0,0,0,0,0,1777316749830000,nan,nan,0.0,0.0,0.0,0.0,0.0,0.0,80.0,2.0,-1.0,nan,0,5,0,0,0,0,0,0
1777316750030000,1777316750030000,nan,nan,0.0,0.0,0.0,0.0,0.0,0.0,80.0,2.0,-1.0,nan,0,5,0,0,0,0,0,0,1777316750030000,nan,nan,0.0,0.0,0.0,0.0,0.0,0.0,80.0,2.0,-1.0,nan,0,5,0,0,0,0,0,0,1777316750030000,nan,nan,0.0,0.0,0.0,0.0,0.0,0.0,80.0,2.0,-1.0,nan,0,5,0,0,0,0,0,0
1777316750230000,1777316750230000,nan,nan,0.0,0.0,0.0,0.0,0.0,0.0,80.0,2.0,-1.0,nan,0,5,0,0,0,0,0,0,1777316750230000,nan,nan,0.0,0.0,0.0,0.0,0.0,0.0,80.0,2.0,-1.0,nan,0,5,0,0,0,0,0,0,1777316750230000,nan,nan,0.0,0.0,0.0,0.0,0.0,0.0,80.0,2.0,-1.0,nan,0,5,0,0,0,0,0,0
1777316750434000,1777316750434000,nan,nan,0.0,0.0,0.0,0.0,0.0,0.0,80.0,2.0,-1.0,nan,0,5,0,0,0,0,0,0,1777316750434000,nan,nan,0.0,0.0,0.0,0.0,0.0,0.0,80.0,2.0,-1.0,nan,0,5,0,0,0,0,0,0,1777316750434000,nan,nan,0.0,0.0,0.0,0.0,0.0,0.0,80.0,2.0,-1.0,nan,0,5,0,0,0,0,0,0
1777316750638000,1777316750638000,nan,nan,0.0,0.0,0.0,0.0,0.0,0.0,80.0,2.0,-1.0,nan,0,5,0,0,0,0,0,0,1777316750638000,nan,nan,0.0,0.0,0.0,0.0,0.0,0.0,80.0,2.0,-1.0,nan,0,5,0,0,0,0,0,0,1777316750638000,nan,nan,0.0,0.0,0.0,0.0,0.0,0.0,80.0,2.0,-1.0,nan,0,5,0,0,0,0,0,0
1777316750838000,1777316750838000,nan,nan,0.0,0.0,0.0,0.0,0.0,0.0,80.0,2.0,-1.0,nan,0,5,0,0,0,0,0,0,1777316750838000,nan,nan,0.0,0.0,0.0,0.0,0.0,0.0,80.0,2.0,-1.0,nan,0,5,0,0,0,0,0,0,1777316750838000,nan,nan,0.0,0.0,0.0,0.0,0.0,0.0,80.0,2.0,-1.0,nan,0,5,0,0,0,0,0,0
1777316751038000,1777316751038000,nan,nan,0.0,0.0,0.0,0.0,0.0,0.0,80.0,2.0,-1.0,nan,0,5,0,0,0,0,0,0,1777316751038000,nan,nan,0.0,0.0,0.0,0.0,0.0,0.0,80.0,2.0,-1.0,nan,0,5,0,0,0,0,0,0,1777316751038000,nan,nan,0.0,0.0,0.0,0.0,0.0,0.0,80.0,2.0,-1.0,nan,0,5,0,0,0,0,0,0
1777316751238000,1777316751238000,nan,nan,0.0,0.0,0.0,0.0,0.0,0.0,80.0,2.0,-1.0,nan,0,5,0,0,0,0,0,0,1777316751238000,nan,nan,0.0,0.0,0.0,0.0,0.0,0.0,80.0,2.0,-1.0,nan,0,5,0,0,0,0,0,0,1777316751238000,nan,nan,0.0,0.0,0.0,0.0,0.0,0.0,80.0,2.0,-1.0,nan,0,5,0,0,0,0,0,0
1777316751442000,1777316751442000,nan,nan,0.0,0.0,0.0,0.0,0.0,0.0,80.0,2.0,-1.0,nan,0,5,0,0,0,0,0,0,1777316751442000,nan,nan,0.0,0.0,0.0,0.0,0.0,0.0,80.0,2.0,-1.0,nan,0,5,0,0,0,0,0,0,1777316751442000,nan,nan,0.0,0.0,0.0,0.0,0.0,0.0,80.0,2.0,-1.0,nan,0,5,0,0,0,0,0,0
1777316751646000,1777316751646000,nan,nan,0.0,0.0,0.0,0.0,0.0,0.0,80.0,2.0,-1.0,nan,0,5,0,0,0,0,0,0,1777316751646000,nan,nan,0.0,0.0,0.0,0.0,0.0,0.0,80.0,2.0,-1.0,nan,0,5,0,0,0,0,0,0,1777316751646000,nan,nan,0.0,0.0,0.0,0.0,0.0,0.0,80.0,2.0,-1.0,nan,0,5,0,0,0,0,0,0
1777316751846000,1777316751846000,nan,nan,0.0,0.0,0.0,0.0,0.0,0.0,80.0,2.0,-1.0,nan,0,5,0,0,0,0,0,0,1777316751846000,nan,nan,0.0,0.0,0.0,0.0,0.0,0.0,80.0,2.0,-1.0,nan,0,5,0,0,0,0,0,0,1777316751846000,nan,nan,0.0,0.0,0.0,0.0,0.0,0.0,80.0,2.0,-1.0,nan,0,5,0,0,0,0,0,0
1777316752046000,1777316752046000,nan,nan,0.0,0.0,0.0,0.0,0.0,0.0,80.0,2.0,-1.0,nan,0,5,0,0,0,0,0,0,1777316752046000,nan,nan,0.0,0.0,0.0,0.0,0.0,0.0,80.0,2.0,-1.0,nan,0,5,0,0,0,0,0,0,1777316752046000,nan,nan,0.0,0.0,0.0,0.0,0.0,0.0,80.0,2.0,-1.0,nan,0,5,0,0,0,0,0,0
1777316752246000,1777316752246000,nan,nan,0.0,0.0,0.0,0.0,0.0,0.0,80.0,2.0,-1.0,nan,0,5,0,0,0,0,0,0,1777316752246000,nan,nan,0.0,0.0,0.0,0.0,0.0,0.0,80.0,2.0,-1.0,nan,0,5,0,0,0,0,0,0,1777316752246000,nan,nan,0.0,0.0,0.0,0.0,0.0,0.0,80.0,2.0,-1.0,nan,0,5,0,0,0,0,0,0
1777316752450000,1777316752450000,nan,nan,0.0,0.0,0.0,0.0,0.0,0.0,80.0,2.0,-1.0,nan,0,5,0,0,0,0,0,0,1777316752450000,nan,nan,0.0,0.0,0.0,0.0,0.0,0.0,80.0,2.0,-1.0,nan,0,5,0,0,0,0,0,0,1777316752450000,nan,nan,0.0,0.0,0.0,0.0,0.0,0.0,80.0,2.0,-1.0,nan,0,5,0,0,0,0,0,0
1777316752654000,1777316752654000,nan,nan,0.0,0.0,0.0,0.0,0.0,0.0,80.0,2.0,-1.0,nan,0,5,0,0,0,0,0,0,1777316752654000,nan,nan,0.0,0.0,0.0,0.0,0.0,0.0,80.0,2.0,-1.0,nan,0,5,0,0,0,0,0,0,1777316752654000,nan,nan,0.0,0.0,0.0,0.0,0.0,0.0,80.0,2.0,-1.0,nan,0,5,0,0,0,0,0,0
1777316752854000,1777316752854000,nan,nan,0.0,0.0,0.0,0.0,0.0,0.0,80.0,2.0,-1.0,nan,0,5,0,0,0,0,0,0,1777316752854000,nan,nan,0.0,0.0,0.0,0.0,0.0,0.0,80.0,2.0,-1.0,nan,0,5,0,0,0,0,0,0,1777316752854000,nan,nan,0.0,0.0,0.0,0.0,0.0,0.0,80.0,2.0,-1.0,nan,0,5,0,0,0,0,0,0
1777316753054000,1777316753054000,nan,nan,0.0,0.0,0.0,0.0,0.0,0.0,80.0,2.0,-1.0,nan,0,5,0,0,0,0,0,0,1777316753054000,nan,nan,0.0,0.0,0.0,0.0,0.0,0.0,80.0,2.0,-1.0,nan,0,5,0,0,0,0,0,0,1777316753054000,nan,nan,0.0,0.0,0.0,0.0,0.0,0.0,80.0,2.0,-1.0,nan,0,5,0,0,0,0,0,0
1777316753254000,1777316753254000,nan,nan,0.0,0.0,0.0,0.0,0.0,0.0,80.0,2.0,-1.0,nan,0,5,0,0,0,0,0,0,1777316753254000,nan,nan,0.0,0.0,0.0,0.0,0.0,0.0,80.0,2.0,-1.0,nan,0,5,0,0,0,0,0,0,1777316753254000,nan,nan,0.0,0.0,0.0,0.0,0.0,0.0,80.0,2.0,-1.0,nan,0,5,0,0,0,0,0,0
1777316753458000,1777316753458000,nan,nan,0.0,0.0,0.0,0.0,0.0,0.0,80.0,2.0,-1.0,nan,0,5,0,0,0,0,0,0,1777316753458000,nan,nan,0.0,0.0,0.0,0.0,0.0,0.0,80.0,2.0,-1.0,nan,0,5,0,0,0,0,0,0,1777316753458000,nan,nan,0.0,0.0,0.0,0.0,0.0,0.0,80.0,2.0,-1.0,nan,0,5,0,0,0,0,0,0
1777316753662000,1777316753662000,nan,nan,0.0,0.0,0.0,0.0,0.0,0.0,80.0,2.0,-1.0,nan,0,5,0,0,0,0,0,0,1777316753662000,nan,nan,0.0,0.0,0.0,0.0,0.0,0.0,80.0,2.0,-1.0,nan,0,5,0,0,0,0,0,0,1777316753662000,nan,nan,0.0,0.0,0.0,0.0,0.0,0.0,80.0,2.0,-1.0,nan,0,5,0,0,0,0,0,0
1777316753862000,1777316753862000,nan,nan,0.0,0.0,0.0,0.0,0.0,0.0,80.0,2.0,-1.0,nan,0,5,0,0,0,0,0,0,1777316753862000,nan,nan,0.0,0.0,0.0,0.0,0.0,0.0,80.0,2.0,-1.0,nan,0,5,0,0,0,0,0,0,1777316753862000,nan,nan,0.0,0.0,0.0,0.0,0.0,0.0,80.0,2.0,-1.0,nan,0,5,0,0,0,0,0,0
1777316754062000,1777316754062000,nan,nan,0.0,0.0,0.0,0.0,0.0,0.0,80.0,2.0,-1.0,nan,0,5,0,0,0,0,0,0,1777316754062000,nan,nan,0.0,0.0,0.0,0.0,0.0,0.0,80.0,2.0,-1.0,nan,0,5,0,0,0,0,0,0,1777316754062000,nan,nan,0.0,0.0,0.0,0.0,0.0,0.0,80.0,2.0,-1.0,nan,0,5,0,0,0,0,0,0
1777316754262000,1777316754262000,nan,nan,0.0,0.0,0.0,0.0,0.0,0.0,80.0,2.0,-1.0,nan,0,5,0,0,0,0,0,0,1777316754262000,nan,nan,0.0,0.0,0.0,0.0,0.0,0.0,80.0,2.0,-1.0,nan,0,5,0,0,0,0,0,0,1777316754262000,nan,nan,0.0,0.0,0.0,0.0,0.0,0.0,80.0,2.0,-1.0,nan,0,5,0,0,0,0,0,0
1777316754466000,1777316754466000,nan,nan,0.0,0.0,0.0,0.0,0.0,0.0,80.0,2.0,-1.0,nan,0,5,0,0,0,0,0,0,1777316754466000,nan,nan,0.0,0.0,0.0,0.0,0.0,0.0,80.0,2.0,-1.0,nan,0,5,0,0,0,0,0,0,1777316754466000,nan,nan,0.0,0.0,0.0,0.0,0.0,0.0,80.0,2.0,-1.0,nan,0,5,0,0,0,0,0,0
1777316754622000,1777316754622000,nan,nan,0.0,0.0,0.0,0.0,0.0,0.0,80.0,2.0,-1.0,nan,0,5,0,0,0,0,0,0,1777316754622000,nan,nan,0.0,0.0,0.0,0.0,0.0,0.0,80.0,2.0,-1.0,nan,0,5,0,0,0,0,0,0,1777316754622000,nan,nan,0.0,0.0,0.0,0.0,0.0,0.0,80.0,2.0,-1.0,nan,0,5,0,0,0,0,0,0
1777316754822000,1777316754822000,nan,nan,0.0,0.0,0.0,0.0,0.0,0.0,80.0,2.0,-1.0,nan,0,5,0,0,0,0,0,0,1777316754822000,nan,nan,0.0,0.0,0.0,0.0,0.0,0.0,80.0,2.0,-1.0,nan,0,5,0,0,0,0,0,0,1777316754822000,nan,nan,0.0,0.0,0.0,0.0,0.0,0.0,80.0,2.0,-1.0,nan,0,5,0,0,0,0,0,0
1777316755070000,1777316755070000,nan,nan,0.0,0.0,0.0,0.0,0.0,0.0,80.0,2.0,-1.0,nan,0,5,0,0,0,0,0,0,1777316755070000,nan,nan,0.0,0.0,0.0,0.0,0.0,0.0,80.0,2.0,-1.0,nan,0,5,0,0,0,0,0,0,1777316755070000,nan,nan,0.0,0.0,0.0,0.0,0.0,0.0,80.0,2.0,-1.0,nan,0,5,0,0,0,0,0,0
1777316755222000,1777316755222000,nan,nan,0.0,0.0,0.0,0.0,0.0,0.0,80.0,2.0,-1.0,nan,0,5,0,0,0,0,0,0,1777316755222000,nan,nan,0.0,0.0,0.0,0.0,0.0,0.0,80.0,2.0,-1.0,nan,0,5,0,0,0,0,0,0,1777316755222000,nan,nan,0.0,0.0,0.0,0.0,0.0,0.0,80.0,2.0,-1.0,nan,0,5,0,0,0,0,0,0
1777316755470000,1777316755470000,nan,nan,0.0,0.0,0.0,0.0,0.0,0.0,80.0,2.0,-1.0,nan,0,5,0,0,0,0,0,0,1777316755470000,nan,nan,0.0,0.0,0.0,0.0,0.0,0.0,80.0,2.0,-1.0,nan,0,5,0,0,0,0,0,0,1777316755470000,nan,nan,0.0,0.0,0.0,0.0,0.0,0.0,80.0,2.0,-1.0,nan,0,5,0,0,0,0,0,0
1777316755630000,1777316755630000,nan,nan,0.0,0.0,0.0,0.0,0.0,0.0,80.0,2.0,-1.0,nan,0,5,0,0,0,0,0,0,1777316755630000,nan,nan,0.0,0.0,0.0,0.0,0.0,0.0,80.0,2.0,-1.0,nan,0,5,0,0,0,0,0,0,1777316755630000,nan,nan,0.0,0.0,0.0,0.0,0.0,0.0,80.0,2.0,-1.0,nan,0,5,0,0,0,0,0,0
1777316755830000,1777316755830000,nan,nan,0.0,0.0,0.0,0.0,0.0,0.0,80.0,2.0,-1.0,nan,0,5,0,0,0,0,0,0,1777316755830000,nan,nan,0.0,0.0,0.0,0.0,0.0,0.0,80.0,2.0,-1.0,nan,0,5,0,0,0,0,0,0,1777316755830000,nan,nan,0.0,0.0,0.0,0.0,0.0,0.0,80.0,2.0,-1.0,nan,0,5,0,0,0,0,0,0
1777316756030000,1777316756030000,nan,nan,0.0,0.0,0.0,0.0,0.0,0.0,80.0,2.0,-1.0,nan,0,5,0,0,0,0,0,0,1777316756030000,nan,nan,0.0,0.0,0.0,0.0,0.0,0.0,80.0,2.0,-1.0,nan,0,5,0,0,0,0,0,0,1777316756030000,nan,nan,0.0,0.0,0.0,0.0,0.0,0.0,80.0,2.0,-1.0,nan,0,5,0,0,0,0,0,0
1777316756230000,1777316756230000,nan,nan,0.0,0.0,0.0,0.0,0.0,0.0,80.0,2.0,-1.0,nan,0,5,0,0,0,0,0,0,1777316756230000,nan,nan,0.0,0.0,0.0,0.0,0.0,0.0,80.0,2.0,-1.0,nan,0,5,0,0,0,0,0,0,1777316756230000,nan,nan,0.0,0.0,0.0,0.0,0.0,0.0,80.0,2.0,-1.0,nan,0,5,0,0,0,0,0,0
1777316756430000,1777316756430000,nan,nan,0.0,0.0,0.0,0.0,0.0,0.0,80.0,2.0,-1.0,nan,0,5,0,0,0,0,0,0,1777316756430000,nan,nan,0.0,0.0,0.0,0.0,0.0,0.0,80.0,2.0,-1.0,nan,0,5,0,0,0,0,0,0,1777316756430000,nan,nan,0.0,0.0,0.0,0.0,0.0,0.0,80.0,2.0,-1.0,nan,0,5,0,0,0,0,0,0
1777316756638000,1777316756638000,nan,nan,0.0,0.0,0.0,0.0,0.0,0.0,80.0,2.0,-1.0,nan,0,5,0,0,0,0,0,0,1777316756638000,nan,nan,0.0,0.0,0.0,0.0,0.0,0.0,80.0,2.0,-1.0,nan,0,5,0,0,0,0,0,0,1777316756638000,nan,nan,0.0,0.0,0.0,0.0,0.0,0.0,80.0,2.0,-1.0,nan,0,5,0,0,0,0,0,0
1777316756838000,1777316756838000,nan,nan,0.0,0.0,0.0,0.0,0.0,0.0,80.0,2.0,-1.0,nan,0,5,0,0,0,0,0,0,1777316756838000,nan,nan,0.0,0.0,0.0,0.0,0.0,0.0,80.0,2.0,-1.0,nan,0,5,0,0,0,0,0,0,1777316756838000,nan,nan,0.0,0.0,0.0,0.0,0.0,0.0,80.0,2.0,-1.0,nan,0,5,0,0,0,0,0,0
1777316757030000,1777316757030000,nan,nan,0.0,0.0,0.0,0.0,0.0,0.0,80.0,2.0,-1.0,nan,0,5,0,0,0,0,0,0,1777316757030000,nan,nan,0.0,0.0,0.0,0.0,0.0,0.0,80.0,2.0,-1.0,nan,0,5,0,0,0,0,0,0,1777316757030000,nan,nan,0.0,0.0,0.0,0.0,0.0,0.0,80.0,2.0,-1.0,nan,0,5,0,0,0,0,0,0
1777316757230000,1777316757230000,nan,nan,0.0,0.0,0.0,0.0,0.0,0.0,80.0,2.0,-1.0,nan,0,5,0,0,0,0,0,0,1777316757230000,nan,nan,0.0,0.0,0.0,0.0,0.0,0.0,80.0,2.0,-1.0,nan,0,5,0,0,0,0,0,0,1777316757230000,nan,nan,0.0,0.0,0.0,0.0,0.0,0.0,80.0,2.0,-1.0,nan,0,5,0,0,0,0,0,0
1777316757430000,1777316757430000,nan,nan,0.0,0.0,0.0,0.0,0.0,0.0,80.0,2.0,-1.0,nan,0,5,0,0,0,0,0,0,1777316757430000,nan,nan,0.0,0.0,0.0,0.0,0.0,0.0,80.0,2.0,-1.0,nan,0,5,0,0,0,0,0,0,1777316757430000,nan,nan,0.0,0.0,0.0,0.0,0.0,0.0,80.0,2.0,-1.0,nan,0,5,0,0,0,0,0,0
1777316757630000,1777316757630000,nan,nan,0.0,0.0,0.0,0.0,0.0,0.0,80.0,2.0,-1.0,nan,0,5,0,0,0,0,0,0,1777316757630000,nan,nan,0.0,0.0,0.0,0.0,0.0,0.0,80.0,2.0,-1.0,nan,0,5,0,0,0,0,0,0,1777316757630000,nan,nan,0.0,0.0,0.0,0.0,0.0,0.0,80.0,2.0,-1.0,nan,0,5,0,0,0,0,0,0
1777316757830000,1777316757830000,nan,nan,0.0,0.0,0.0,0.0,0.0,0.0,80.0,2.0,-1.0,nan,0,5,0,0,0,0,0,0,1777316757830000,nan,nan,0.0,0.0,0.0,0.0,0.0,0.0,80.0,2.0,-1.0,nan,0,5,0,0,0,0,0,0,1777316757830000,nan,nan,0.0,0.0,0.0,0.0,0.0,0.0,80.0,2.0,-1.0,nan,0,5,0,0,0,0,0,0
1777316758038000,1777316758038000,nan,nan,0.0,0.0,0.0,0.0,0.0,0.0,80.0,2.0,-1.0,nan,0,5,0,0,0,0,0,0,1777316758038000,nan,nan,0.0,0.0,0.0,0.0,0.0,0.0,80.0,2.0,-1.0,nan,0,5,0,0,0,0,0,0,1777316758038000,nan,nan,0.0,0.0,0.0,0.0,0.0,0.0,80.0,2.0,-1.0,nan,0,5,0,0,0,0,0,0
1777316758238000,1777316758238000,nan,nan,0.0,0.0,0.0,0.0,0.0,0.0,80.0,2.0,-1.0,nan,0,5,0,0,0,0,0,0,1777316758238000,nan,nan,0.0,0.0,0.0,0.0,0.0,0.0,80.0,2.0,-1.0,nan,0,5,0,0,0,0,0,0,1777316758238000,nan,nan,0.0,0.0,0.0,0.0,0.0,0.0,80.0,2.0,-1.0,nan,0,5,0,0,0,0,0,0
1777316758438000,1777316758438000,nan,nan,0.0,0.0,0.0,0.0,0.0,0.0,80.0,2.0,-1.0,nan,0,5,0,0,0,0,0,0,1777316758438000,nan,nan,0.0,0.0,0.0,0.0,0.0,0.0,80.0,2.0,-1.0,nan,0,5,0,0,0,0,0,0,1777316758438000,nan,nan,0.0,0.0,0.0,0.0,0.0,0.0,80.0,2.0,-1.0,nan,0,5,0,0,0,0,0,0
1777316758638000,1777316758638000,nan,nan,0.0,0.0,0.0,0.0,0.0,0.0,80.0,2.0,-1.0,nan,0,5,0,0,0,0,0,0,1777316758638000,nan,nan,0.0,0.0,0.0,0.0,0.0,0.0,80.0,2.0,-1.0,nan,0,5,0,0,0,0,0,0,1777316758638000,nan,nan,0.0,0.0,0.0,0.0,0.0,0.0,80.0,2.0,-1.0,nan,0,5,0,0,0,0,0,0
1777316758838000,1777316758838000,nan,nan,0.0,0.0,0.0,0.0,0.0,0.0,80.0,2.0,-1.0,nan,0,5,0,0,0,0,0,0,1777316758838000,nan,nan,0.0,0.0,0.0,0.0,0.0,0.0,80.0,2.0,-1.0,nan,0,5,0,0,0,0,0,0,1777316758838000,nan,nan,0.0,0.0,0.0,0.0,0.0,0.0,80.0,2.0,-1.0,nan,0,5,0,0,0,0,0,0
1777316759046000,1777316759046000,nan,nan,0.0,0.0,0.0,0.0,0.0,0.0,80.0,2.0,-1.0,nan,0,5,0,0,0,0,0,0,1777316759046000,nan,nan,0.0,0.0,0.0,0.0,0.0,0.0,80.0,2.0,-1.0,nan,0,5,0,0,0,0,0,0,1777316759046000,nan,nan,0.0,0.0,0.0,0.0,0.0,0.0,80.0,2.0,-1.0,nan,0,5,0,0,0,0,0,0
1777316759246000,1777316759246000,nan,nan,0.0,0.0,0.0,0.0,0.0,0.0,80.0,2.0,-1.0,nan,0,5,0,0,0,0,0,0,1777316759246000,nan,nan,0.0,0.0,0.0,0.0,0.0,0.0,80.0,2.0,-1.0,nan,0,5,0,0,0,0,0,0,1777316759246000,nan,nan,0.0,0.0,0.0,0.0,0.0,0.0,80.0,2.0,-1.0,nan,0,5,0,0,0,0,0,0
1777316759446000,1777316759446000,nan,nan,0.0,0.0,0.0,0.0,0.0,0.0,80.0,2.0,-1.0,nan,0,5,0,0,0,0,0,0,1777316759446000,nan,nan,0.0,0.0,0.0,0.0,0.0,0.0,80.0,2.0,-1.0,nan,0,5,0,0,0,0,0,0,1777316759446000,nan,nan,0.0,0.0,0.0,0.0,0.0,0.0,80.0,2.0,-1.0,nan,0,5,0,0,0,0,0,0
1777316759646000,1777316759646000,nan,nan,0.0,0.0,0.0,0.0,0.0,0.0,80.0,2.0,-1.0,nan,0,5,0,0,0,0,0,0,1777316759646000,nan,nan,0.0,0.0,0.0,0.0,0.0,0.0,80.0,2.0,-1.0,nan,0,5,0,0,0,0,0,0,1777316759646000,nan,nan,0.0,0.0,0.0,0.0,0.0,0.0,80.0,2.0,-1.0,nan,0,5,0,0,0,0,0,0
1777316759846000,1777316759846000,nan,nan,0.0,0.0,0.0,0.0,0.0,0.0,80.0,2.0,-1.0,nan,0,5,0,0,0,0,0,0,1777316759846000,nan,nan,0.0,0.0,0.0,0.0,0.0,0.0,80.0,2.0,-1.0,nan,0,5,0,0,0,0,0,0,1777316759846000,nan,nan,0.0,0.0,0.0,0.0,0.0,0.0,80.0,2.0,-1.0,nan,0,5,0,0,0,0,0,0
1777316760054000,1777316760054000,nan,nan,0.0,0.0,0.0,0.0,0.0,0.0,80.0,2.0,-1.0,nan,0,5,0,0,0,0,0,0,1777316760054000,nan,nan,0.0,0.0,0.0,0.0,0.0,0.0,80.0,2.0,-1.0,nan,0,5,0,0,0,0,0,0,1777316760054000,nan,nan,0.0,0.0,0.0,0.0,0.0,0.0,80.0,2.0,-1.0,nan,0,5,0,0,0,0,0,0
1777316760254000,1777316760254000,nan,nan,0.0,0.0,0.0,0.0,0.0,0.0,80.0,2.0,-1.0,nan,0,5,0,0,0,0,0,0,1777316760254000,nan,nan,0.0,0.0,0.0,0.0,0.0,0.0,80.0,2.0,-1.0,nan,0,5,0,0,0,0,0,0,1777316760254000,nan,nan,0.0,0.0,0.0,0.0,0.0,0.0,80.0,2.0,-1.0,nan,0,5,0,0,0,0,0,0
1777316760454000,1777316760454000,nan,nan,0.0,0.0,0.0,0.0,0.0,0.0,80.0,2.0,-1.0,nan,0,5,0,0,0,0,0,0,1777316760454000,nan,nan,0.0,0.0,0.0,0.0,0.0,0.0,80.0,2.0,-1.0,nan,0,5,0,0,0,0,0,0,1777316760454000,nan,nan,0.0,0.0,0.0,0.0,0.0,0.0,80.0,2.0,-1.0,nan,0,5,0,0,0,0,0,0
1777316760654000,1777316760654000,nan,nan,0.0,0.0,0.0,0.0,0.0,0.0,80.0,2.0,-1.0,nan,0,5,0,0,0,0,0,0,1777316760654000,nan,nan,0.0,0.0,0.0,0.0,0.0,0.0,80.0,2.0,-1.0,nan,0,5,0,0,0,0,0,0,1777316760654000,nan,nan,0.0,0.0,0.0,0.0,0.0,0.0,80.0,2.0,-1.0,nan,0,5,0,0,0,0,0,0
1777316760854000,1777316760854000,nan,nan,0.0,0.0,0.0,0.0,0.0,0.0,80.0,2.0,-1.0,nan,0,5,0,0,0,0,0,0,1777316760854000,nan,nan,0.0,0.0,0.0,0.0,0.0,0.0,80.0,2.0,-1.0,nan,0,5,0,0,0,0,0,0,1777316760854000,nan,nan,0.0,0.0,0.0,0.0,0.0,0.0,80.0,2.0,-1.0,nan,0,5,0,0,0,0,0,0
1777316761062000,1777316761062000,nan,nan,0.0,0.0,0.0,0.0,0.0,0.0,80.0,2.0,-1.0,nan,0,5,0,0,0,0,0,0,1777316761062000,nan,nan,0.0,0.0,0.0,0.0,0.0,0.0,80.0,2.0,-1.0,nan,0,5,0,0,0,0,0,0,1777316761062000,nan,nan,0.0,0.0,0.0,0.0,0.0,0.0,80.0,2.0,-1.0,nan,0,5,0,0,0,0,0,0
1777316761262000,1777316761262000,nan,nan,0.0,0.0,0.0,0.0,0.0,0.0,80.0,2.0,-1.0,nan,0,5,0,0,0,0,0,0,1777316761262000,nan,nan,0.0,0.0,0.0,0.0,0.0,0.0,80.0,2.0,-1.0,nan,0,5,0,0,0,0,0,0,1777316761262000,nan,nan,0.0,0.0,0.0,0.0,0.0,0.0,80.0,2.0,-1.0,nan,0,5,0,0,0,0,0,0
1777316761466000,1777316761466000,nan,nan,0.0,0.0,0.0,0.0,0.0,0.0,80.0,2.0,-1.0,nan,0,5,0,0,0,0,0,0,1777316761466000,nan,nan,0.0,0.0,0.0,0.0,0.0,0.0,80.0,2.0,-1.0,nan,0,5,0,0,0,0,0,0,1777316761466000,nan,nan,0.0,0.0,0.0,0.0,0.0,0.0,80.0,2.0,-1.0,nan,0,5,0,0,0,0,0,0
1777316761662000,1777316761662000,nan,nan,0.0,0.0,0.0,0.0,0.0,0.0,80.0,2.0,-1.0,nan,0,5,0,0,0,0,0,0,1777316761662000,nan,nan,0.0,0.0,0.0,0.0,0.0,0.0,80.0,2.0,-1.0,nan,0,5,0,0,0,0,0,0,1777316761662000,nan,nan,0.0,0.0,0.0,0.0,0.0,0.0,80.0,2.0,-1.0,nan,0,5,0,0,0,0,0,0
1777316761862000,1777316761862000,nan,nan,0.0,0.0,0.0,0.0,0.0,0.0,80.0,2.0,-1.0,nan,0,5,0,0,0,0,0,0,1777316761862000,nan,nan,0.0,0.0,0.0,0.0,0.0,0.0,80.0,2.0,-1.0,nan,0,5,0,0,0,0,0,0,1777316761862000,nan,nan,0.0,0.0,0.0,0.0,0.0,0.0,80.0,2.0,-1.0,nan,0,5,0,0,0,0,0,0
1777316762070000,1777316762070000,nan,nan,0.0,0.0,0.0,0.0,0.0,0.0,80.0,2.0,-1.0,nan,0,5,0,0,0,0,0,0,1777316762070000,nan,nan,0.0,0.0,0.0,0.0,0.0,0.0,80.0,2.0,-1.0,nan,0,5,0,0,0,0,0,0,1777316762070000,nan,nan,0.0,0.0,0.0,0.0,0.0,0.0,80.0,2.0,-1.0,nan,0,5,0,0,0,0,0,0
1777316762222000,1777316762222000,nan,nan,0.0,0.0,0.0,0.0,0.0,0.0,80.0,2.0,-1.0,nan,0,5,0,0,0,0,0,0,1777316762222000,nan,nan,0.0,0.0,0.0,0.0,0.0,0.0,80.0,2.0,-1.0,nan,0,5,0,0,0,0,0,0,1777316762222000,nan,nan,0.0,0.0,0.0,0.0,0.0,0.0,80.0,2.0,-1.0,nan,0,5,0,0,0,0,0,0
1777316762422000,1777316762422000,nan,nan,0.0,0.0,0.0,0.0,0.0,0.0,80.0,2.0,-1.0,nan,0,5,0,0,0,0,0,0,1777316762422000,nan,nan,0.0,0.0,0.0,0.0,0.0,0.0,80.0,2.0,-1.0,nan,0,5,0,0,0,0,0,0,1777316762422000,nan,nan,0.0,0.0,0.0,0.0,0.0,0.0,80.0,2.0,-1.0,nan,0,5,0,0,0,0,0,0
1777316762622000,1777316762622000,nan,nan,0.0,0.0,0.0,0.0,0.0,0.0,80.0,2.0,-1.0,nan,0,5,0,0,0,0,0,0,1777316762622000,nan,nan,0.0,0.0,0.0,0.0,0.0,0.0,80.0,2.0,-1.0,nan,0,5,0,0,0,0,0,0,1777316762622000,nan,nan,0.0,0.0,0.0,0.0,0.0,0.0,80.0,2.0,-1.0,nan,0,5,0,0,0,0,0,0
1777316762822000,1777316762822000,nan,nan,0.0,0.0,0.0,0.0,0.0,0.0,80.0,2.0,-1.0,nan,0,5,0,0,0,0,0,0,1777316762822000,nan,nan,0.0,0.0,0.0,0.0,0.0,0.0,80.0,2.0,-1.0,nan,0,5,0,0,0,0,0,0,1777316762822000,nan,nan,0.0,0.0,0.0,0.0,0.0,0.0,80.0,2.0,-1.0,nan,0,5,0,0,0,0,0,0
1777316763030000,1777316763030000,nan,nan,0.0,0.0,0.0,0.0,0.0,0.0,80.0,2.0,-1.0,nan,0,5,0,0,0,0,0,0,1777316763030000,nan,nan,0.0,0.0,0.0,0.0,0.0,0.0,80.0,2.0,-1.0,nan,0,5,0,0,0,0,0,0,1777316763030000,nan,nan,0.0,0.0,0.0,0.0,0.0,0.0,80.0,2.0,-1.0,nan,0,5,0,0,0,0,0,0
1777316763230000,1777316763230000,nan,nan,0.0,0.0,0.0,0.0,0.0,0.0,80.0,2.0,-1.0,nan,0,5,0,0,0,0,0,0,1777316763230000,nan,nan,0.0,0.0,0.0,0.0,0.0,0.0,80.0,2.0,-1.0,nan,0,5,0,0,0,0,0,0,1777316763230000,nan,nan,0.0,0.0,0.0,0.0,0.0,0.0,80.0,2.0,-1.0,nan,0,5,0,0,0,0,0,0
1777316763430000,1777316763430000,nan,nan,0.0,0.0,0.0,0.0,0.0,0.0,80.0,2.0,-1.0,nan,0,5,0,0,0,0,0,0,1777316763430000,nan,nan,0.0,0.0,0.0,0.0,0.0,0.0,80.0,2.0,-1.0,nan,0,5,0,0,0,0,0,0,1777316763430000,nan,nan,0.0,0.0,0.0,0.0,0.0,0.0,80.0,2.0,-1.0,nan,0,5,0,0,0,0,0,0
1777316763634000,1777316763634000,nan,nan,0.0,0.0,0.0,0.0,0.0,0.0,80.0,2.0,-1.0,nan,0,5,0,0,0,0,0,0,1777316763634000,nan,nan,0.0,0.0,0.0,0.0,0.0,0.0,80.0,2.0,-1.0,nan,0,5,0,0,0,0,0,0,1777316763634000,nan,nan,0.0,0.0,0.0,0.0,0.0,0.0,80.0,2.0,-1.0,nan,0,5,0,0,0,0,0,0
1777316763830000,1777316763830000,nan,nan,0.0,0.0,0.0,0.0,0.0,0.0,80.0,2.0,-1.0,nan,0,5,0,0,0,0,0,0,1777316763830000,nan,nan,0.0,0.0,0.0,0.0,0.0,0.0,80.0,2.0,-1.0,nan,0,5,0,0,0,0,0,0,1777316763830000,nan,nan,0.0,0.0,0.0,0.0,0.0,0.0,80.0,2.0,-1.0,nan,0,5,0,0,0,0,0,0
1777316764038000,1777316764038000,nan,nan,0.0,0.0,0.0,0.0,0.0,0.0,80.0,2.0,-1.0,nan,0,5,0,0,0,0,0,0,1777316764038000,nan,nan,0.0,0.0,0.0,0.0,0.0,0.0,80.0,2.0,-1.0,nan,0,5,0,0,0,0,0,0,1777316764038000,nan,nan,0.0,0.0,0.0,0.0,0.0,0.0,80.0,2.0,-1.0,nan,0,5,0,0,0,0,0,0
1777316764238000,1777316764238000,nan,nan,0.0,0.0,0.0,0.0,0.0,0.0,80.0,2.0,-1.0,nan,0,5,0,0,0,0,0,0,1777316764238000,nan,nan,0.0,0.0,0.0,0.0,0.0,0.0,80.0,2.0,-1.0,nan,0,5,0,0,0,0,0,0,1777316764238000,nan,nan,0.0,0.0,0.0,0.0,0.0,0.0,80.0,2.0,-1.0,nan,0,5,0,0,0,0,0,0
1777316764438000,1777316764438000,nan,nan,0.0,0.0,0.0,0.0,0.0,0.0,80.0,2.0,-1.0,nan,0,5,0,0,0,0,0,0,1777316764438000,nan,nan,0.0,0.0,0.0,0.0,0.0,0.0,80.0,2.0,-1.0,nan,0,5,0,0,0,0,0,0,1777316764438000,nan,nan,0.0,0.0,0.0,0.0,0.0,0.0,80.0,2.0,-1.0,nan,0,5,0,0,0,0,0,0
1777316764638000,1777316764638000,nan,nan,0.0,0.0,0.0,0.0,0.0,0.0,80.0,2.0,-1.0,nan,0,5,0,0,0,0,0,0,1777316764638000,nan,nan,0.0,0.0,0.0,0.0,0.0,0.0,80.0,2.0,-1.0,nan,0,5,0,0,0,0,0,0,1777316764638000,nan,nan,0.0,0.0,0.0,0.0,0.0,0.0,80.0,2.0,-1.0,nan,0,5,0,0,0,0,0,0
1777316764838000,1777316764838000,nan,nan,0.0,0.0,0.0,0.0,0.0,0.0,80.0,2.0,-1.0,nan,0,5,0,0,0,0,0,0,1777316764838000,nan,nan,0.0,0.0,0.0,0.0,0.0,0.0,80.0,2.0,-1.0,nan,0,5,0,0,0,0,0,0,1777316764838000,nan,nan,0.0,0.0,0.0,0.0,0.0,0.0,80.0,2.0,-1.0,nan,0,5,0,0,0,0,0,0
1777316765046000,1777316765046000,nan,nan,0.0,0.0,0.0,0.0,0.0,0.0,80.0,2.0,-1.0,nan,0,5,0,0,0,0,0,0,1777316765046000,nan,nan,0.0,0.0,0.0,0.0,0.0,0.0,80.0,2.0,-1.0,nan,0,5,0,0,0,0,0,0,1777316765046000,nan,nan,0.0,0.0,0.0,0.0,0.0,0.0,80.0,2.0,-1.0,nan,0,5,0,0,0,0,0,0
1777316765246000,1777316765246000,nan,nan,0.0,0.0,0.0,0.0,0.0,0.0,80.0,2.0,-1.0,nan,0,5,0,0,0,0,0,0,1777316765246000,nan,nan,0.0,0.0,0.0,0.0,0.0,0.0,80.0,2.0,-1.0,nan,0,5,0,0,0,0,0,0,1777316765246000,nan,nan,0.0,0.0,0.0,0.0,0.0,0.0,80.0,2.0,-1.0,nan,0,5,0,0,0,0,0,0
1777316765446000,1777316765446000,nan,nan,0.0,0.0,0.0,0.0,0.0,0.0,80.0,2.0,-1.0,nan,0,5,0,0,0,0,0,0,1777316765446000,nan,nan,0.0,0.0,0.0,0.0,0.0,0.0,80.0,2.0,-1.0,nan,0,5,0,0,0,0,0,0,1777316765446000,nan,nan,0.0,0.0,0.0,0.0,0.0,0.0,80.0,2.0,-1.0,nan,0,5,0,0,0,0,0,0
1777316765646000,1777316765646000,nan,nan,0.0,0.0,0.0,0.0,0.0,0.0,80.0,2.0,-1.0,nan,0,5,0,0,0,0,0,0,1777316765646000,nan,nan,0.0,0.0,0.0,0.0,0.0,0.0,80.0,2.0,-1.0,nan,0,5,0,0,0,0,0,0,1777316765646000,nan,nan,0.0,0.0,0.0,0.0,0.0,0.0,80.0,2.0,-1.0,nan,0,5,0,0,0,0,0,0
1777316765846000,1777316765846000,nan,nan,0.0,0.0,0.0,0.0,0.0,0.0,80.0,2.0,-1.0,nan,0,5,0,0,0,0,0,0,1777316765846000,nan,nan,0.0,0.0,0.0,0.0,0.0,0.0,80.0,2.0,-1.0,nan,0,5,0,0,0,0,0,0,1777316765846000,nan,nan,0.0,0.0,0.0,0.0,0.0,0.0,80.0,2.0,-1.0,nan,0,5,0,0,0,0,0,0
1777316766054000,1777316766054000,nan,nan,0.0,0.0,0.0,0.0,0.0,0.0,80.0,2.0,-1.0,nan,0,5,0,0,0,0,0,0,1777316766054000,nan,nan,0.0,0.0,0.0,0.0,0.0,0.0,80.0,2.0,-1.0,nan,0,5,0,0,0,0,0,0,1777316766054000,nan,nan,0.0,0.0,0.0,0.0,0.0,0.0,80.0,2.0,-1.0,nan,0,5,0,0,0,0,0,0
1777316766258000,1777316766258000,nan,nan,0.0,0.0,0.0,0.0,0.0,0.0,80.0,2.0,-1.0,nan,0,5,0,0,0,0,0,0,1777316766258000,nan,nan,0.0,0.0,0.0,0.0,0.0,0.0,80.0,2.0,-1.0,nan,0,5,0,0,0,0,0,0,1777316766258000,nan,nan,0.0,0.0,0.0,0.0,0.0,0.0,80.0,2.0,-1.0,nan,0,5,0,0,0,0,0,0
1777316766454000,1777316766454000,nan,nan,0.0,0.0,0.0,0.0,0.0,0.0,80.0,2.0,-1.0,nan,0,5,0,0,0,0,0,0,1777316766454000,nan,nan,0.0,0.0,0.0,0.0,0.0,0.0,80.0,2.0,-1.0,nan,0,5,0,0,0,0,0,0,1777316766454000,nan,nan,0.0,0.0,0.0,0.0,0.0,0.0,80.0,2.0,-1.0,nan,0,5,0,0,0,0,0,0
1777316766654000,1777316766654000,nan,nan,0.0,0.0,0.0,0.0,0.0,0.0,80.0,2.0,-1.0,nan,0,5,0,0,0,0,0,0,1777316766654000,nan,nan,0.0,0.0,0.0,0.0,0.0,0.0,80.0,2.0,-1.0,nan,0,5,0,0,0,0,0,0,1777316766654000,nan,nan,0.0,0.0,0.0,0.0,0.0,0.0,80.0,2.0,-1.0,nan,0,5,0,0,0,0,0,0
1777316766854000,1777316766854000,nan,nan,0.0,0.0,0.0,0.0,0.0,0.0,80.0,2.0,-1.0,nan,0,5,0,0,0,0,0,0,1777316766854000,nan,nan,0.0,0.0,0.0,0.0,0.0,0.0,80.0,2.0,-1.0,nan,0,5,0,0,0,0,0,0,1777316766854000,nan,nan,0.0,0.0,0.0,0.0,0.0,0.0,80.0,2.0,-1.0,nan,0,5,0,0,0,0,0,0
1777316767062000,1777316767062000,nan,nan,0.0,0.0,0.0,0.0,0.0,0.0,80.0,2.0,-1.0,nan,0,5,0,0,0,0,0,0,1777316767062000,nan,nan,0.0,0.0,0.0,0.0,0.0,0.0,80.0,2.0,-1.0,nan,0,5,0,0,0,0,0,0,1777316767062000,nan,nan,0.0,0.0,0.0,0.0,0.0,0.0,80.0,2.0,-1.0,nan,0,5,0,0,0,0,0,0
1777316767262000,1777316767262000,nan,nan,0.0,0.0,0.0,0.0,0.0,0.0,80.0,2.0,-1.0,nan,0,5,0,0,0,0,0,0,1777316767262000,nan,nan,0.0,0.0,0.0,0.0,0.0,0.0,80.0,2.0,-1.0,nan,0,5,0,0,0,0,0,0,1777316767262000,nan,nan,0.0,0.0,0.0,0.0,0.0,0.0,80.0,2.0,-1.0,nan,0,5,0,0,0,0,0,0
1777316767462000,1777316767462000,nan,nan,0.0,0.0,0.0,0.0,0.0,0.0,80.0,2.0,-1.0,nan,0,5,0,0,0,0,0,0,1777316767462000,nan,nan,0.0,0.0,0.0,0.0,0.0,0.0,80.0,2.0,-1.0,nan,0,5,0,0,0,0,0,0,1777316767462000,nan,nan,0.0,0.0,0.0,0.0,0.0,0.0,80.0,2.0,-1.0,nan,0,5,0,0,0,0,0,0
1777316767662000,1777316767662000,nan,nan,0.0,0.0,0.0,0.0,0.0,0.0,80.0,2.0,-1.0,nan,0,5,0,0,0,0,0,0,1777316767662000,nan,nan,0.0,0.0,0.0,0.0,0.0,0.0,80.0,2.0,-1.0,nan,0,5,0,0,0,0,0,0,1777316767662000,nan,nan,0.0,0.0,0.0,0.0,0.0,0.0,80.0,2.0,-1.0,nan,0,5,0,0,0,0,0,0
1777316767862000,1777316767862000,nan,nan,0.0,0.0,0.0,0.0,0.0,0.0,80.0,2.0,-1.0,nan,0,5,0,0,0,0,0,0,1777316767862000,nan,nan,0.0,0.0,0.0,0.0,0.0,0.0,80.0,2.0,-1.0,nan,0,5,0,0,0,0,0,0,1777316767862000,nan,nan,0.0,0.0,0.0,0.0,0.0,0.0,80.0,2.0,-1.0,nan,0,5,0,0,0,0,0,0
1777316768062000,1777316768062000,nan,nan,0.0,0.0,0.0,0.0,0.0,0.0,80.0,2.0,-1.0,nan,0,5,0,0,0,0,0,0,1777316768062000,nan,nan,0.0,0.0,0.0,0.0,0.0,0.0,80.0,2.0,-1.0,nan,0,5,0,0,0,0,0,0,1777316768062000,nan,nan,0.0,0.0,0.0,0.0,0.0,0.0,80.0,2.0,-1.0,nan,0,5,0,0,0,0,0,0
1777316768262000,1777316768262000,nan,nan,0.0,0.0,0.0,0.0,0.0,0.0,80.0,2.0,-1.0,nan,0,5,0,0,0,0,0,0,1777316768262000,nan,nan,0.0,0.0,0.0,0.0,0.0,0.0,80.0,2.0,-1.0,nan,0,5,0,0,0,0,0,0,1777316768262000,nan,nan,0.0,0.0,0.0,0.0,0.0,0.0,80.0,2.0,-1.0,nan,0,5,0,0,0,0,0,0
1777316768470000,1777316768470000,nan,nan,0.0,0.0,0.0,0.0,0.0,0.0,80.0,2.0,-1.0,nan,0,5,0,0,0,0,0,0,1777316768470000,nan,nan,0.0,0.0,0.0,0.0,0.0,0.0,80.0,2.0,-1.0,nan,0,5,0,0,0,0,0,0,1777316768470000,nan,nan,0.0,0.0,0.0,0.0,0.0,0.0,80.0,2.0,-1.0,nan,0,5,0,0,0,0,0,0
1777316768622000,1777316768622000,nan,nan,0.0,0.0,0.0,0.0,0.0,0.0,80.0,2.0,-1.0,nan,0,5,0,0,0,0,0,0,1777316768622000,nan,nan,0.0,0.0,0.0,0.0,0.0,0.0,80.0,2.0,-1.0,nan,0,5,0,0,0,0,0,0,1777316768622000,nan,nan,0.0,0.0,0.0,0.0,0.0,0.0,80.0,2.0,-1.0,nan,0,5,0,0,0,0,0,0
1777316768822000,1777316768822000,nan,nan,0.0,0.0,0.0,0.0,0.0,0.0,80.0,2.0,-1.0,nan,0,5,0,0,0,0,0,0,1777316768822000,nan,nan,0.0,0.0,0.0,0.0,0.0,0.0,80.0,2.0,-1.0,nan,0,5,0,0,0,0,0,0,1777316768822000,nan,nan,0.0,0.0,0.0,0.0,0.0,0.0,80.0,2.0,-1.0,nan,0,5,0,0,0,0,0,0
1777316769022000,1777316769022000,nan,nan,0.0,0.0,0.0,0.0,0.0,0.0,80.0,2.0,-1.0,nan,0,5,0,0,0,0,0,0,1777316769022000,nan,nan,0.0,0.0,0.0,0.0,0.0,0.0,80.0,2.0,-1.0,nan,0,5,0,0,0,0,0,0,1777316769022000,nan,nan,0.0,0.0,0.0,0.0,0.0,0.0,80.0,2.0,-1.0,nan,0,5,0,0,0,0,0,0
1777316769222000,1777316769222000,nan,nan,0.0,0.0,0.0,0.0,0.0,0.0,80.0,2.0,-1.0,nan,0,5,0,0,0,0,0,0,1777316769222000,nan,nan,0.0,0.0,0.0,0.0,0.0,0.0,80.0,2.0,-1.0,nan,0,5,0,0,0,0,0,0,1777316769222000,nan,nan,0.0,0.0,0.0,0.0,0.0,0.0,80.0,2.0,-1.0,nan,0,5,0,0,0,0,0,0
1777316769470000,1777316769470000,nan,nan,0.0,0.0,0.0,0.0,0.0,0.0,80.0,2.0,-1.0,nan,0,5,0,0,0,0,0,0,1777316769470000,nan,nan,0.0,0.0,0.0,0.0,0.0,0.0,80.0,2.0,-1.0,nan,0,5,0,0,0,0,0,0,1777316769470000,nan,nan,0.0,0.0,0.0,0.0,0.0,0.0,80.0,2.0,-1.0,nan,0,5,0,0,0,0,0,0
1777316769630000,1777316769630000,nan,nan,0.0,0.0,0.0,0.0,0.0,0.0,80.0,2.0,-1.0,nan,0,5,0,0,0,0,0,0,1777316769630000,nan,nan,0.0,0.0,0.0,0.0,0.0,0.0,80.0,2.0,-1.0,nan,0,5,0,0,0,0,0,0,1777316769630000,nan,nan,0.0,0.0,0.0,0.0,0.0,0.0,80.0,2.0,-1.0,nan,0,5,0,0,0,0,0,0
1777316769830000,1777316769830000,nan,nan,0.0,0.0,0.0,0.0,0.0,0.0,80.0,2.0,-1.0,nan,0,5,0,0,0,0,0,0,1777316769830000,nan,nan,0.0,0.0,0.0,0.0,0.0,0.0,80.0,2.0,-1.0,nan,0,5,0,0,0,0,0,0,1777316769830000,nan,nan,0.0,0.0,0.0,0.0,0.0,0.0,80.0,2.0,-1.0,nan,0,5,0,0,0,0,0,0
1777316770030000,1777316770030000,nan,nan,0.0,0.0,0.0,0.0,0.0,0.0,80.0,2.0,-1.0,nan,0,5,0,0,0,0,0,0,1777316770030000,nan,nan,0.0,0.0,0.0,0.0,0.0,0.0,80.0,2.0,-1.0,nan,0,5,0,0,0,0,0,0,1777316770030000,nan,nan,0.0,0.0,0.0,0.0,0.0,0.0,80.0,2.0,-1.0,nan,0,5,0,0,0,0,0,0
1777316770230000,1777316770230000,nan,nan,0.0,0.0,0.0,0.0,0.0,0.0,80.0,2.0,-1.0,nan,0,5,0,0,0,0,0,0,1777316770230000,nan,nan,0.0,0.0,0.0,0.0,0.0,0.0,80.0,2.0,-1.0,nan,0,5,0,0,0,0,0,0,1777316770230000,nan,nan,0.0,0.0,0.0,0.0,0.0,0.0,80.0,2.0,-1.0,nan,0,5,0,0,0,0,0,0
1777316770430000,1777316770430000,nan,nan,0.0,0.0,0.0,0.0,0.0,0.0,80.0,2.0,-1.0,nan,0,5,0,0,0,0,0,0,1777316770430000,nan,nan,0.0,0.0,0.0,0.0,0.0,0.0,80.0,2.0,-1.0,nan,0,5,0,0,0,0,0,0,1777316770430000,nan,nan,0.0,0.0,0.0,0.0,0.0,0.0,80.0,2.0,-1.0,nan,0,5,0,0,0,0,0,0
1777316770638000,1777316770638000,nan,nan,0.0,0.0,0.0,0.0,0.0,0.0,80.0,2.0,-1.0,nan,0,5,0,0,0,0,0,0,1777316770638000,nan,nan,0.0,0.0,0.0,0.0,0.0,0.0,80.0,2.0,-1.0,nan,0,5,0,0,0,0,0,0,1777316770638000,nan,nan,0.0,0.0,0.0,0.0,0.0,0.0,80.0,2.0,-1.0,nan,0,5,0,0,0,0,0,0
1777316770858000,1777316770858000,nan,nan,0.0,0.0,0.0,0.0,0.0,0.0,80.0,2.0,-1.0,nan,0,5,0,0,0,0,0,0,1777316770858000,47.397741954292115,8.545594021532345,0.0,0.0,0.0,497.9929,0.016802765,0.0,80.0,2.0,-1.0,nan,1,3,1,0,0,0,0,0,1777316770858000,nan,nan,0.0,0.0,0.0,0.0,0.0,0.0,80.0,2.0,-1.0,nan,0,5,0,0,0,0,0,0
1777316782150000,1777316770858000,nan,nan,0.0,0.0,0.0,0.0,0.0,0.0,80.0,2.0,-1.0,nan,0,5,0,0,0,0,0,0,1777316782150000,47.397741954292115,8.545594021532345,0.0,0.0,0.0,497.9929,nan,0.0,80.0,2.0,-1.0,nan,1,2,0,0,0,0,0,0,1777316770858000,nan,nan,0.0,0.0,0.0,0.0,0.0,0.0,80.0,2.0,-1.0,nan,0,5,0,0,0,0,0,0
1777316782162000,1777316770858000,nan,nan,0.0,0.0,0.0,0.0,0.0,0.0,80.0,2.0,-1.0,nan,0,5,0,0,0,0,0,0,1777316782162000,47.39774211078723,8.545593836285814,0.0,0.0,0.0,497.2103,0.01541989,0.0,80.0,2.0,-1.0,nan,1,2,1,0,0,0,0,0,1777316770858000,nan,nan,0.0,0.0,0.0,0.0,0.0,0.0,80.0,2.0,-1.0,nan,0,5,0,0,0,0,0,0
1777316783602000,1777316770858000,47.39774208411205,8.54559395664429,0.0,0.0,0.0,497.41428,0.015706556,0.0,80.0,2.0,-1.0,nan,0,5,0,0,0,0,0,0,1777316783602000,47.398511799999994,8.545727399999999,0.0,0.0,0.0,497.44147,nan,0.0,0.0,2.0,-1.0,nan,1,2,0,0,0,0,0,0,1777316770858000,nan,nan,0.0,0.0,0.0,0.0,0.0,0.0,80.0,2.0,-1.0,nan,0,5,0,0,0,0,0,0
1777316786030000,1777316770858000,47.397787555579704,8.545601805811557,0.0,0.0,0.0,497.1854,0.112002045,0.0,80.0,2.0,-1.0,nan,0,5,0,0,0,0,0,0,1777316786030000,47.39769261683683,8.545586843345106,0.0,0.0,0.0,497.1854,0.112002045,0.0,80.0,2.0,-1.0,nan,1,2,1,0,0,0,0,0,1777316770858000,nan,nan,0.0,0.0,0.0,0.0,0.0,0.0,80.0,2.0,-1.0,nan,0,5,0,0,0,0,0,0
1777316792558000,1777316770858000,47.397722660274844,8.545591187919685,0.0,0.0,0.0,497.1828,0.1130759,0.0,80.0,2.0,-1.0,nan,0,5,0,0,0,0,0,0,1777316792558000,47.397817428425334,8.545609077506008,0.0,0.0,0.0,497.1828,0.1130759,0.0,80.0,2.0,-1.0,nan,1,2,1,0,0,0,0,0,1777316770858000,nan,nan,0.0,0.0,0.0,0.0,0.0,0.0,80.0,2.0,-1.0,nan,0,5,0,0,0,0,0,0
1777316796014000,1777316770858000,47.39778421279446,8.545601250971195,0.0,0.0,0.0,497.15775,0.11406177,0.0,80.0,2.0,-1.0,nan,0,5,0,0,0,0,0,0,1777316796014000,47.39768899638026,8.545584965565244,0.0,0.0,0.0,497.15775,0.11406177,0.0,80.0,2.0,-1.0,nan,1,2,1,0,0,0,0,0,1777316770858000,nan,nan,0.0,0.0,0.0,0.0,0.0,0.0,80.0,2.0,-1.0,nan,0,5,0,0,0,0,0,0
1777316800302000,1777316770858000,47.397719381085025,8.545590377058467,0.0,0.0,0.0,497.14105,0.11486269,0.0,80.0,2.0,-1.0,nan,0,5,0,0,0,0,0,0,1777316800302000,47.39781475585729,8.545606188051634,0.0,0.0,0.0,497.14105,0.11486269,0.0,80.0,2.0,-1.0,nan,1,2,1,0,0,0,0,0,1777316770858000,nan,nan,0.0,0.0,0.0,0.0,0.0,0.0,80.0,2.0,-1.0,nan,0,5,0,0,0,0,0,0
1777316804198000,1777316770858000,47.39777906371748,8.54559932147499,0.0,0.0,0.0,497.10995,0.115163,0.0,80.0,2.0,-1.0,nan,0,5,0,0,0,0,0,0,1777316804198000,47.39768376621481,8.545584194406148,0.0,0.0,0.0,497.10995,0.115163,0.0,80.0,2.0,-1.0,nan,1,2,1,0,0,0,0,0,1777316770858000,nan,nan,0.0,0.0,0.0,0.0,0.0,0.0,80.0,2.0,-1.0,nan,0,5,0,0,0,0,0,0
1777316808302000,1777316770858000,47.39772418960899,8.54559147289627,0.0,0.0,0.0,497.09204,0.1149012,0.0,80.0,2.0,-1.0,nan,0,5,0,0,0,0,0,0,1777316808302000,47.39781945661322,8.545606173517733,0.0,0.0,0.0,497.09204,0.1149012,0.0,80.0,2.0,-1.0,nan,1,2,1,0,0,0,0,0,1777316770858000,nan,nan,0.0,0.0,0.0,0.0,0.0,0.0,80.0,2.0,-1.0,nan,0,5,0,0,0,0,0,0
1777316812610000,1777316770858000,47.397781739723634,8.545599061775581,0.0,0.0,0.0,497.07635,0.11580352,0.0,80.0,2.0,-1.0,nan,0,5,0,0,0,0,0,0,1777316812610000,47.397686541821656,8.54558312202704,0.0,0.0,0.0,497.07635,0.11580352,0.0,80.0,2.0,-1.0,nan,1,2,1,0,0,0,0,0,1777316770858000,nan,nan,0.0,0.0,0.0,0.0,0.0,0.0,80.0,2.0,-1.0,nan,0,5,0,0,0,0,0,0
1777316816962000,1777316770858000,47.39771828633358,8.545589830857354,0.0,0.0,0.0,497.06378,0.11632072,0.0,80.0,2.0,-1.0,nan,0,5,0,0,0,0,0,0,1777316816962000,47.39781360543187,8.54560590141607,0.0,0.0,0.0,497.06378,0.11632072,0.0,80.0,2.0,-1.0,nan,1,2,1,0,0,0,0,0,1777316770858000,nan,nan,0.0,0.0,0.0,0.0,0.0,0.0,80.0,2.0,-1.0,nan,0,5,0,0,0,0,0,0
1777316821178000,1777316770858000,47.39778711921097,8.545601110695253,0.0,0.0,0.0,497.04837,0.11858284,0.0,80.0,2.0,-1.0,nan,0,5,0,0,0,0,0,0,1777316821178000,47.39769162119329,8.545586072809222,0.0,0.0,0.0,497.04837,0.11858284,0.0,80.0,2.0,-1.0,nan,1,2,1,0,0,0,0,0,1777316770858000,nan,nan,0.0,0.0,0.0,0.0,0.0,0.0,80.0,2.0,-1.0,nan,0,5,0,0,0,0,0,0
1777316824978000,1777316770858000,47.39772561903649,8.545593906595853,0.0,0.0,0.0,497.03195,0.11869474,0.0,80.0,2.0,-1.0,nan,0,5,0,0,0,0,0,0,1777316824978000,47.397820826189324,8.545610801637466,0.0,0.0,0.0,497.03195,0.11869474,0.0,80.0,2.0,-1.0,nan,1,2,1,0,0,0,0,0,1777316770858000,nan,nan,0.0,0.0,0.0,0.0,0.0,0.0,80.0,2.0,-1.0,nan,0,5,0,0,0,0,0,0
