timestamp,mode_req_angular_velocity,mode_req_attitude,mode_req_local_alt,mode_req_local_position,mode_req_local_position_relaxed,mode_req_global_position,mode_req_mission,mode_req_offboard_signal,mode_req_home_position,mode_req_wind_and_flight_time_compliance,mode_req_prevent_arming,mode_req_manual_control,mode_req_other,angular_velocity_invalid,attitude_invalid,local_altitude_invalid,local_position_invalid,local_position_invalid_relaxed,local_velocity_invalid,global_position_invalid,auto_mission_missing,offboard_control_signal_lost,home_position_invalid,manual_control_signal_lost,gcs_connection_lost,battery_warning,battery_low_remaining_time,battery_unhealthy,primary_geofence_breached,mission_failure,vtol_fixed_wing_system_failure,wind_limit_exceeded,flight_time_limit_exceeded,local_position_accuracy_low,fd_critical_failure,fd_esc_arming_failure,fd_imbalanced_prop,fd_motor_failure
1777320736901000,8311870,8310846,8261694,8257592,4,56,8,16384,32,2621464,3944480,33799,0,0,1,1,1,1,1,1,1,1,1,1,0,0,0,0,0,0,0,0,0,0,0,0,0,0
1777320737225000,8311870,8310846,8261694,8257592,4,56,8,16384,32,2621464,3944480,33799,0,0,1,1,1,1,1,1,1,1,1,1,0,0,0,0,0,0,0,0,0,0,0,0,0,0
1777320737549000,8311870,8310846,8261694,8257592,4,56,8,16384,32,2621464,3944480,33799,0,0,0,1,1,1,1,1,1,1,1,1,0,0,0,0,0,0,0,0,0,0,0,0,0,0
1777320737657000,8311870,8310846,8261694,8257592,4,56,8,16384,32,2621464,3944480,33799,0,0,0,0,1,1,1,1,1,1,1,1,0,0,0,0,0,0,0,0,0,0,0,0,0,0
1777320738197000,8311870,8310846,8261694,8257592,4,56,8,16384,32,2621464,3944480,33799,0,0,0,0,1,1,1,1,1,1,1,1,0,0,0,0,0,0,0,0,0,0,0,0,0,0
1777320738737000,8311870,8310846,8261694,8257592,4,56,8,16384,32,2621464,3944480,33799,0,0,0,0,1,1,1,1,1,1,1,1,0,0,0,0,0,0,0,0,0,0,0,0,0,0
1777320739277000,8311870,8310846,8261694,8257592,4,56,8,16384,32,2621464,3944480,33799,0,0,0,0,1,1,1,1,1,1,1,1,0,0,0,0,0,0,0,0,0,0,0,0,0,0
1777320739817000,8311870,8310846,8261694,8257592,4,56,8,16384,32,2621464,3944480,33799,0,0,0,0,1,1,1,1,1,1,1,1,0,0,0,0,0,0,0,0,0,0,0,0,0,0
1777320740357000,8311870,8310846,8261694,8257592,4,56,8,16384,32,2621464,3944480,33799,0,0,0,0,1,1,1,1,1,1,1,1,0,0,0,0,0,0,0,0,0,0,0,0,0,0
1777320740897000,8311870,8310846,8261694,8257592,4,56,8,16384,32,2621464,3944480,33799,0,0,0,0,1,1,1,1,1,1,1,1,0,0,0,0,0,0,0,0,0,0,0,0,0,0
1777320741437000,8311870,8310846,8261694,8257592,4,56,8,16384,32,2621464,3944480,33799,0,0,0,0,1,1,1,1,1,1,1,1,0,0,0,0,0,0,0,0,0,0,0,0,0,0
1777320741977000,8311870,8310846,8261694,8257592,4,56,8,16384,32,2621464,3944480,33799,0,0,0,0,1,1,1,1,1,1,1,1,0,0,0,0,0,0,0,0,0,0,0,0,0,0
1777320742517000,8311870,8310846,8261694,8257592,4,56,8,16384,32,2621464,3944480,33799,0,0,0,0,1,1,1,1,1,1,1,1,0,0,0,0,0,0,0,0,0,0,0,0,0,0
1777320743057000,8311870,8310846,8261694,8257592,4,56,8,16384,32,2621464,3944480,33799,0,0,0,0,1,1,1,1,1,1,1,1,0,0,0,0,0,0,0,0,0,0,0,0,0,0
1777320743597000,8311870,8310846,8261694,8257592,4,56,8,16384,32,2621464,3944480,33799,0,0,0,0,1,1,1,1,1,1,1,1,0,0,0,0,0,0,0,0,0,0,0,0,0,0
1777320744137000,8311870,8310846,8261694,8257592,4,56,8,16384,32,2621464,3944480,33799,0,0,0,0,1,1,1,1,1,1,1,1,0,0,0,0,0,0,0,0,0,0,0,0,0,0
1777320744677000,8311870,8310846,8261694,8257592,4,56,8,16384,32,2621464,3944480,33799,0,0,0,0,1,1,1,1,1,1,1,1,0,0,0,0,0,0,0,0,0,0,0,0,0,0
1777320745217000,8311870,8310846,8261694,8257592,4,56,8,16384,32,2621464,3944480,33799,0,0,0,0,1,1,1,1,1,1,1,1,0,0,0,0,0,0,0,0,0,0,0,0,0,0
1777320745541000,8311870,8310846,8261694,8257592,4,56,8,16384,32,2621464,3944480,33799,0,0,0,0,1,1,1,1,1,1,0,1,0,0,0,0,0,0,0,0,0,0,0,0,0,0
1777320746081000,8311870,8310846,8261694,8257592,4,56,8,16384,32,2621464,3944480,33799,0,0,0,0,1,1,1,1,1,1,0,1,0,0,0,0,0,0,0,0,0,0,0,0,0,0
1777320746297000,8311870,8310846,8261694,8257592,4,56,8,16384,32,2621464,3944480,33799,0,0,0,0,1,1,1,1,1,1,0,1,0,0,0,0,0,0,0,0,0,0,0,0,0,0
1777320746837000,8311870,8310846,8261694,8257592,4,56,8,16384,32,2621464,3944480,33799,0,0,0,0,1,1,1,1,1,1,0,1,0,0,0,0,0,0,0,0,0,0,0,0,0,0
1777320747377000,8311870,8310846,8261694,8257592,4,56,8,16384,32,2621464,3944480,33799,0,0,0,0,1,1,1,1,1,1,0,1,0,0,0,0,0,0,0,0,0,0,0,0,0,0
1777320747917000,8311870,8310846,8261694,8257592,4,56,8,16384,32,2621464,3944480,33799,0,0,0,0,1,1,1,1,1,1,0,1,0,0,0,0,0,0,0,0,0,0,0,0,0,0
1777320748457000,8311870,8310846,8261694,8257592,4,56,8,16384,32,2621464,3944480,33799,0,0,0,0,1,1,1,1,1,1,0,1,0,0,0,0,0,0,0,0,0,0,0,0,0,0
1777320748997000,8311870,8310846,8261694,8257592,4,56,8,16384,32,2621464,3944480,33799,0,0,0,0,1,1,1,1,1,1,0,1,0,0,0,0,0,0,0,0,0,0,0,0,0,0
1777320749537000,8311870,8310846,8261694,8257592,4,56,8,16384,32,2621464,3944480,33799,0,0,0,0,1,1,1,1,1,1,0,1,0,0,0,0,0,0,0,0,0,0,0,0,0,0
1777320750077000,8311870,8310846,8261694,8257592,4,56,8,16384,32,2621464,3944480,33799,0,0,0,0,1,1,1,1,1,1,0,1,0,0,0,0,0,0,0,0,0,0,0,0,0,0
1777320750617000,8311870,8310846,8261694,8257592,4,56,8,16384,32,2621464,3944480,33799,0,0,0,0,1,1,1,1,1,1,0,1,0,0,0,0,0,0,0,0,0,0,0,0,0,0
1777320751157000,8311870,8310846,8261694,8257592,4,56,8,16384,32,2621464,3944480,33799,0,0,0,0,1,1,1,1,1,1,0,1,0,0,0,0,0,0,0,0,0,0,0,0,0,0
1777320751265000,8311870,8310846,8261694,8257592,4,56,8,16384,32,2621464,3944480,33799,0,0,0,0,1,1,1,1,1,1,0,1,0,0,0,0,0,0,0,0,0,0,0,0,0,0
1777320751805000,8311870,8310846,8261694,8257592,4,56,8,16384,32,2621464,3944480,33799,0,0,0,0,1,1,1,1,1,1,0,1,0,0,0,0,0,0,0,0,0,0,0,0,0,0
1777320752237000,8311870,8310846,8261694,8257592,4,56,8,16384,32,2621464,3944480,33799,0,0,0,0,0,0,0,0,1,1,0,1,0,0,0,0,0,0,0,0,0,0,0,0,0,0
1777320752777000,8311870,8310846,8261694,8257592,4,56,8,16384,32,2621464,3944480,33799,0,0,0,0,0,0,0,0,1,1,0,1,0,0,0,0,0,0,0,0,0,0,0,0,0,0
1777320753317000,8311870,8310846,8261694,8257592,4,56,8,16384,32,2621464,3944480,33799,0,0,0,0,0,0,0,0,1,1,0,1,0,0,0,0,0,0,0,0,0,0,0,0,0,0
1777320753857000,8311870,8310846,8261694,8257592,4,56,8,16384,32,2621464,3944480,33799,0,0,0,0,0,0,0,0,1,1,0,1,0,0,0,0,0,0,0,0,0,0,0,0,0,0
1777320754397000,8311870,8310846,8261694,8257592,4,56,8,16384,32,2621464,3944480,33799,0,0,0,0,0,0,0,0,1,1,0,1,0,0,0,0,0,0,0,0,0,0,0,0,0,0
1777320754937000,8311870,8310846,8261694,8257592,4,56,8,16384,32,2621464,3944480,33799,0,0,0,0,0,0,0,0,1,1,0,1,0,0,0,0,0,0,0,0,0,0,0,0,0,0
1777320755477000,8311870,8310846,8261694,8257592,4,56,8,16384,32,2621464,3944480,33799,0,0,0,0,0,0,0,0,1,1,0,1,0,0,0,0,0,0,0,0,0,0,0,0,0,0
1777320756017000,8311870,8310846,8261694,8257592,4,56,8,16384,32,2621464,3944480,33799,0,0,0,0,0,0,0,0,1,1,0,1,0,0,0,0,0,0,0,0,0,0,0,0,0,0
1777320756557000,8311870,8310846,8261694,8257592,4,56,8,16384,32,2621464,3944480,33799,0,0,0,0,0,0,0,0,1,1,0,1,0,0,0,0,0,0,0,0,0,0,0,0,0,0
1777320757073000,8311870,8310846,8261694,8257592,4,56,8,16384,32,2621464,3944480,33799,0,0,0,0,0,0,0,0,1,1,0,1,0,0,0,0,0,0,0,0,0,0,0,0,0,0
1777320757613000,8311870,8310846,8261694,8257592,4,56,8,16384,32,2621464,3944480,33799,0,0,0,0,0,0,0,0,1,1,0,1,0,0,0,0,0,0,0,0,0,0,0,0,0,0
1777320758153000,8311870,8310846,8261694,8257592,4,56,8,16384,32,2621464,3944480,33799,0,0,0,0,0,0,0,0,1,1,0,1,0,0,0,0,0,0,0,0,0,0,0,0,0,0
1777320758693000,8311870,8310846,8261694,8257592,4,56,8,16384,32,2621464,3944480,33799,0,0,0,0,0,0,0,0,1,1,0,1,0,0,0,0,0,0,0,0,0,0,0,0,0,0
1777320759233000,8311870,8310846,8261694,8257592,4,56,8,16384,32,2621464,3944480,33799,0,0,0,0,0,0,0,0,1,1,0,1,0,0,0,0,0,0,0,0,0,0,0,0,0,0
1777320759773000,8311870,8310846,8261694,8257592,4,56,8,16384,32,2621464,3944480,33799,0,0,0,0,0,0,0,0,1,1,0,1,0,0,0,0,0,0,0,0,0,0,0,0,0,0
1777320760313000,8311870,8310846,8261694,8257592,4,56,8,16384,32,2621464,3944480,33799,0,0,0,0,0,0,0,0,1,1,0,1,0,0,0,0,0,0,0,0,0,0,0,0,0,0
1777320760853000,8311870,8310846,8261694,8257592,4,56,8,16384,32,2621464,3944480,33799,0,0,0,0,0,0,0,0,1,1,0,1,0,0,0,0,0,0,0,0,0,0,0,0,0,0
1777320761393000,8311870,8310846,8261694,8257592,4,56,8,16384,32,2621464,3944480,33799,0,0,0,0,0,0,0,0,1,1,0,1,0,0,0,0,0,0,0,0,0,0,0,0,0,0
1777320761933000,8311870,8310846,8261694,8257592,4,56,8,16384,32,2621464,3944480,33799,0,0,0,0,0,0,0,0,1,1,0,1,0,0,0,0,0,0,0,0,0,0,0,0,0,0
1777320762473000,8311870,8310846,8261694,8257592,4,56,8,16384,32,2621464,3944480,33799,0,0,0,0,0,0,0,0,1,1,0,1,0,0,0,0,0,0,0,0,0,0,0,0,0,0
1777320763013000,8311870,8310846,8261694,8257592,4,56,8,16384,32,2621464,3944480,33799,0,0,0,0,0,0,0,0,1,1,0,1,0,0,0,0,0,0,0,0,0,0,0,0,0,0
1777320763553000,8311870,8310846,8261694,8257592,4,56,8,16384,32,2621464,3944480,33799,0,0,0,0,0,0,0,0,1,1,0,1,0,0,0,0,0,0,0,0,0,0,0,0,0,0
1777320764093000,8311870,8310846,8261694,8257592,4,56,8,16384,32,2621464,3944480,33799,0,0,0,0,0,0,0,0,1,1,0,1,0,0,0,0,0,0,0,0,0,0,0,0,0,0
1777320764633000,8311870,8310846,8261694,8257592,4,56,8,16384,32,2621464,3944480,33799,0,0,0,0,0,0,0,0,1,1,0,1,0,0,0,0,0,0,0,0,0,0,0,0,0,0
1777320765173000,8311870,8310846,8261694,8257592,4,56,8,16384,32,2621464,3944480,33799,0,0,0,0,0,0,0,0,1,1,0,1,0,0,0,0,0,0,0,0,0,0,0,0,0,0
1777320765713000,8311870,8310846,8261694,8257592,4,56,8,16384,32,2621464,3944480,33799,0,0,0,0,0,0,0,0,1,1,0,1,0,0,0,0,0,0,0,0,0,0,0,0,0,0
1777320766253000,8311870,8310846,8261694,8257592,4,56,8,16384,32,2621464,3944480,33799,0,0,0,0,0,0,0,0,1,1,0,1,0,0,0,0,0,0,0,0,0,0,0,0,0,0
1777320766793000,8311870,8310846,8261694,8257592,4,56,8,16384,32,2621464,3944480,33799,0,0,0,0,0,0,0,0,1,1,0,1,0,0,0,0,0,0,0,0,0,0,0,0,0,0
1777320767333000,8311870,8310846,8261694,8257592,4,56,8,16384,32,2621464,3944480,33799,0,0,0,0,0,0,0,0,1,1,0,1,0,0,0,0,0,0,0,0,0,0,0,0,0,0
1777320767873000,8311870,8310846,8261694,8257592,4,56,8,16384,32,2621464,3944480,33799,0,0,0,0,0,0,0,0,1,1,0,1,0,0,0,0,0,0,0,0,0,0,0,0,0,0
1777320768377000,8311870,8310846,8261694,8257592,4,56,8,16384,32,2621464,3944480,33799,0,0,0,0,0,0,0,0,1,1,0,1,0,0,0,0,0,0,0,0,0,0,0,0,0,0
1777320768917000,8311870,8310846,8261694,8257592,4,56,8,16384,32,2621464,3944480,33799,0,0,0,0,0,0,0,0,1,1,0,1,0,0,0,0,0,0,0,0,0,0,0,0,0,0
1777320769457000,8311870,8310846,8261694,8257592,4,56,8,16384,32,2621464,3944480,33799,0,0,0,0,0,0,0,0,1,1,0,1,0,0,0,0,0,0,0,0,0,0,0,0,0,0
1777320769997000,8311870,8310846,8261694,8257592,4,56,8,16384,32,2621464,3944480,33799,0,0,0,0,0,0,0,0,1,1,0,1,0,0,0,0,0,0,0,0,0,0,0,0,0,0
1777320770537000,8311870,8310846,8261694,8257592,4,56,8,16384,32,2621464,3944480,33799,0,0,0,0,0,0,0,0,1,1,0,1,0,0,0,0,0,0,0,0,0,0,0,0,0,0
1777320771077000,8311870,8310846,8261694,8257592,4,56,8,16384,32,2621464,3944480,33799,0,0,0,0,0,0,0,0,1,1,0,1,0,0,0,0,0,0,0,0,0,0,0,0,0,0
1777320771617000,8311870,8310846,8261694,8257592,4,56,8,16384,32,2621464,3944480,33799,0,0,0,0,0,0,0,0,1,1,0,1,0,0,0,0,0,0,0,0,0,0,0,0,0,0
1777320772157000,8311870,8310846,8261694,8257592,4,56,8,16384,32,2621464,3944480,33799,0,0,0,0,0,0,0,0,1,1,0,1,0,0,0,0,0,0,0,0,0,0,0,0,0,0
1777320772589000,8311870,8310846,8261694,8257592,4,56,8,16384,32,2621464,3944480,33799,0,0,0,0,0,0,0,0,1,1,0,1,0,0,0,0,1,0,0,0,0,0,0,0,0,0
1777320773141000,8311870,8310846,8261694,8257592,4,56,8,16384,32,2621464,3944480,33799,0,0,0,0,0,0,0,0,1,1,0,1,0,0,0,0,1,0,0,0,0,0,0,0,0,0
1777320773681000,8311870,8310846,8261694,8257592,4,56,8,16384,32,2621464,3944480,33799,0,0,0,0,0,0,0,0,1,1,0,1,0,0,0,0,1,0,0,0,0,0,0,0,0,0
1777320774221000,8311870,8310846,8261694,8257592,4,56,8,16384,32,2621464,3944480,33799,0,0,0,0,0,0,0,0,1,1,0,1,0,0,0,0,1,0,0,0,0,0,0,0,0,0
1777320774761000,8311870,8310846,8261694,8257592,4,56,8,16384,32,2621464,3944480,33799,0,0,0,0,0,0,0,0,1,1,0,1,0,0,0,0,1,0,0,0,0,0,0,0,0,0
1777320775301000,8311870,8310846,8261694,8257592,4,56,8,16384,32,2621464,3944480,33799,0,0,0,0,0,0,0,0,1,1,0,1,0,0,0,0,1,0,0,0,0,0,0,0,0,0
1777320775841000,8311870,8310846,8261694,8257592,4,56,8,16384,32,2621464,3944480,33799,0,0,0,0,0,0,0,0,1,1,0,1,0,0,0,0,1,0,0,0,0,0,0,0,0,0
1777320776381000,8311870,8310846,8261694,8257592,4,56,8,16384,32,2621464,3944480,33799,0,0,0,0,0,0,0,0,1,1,0,1,0,0,0,0,1,0,0,0,0,0,0,0,0,0
1777320776921000,8311870,8310846,8261694,8257592,4,56,8,16384,32,2621464,3944480,33799,0,0,0,0,0,0,0,0,1,1,0,1,0,0,0,0,1,0,0,0,0,0,0,0,0,0
1777320777465000,8311870,8310846,8261694,8257592,4,56,8,16384,32,2621464,3944480,33799,0,0,0,0,0,0,0,0,1,1,0,1,0,0,0,0,1,0,0,0,0,0,0,0,0,0
1777320778005000,8311870,8310846,8261694,8257592,4,56,8,16384,32,2621464,3944480,33799,0,0,0,0,0,0,0,0,1,1,0,1,0,0,0,0,0,0,0,0,0,0,0,0,0,0
1777320778545000,8311870,8310846,8261694,8257592,4,56,8,16384,32,2621464,3944480,33799,0,0,0,0,0,0,0,0,1,1,0,1,0,0,0,0,0,0,0,0,0,0,0,0,0,0
1777320779085000,8311870,8310846,8261694,8257592,4,56,8,16384,32,2621464,3944480,33799,0,0,0,0,0,0,0,0,1,1,0,1,0,0,0,0,0,0,0,0,0,0,0,0,0,0
1777320779625000,8311870,8310846,8261694,8257592,4,56,8,16384,32,2621464,3944480,33799,0,0,0,0,0,0,0,0,1,1,0,1,0,0,0,0,1,0,0,0,0,0,0,0,0,0
1777320780165000,8311870,8310846,8261694,8257592,4,56,8,16384,32,2621464,3944480,33799,0,0,0,0,0,0,0,0,1,1,0,1,0,0,0,0,1,0,0,0,0,0,0,0,0,0
1777320780705000,8311870,8310846,8261694,8257592,4,56,8,16384,32,2621464,3944480,33799,0,0,0,0,0,0,0,0,1,1,0,1,0,0,0,0,1,0,0,0,0,0,0,0,0,0
1777320781245000,8311870,8310846,8261694,8257592,4,56,8,16384,32,2621464,3944480,33799,0,0,0,0,0,0,0,0,1,1,0,1,0,0,0,0,1,0,0,0,0,0,0,0,0,0
1777320781785000,8311870,8310846,8261694,8257592,4,56,8,16384,32,2621464,3944480,33799,0,0,0,0,0,0,0,0,1,1,0,1,0,0,0,0,1,0,0,0,0,0,0,0,0,0
1777320781893000,8311870,8310846,8261694,8257592,4,56,8,16384,32,2621464,3944480,33799,0,0,0,0,0,0,0,0,1,1,0,1,0,0,0,0,0,0,0,0,0,0,0,0,0,0
1777320782433000,8311870,8310846,8261694,8257592,4,56,8,16384,32,2621464,3944480,33799,0,0,0,0,0,0,0,0,1,1,0,1,0,0,0,0,0,0,0,0,0,0,0,0,0,0
1777320782973000,8311870,8310846,8261694,8257592,4,56,8,16384,32,2621464,3944480,33799,0,0,0,0,0,0,0,0,1,1,0,1,0,0,0,0,0,0,0,0,0,0,0,0,0,0
1777320783081000,8311870,8310846,8261694,8257592,4,56,8,16384,32,2621464,3944480,33799,0,0,0,0,0,0,0,0,1,1,0,1,0,0,0,0,1,0,0,0,0,0,0,0,0,0
1777320783621000,8311870,8310846,8261694,8257592,4,56,8,16384,32,2621464,3944480,33799,0,0,0,0,0,0,0,0,1,1,0,1,0,0,0,0,1,0,0,0,0,0,0,0,0,0
1777320784161000,8311870,8310846,8261694,8257592,4,56,8,16384,32,2621464,3944480,33799,0,0,0,0,0,0,0,0,1,1,0,1,0,0,0,0,1,0,0,0,0,0,0,0,0,0
1777320784701000,8311870,8310846,8261694,8257592,4,56,8,16384,32,2621464,3944480,33799,0,0,0,0,0,0,0,0,1,1,0,1,0,0,0,0,1,0,0,0,0,0,0,0,0,0
1777320785241000,8311870,8310846,8261694,8257592,4,56,8,16384,32,2621464,3944480,33799,0,0,0,0,0,0,0,0,1,1,0,1,0,0,0,0,1,0,0,0,0,0,0,0,0,0
1777320785781000,8311870,8310846,8261694,8257592,4,56,8,16384,32,2621464,3944480,33799,0,0,0,0,0,0,0,0,1,1,0,1,0,0,0,0,1,0,0,0,0,0,0,0,0,0
1777320786105000,8311870,8310846,8261694,8257592,4,56,8,16384,32,2621464,3944480,33799,0,0,0,0,0,0,0,0,1,1,0,1,0,0,0,0,0,0,0,0,0,0,0,0,0,0
1777320786645000,8311870,8310846,8261694,8257592,4,56,8,16384,32,2621464,3944480,33799,0,0,0,0,0,0,0,0,1,1,0,1,0,0,0,0,0,0,0,0,0,0,0,0,0,0
1777320787185000,8311870,8310846,8261694,8257592,4,56,8,16384,32,2621464,3944480,33799,0,0,0,0,0,0,0,0,1,1,0,1,0,0,0,0,0,0,0,0,0,0,0,0,0,0
1777320787293000,8311870,8310846,8261694,8257592,4,56,8,16384,32,2621464,3944480,33799,0,0,0,0,0,0,0,0,1,1,0,1,0,0,0,0,1,0,0,0,0,0,0,0,0,0
1777320787833000,8311870,8310846,8261694,8257592,4,56,8,16384,32,2621464,3944480,33799,0,0,0,0,0,0,0,0,1,1,0,1,0,0,0,0,1,0,0,0,0,0,0,0,0,0
1777320788373000,8311870,8310846,8261694,8257592,4,56,8,16384,32,2621464,3944480,33799,0,0,0,0,0,0,0,0,1,1,0,1,0,0,0,0,1,0,0,0,0,0,0,0,0,0
1777320788913000,8311870,8310846,8261694,8257592,4,56,8,16384,32,2621464,3944480,33799,0,0,0,0,0,0,0,0,1,1,0,1,0,0,0,0,1,0,0,0,0,0,0,0,0,0
1777320789453000,8311870,8310846,8261694,8257592,4,56,8,16384,32,2621464,3944480,33799,0,0,0,0,0,0,0,0,1,1,0,1,0,0,0,0,1,0,0,0,0,0,0,0,0,0
1777320789993000,8311870,8310846,8261694,8257592,4,56,8,16384,32,2621464,3944480,33799,0,0,0,0,0,0,0,0,1,1,0,1,0,0,0,0,1,0,0,0,0,0,0,0,0,0
1777320790425000,8311870,8310846,8261694,8257592,4,56,8,16384,32,2621464,3944480,33799,0,0,0,0,0,0,0,0,1,1,0,1,0,0,0,0,0,0,0,0,0,0,0,0,0,0
1777320790965000,8311870,8310846,8261694,8257592,4,56,8,16384,32,2621464,3944480,33799,0,0,0,0,0,0,0,0,1,1,0,1,0,0,0,0,0,0,0,0,0,0,0,0,0,0
1777320791505000,8311870,8310846,8261694,8257592,4,56,8,16384,32,2621464,3944480,33799,0,0,0,0,0,0,0,0,1,1,0,1,0,0,0,0,0,0,0,0,0,0,0,0,0,0
1777320791613000,8311870,8310846,8261694,8257592,4,56,8,16384,32,2621464,3944480,33799,0,0,0,0,0,0,0,0,1,1,0,1,0,0,0,0,1,0,0,0,0,0,0,0,0,0
1777320792153000,8311870,8310846,8261694,8257592,4,56,8,16384,32,2621464,3944480,33799,0,0,0,0,0,0,0,0,1,1,0,1,0,0,0,0,1,0,0,0,0,0,0,0,0,0
1777320792693000,8311870,8310846,8261694,8257592,4,56,8,16384,32,2621464,3944480,33799,0,0,0,0,0,0,0,0,1,1,0,1,0,0,0,0,1,0,0,0,0,0,0,0,0,0
1777320793233000,8311870,8310846,8261694,8257592,4,56,8,16384,32,2621464,3944480,33799,0,0,0,0,0,0,0,0,1,1,0,1,0,0,0,0,1,0,0,0,0,0,0,0,0,0
1777320793773000,8311870,8310846,8261694,8257592,4,56,8,16384,32,2621464,3944480,33799,0,0,0,0,0,0,0,0,1,1,0,1,0,0,0,0,1,0,0,0,0,0,0,0,0,0
1777320794313000,8311870,8310846,8261694,8257592,4,56,8,16384,32,2621464,3944480,33799,0,0,0,0,0,0,0,0,1,1,0,1,0,0,0,0,1,0,0,0,0,0,0,0,0,0
1777320794529000,8311870,8310846,8261694,8257592,4,56,8,16384,32,2621464,3944480,33799,0,0,0,0,0,0,0,0,1,1,0,1,0,0,0,0,0,0,0,0,0,0,0,0,0,0
1777320795069000,8311870,8310846,8261694,8257592,4,56,8,16384,32,2621464,3944480,33799,0,0,0,0,0,0,0,0,1,1,0,1,0,0,0,0,0,0,0,0,0,0,0,0,0,0
1777320795609000,8311870,8310846,8261694,8257592,4,56,8,16384,32,2621464,3944480,33799,0,0,0,0,0,0,0,0,1,1,0,1,0,0,0,0,0,0,0,0,0,0,0,0,0,0
1777320795717000,8311870,8310846,8261694,8257592,4,56,8,16384,32,2621464,3944480,33799,0,0,0,0,0,0,0,0,1,1,0,1,0,0,0,0,1,0,0,0,0,0,0,0,0,0
1777320796257000,8311870,8310846,8261694,8257592,4,56,8,16384,32,2621464,3944480,33799,0,0,0,0,0,0,0,0,1,1,0,1,0,0,0,0,1,0,0,0,0,0,0,0,0,0
1777320796797000,8311870,8310846,8261694,8257592,4,56,8,16384,32,2621464,3944480,33799,0,0,0,0,0,0,0,0,1,1,0,1,0,0,0,0,1,0,0,0,0,0,0,0,0,0
1777320797337000,8311870,8310846,8261694,8257592,4,56,8,16384,32,2621464,3944480,33799,0,0,0,0,0,0,0,0,1,1,0,1,0,0,0,0,1,0,0,0,0,0,0,0,0,0
1777320797877000,8311870,8310846,8261694,8257592,4,56,8,16384,32,2621464,3944480,33799,0,0,0,0,0,0,0,0,1,1,0,1,0,0,0,0,1,0,0,0,0,0,0,0,0,0
1777320798417000,8311870,8310846,8261694,8257592,4,56,8,16384,32,2621464,3944480,33799,0,0,0,0,0,0,0,0,1,1,0,1,0,0,0,0,1,0,0,0,0,0,0,0,0,0
1777320798633000,8311870,8310846,8261694,8257592,4,56,8,16384,32,2621464,3944480,33799,0,0,0,0,0,0,0,0,1,1,0,1,0,0,0,0,0,0,0,0,0,0,0,0,0,0
1777320799173000,8311870,8310846,8261694,8257592,4,56,8,16384,32,2621464,3944480,33799,0,0,0,0,0,0,0,0,1,1,0,1,0,0,0,0,0,0,0,0,0,0,0,0,0,0
1777320799713000,8311870,8310846,8261694,8257592,4,56,8,16384,32,2621464,3944480,33799,0,0,0,0,0,0,0,0,1,1,0,1,0,0,0,0,0,0,0,0,0,0,0,0,0,0
1777320799821000,8311870,8310846,8261694,8257592,4,56,8,16384,32,2621464,3944480,33799,0,0,0,0,0,0,0,0,1,1,0,1,0,0,0,0,1,0,0,0,0,0,0,0,0,0
1777320800361000,8311870,8310846,8261694,8257592,4,56,8,16384,32,2621464,3944480,33799,0,0,0,0,0,0,0,0,1,1,0,1,0,0,0,0,1,0,0,0,0,0,0,0,0,0
1777320800901000,8311870,8310846,8261694,8257592,4,56,8,16384,32,2621464,3944480,33799,0,0,0,0,0,0,0,0,1,1,0,1,0,0,0,0,1,0,0,0,0,0,0,0,0,0
1777320801441000,8311870,8310846,8261694,8257592,4,56,8,16384,32,2621464,3944480,33799,0,0,0,0,0,0,0,0,1,1,0,1,0,0,0,0,1,0,0,0,0,0,0,0,0,0
1777320801981000,8311870,8310846,8261694,8257592,4,56,8,16384,32,2621464,3944480,33799,0,0,0,0,0,0,0,0,1,1,0,1,0,0,0,0,1,0,0,0,0,0,0,0,0,0
1777320802521000,8311870,8310846,8261694,8257592,4,56,8,16384,32,2621464,3944480,33799,0,0,0,0,0,0,0,0,1,1,0,1,0,0,0,0,1,0,0,0,0,0,0,0,0,0
1777320802737000,8311870,8310846,8261694,8257592,4,56,8,16384,32,2621464,3944480,33799,0,0,0,0,0,0,0,0,1,1,0,1,0,0,0,0,0,0,0,0,0,0,0,0,0,0
1777320803277000,8311870,8310846,8261694,8257592,4,56,8,16384,32,2621464,3944480,33799,0,0,0,0,0,0,0,0,1,1,0,1,0,0,0,0,0,0,0,0,0,0,0,0,0,0
1777320803817000,8311870,8310846,8261694,8257592,4,56,8,16384,32,2621464,3944480,33799,0,0,0,0,0,0,0,0,1,1,0,1,0,0,0,0,0,0,0,0,0,0,0,0,0,0
1777320803925000,8311870,8310846,8261694,8257592,4,56,8,16384,32,2621464,3944480,33799,0,0,0,0,0,0,0,0,1,1,0,1,0,0,0,0,1,0,0,0,0,0,0,0,0,0
1777320804465000,8311870,8310846,8261694,8257592,4,56,8,16384,32,2621464,3944480,33799,0,0,0,0,0,0,0,0,1,1,0,1,0,0,0,0,1,0,0,0,0,0,0,0,0,0
1777320805005000,8311870,8310846,8261694,8257592,4,56,8,16384,32,2621464,3944480,33799,0,0,0,0,0,0,0,0,1,1,0,1,0,0,0,0,1,0,0,0,0,0,0,0,0,0
1777320805545000,8311870,8310846,8261694,8257592,4,56,8,16384,32,2621464,3944480,33799,0,0,0,0,0,0,0,0,1,1,0,1,0,0,0,0,1,0,0,0,0,0,0,0,0,0
1777320806085000,8311870,8310846,8261694,8257592,4,56,8,16384,32,2621464,3944480,33799,0,0,0,0,0,0,0,0,1,1,0,1,0,0,0,0,1,0,0,0,0,0,0,0,0,0
1777320806625000,8311870,8310846,8261694,8257592,4,56,8,16384,32,2621464,3944480,33799,0,0,0,0,0,0,0,0,1,1,0,1,0,0,0,0,1,0,0,0,0,0,0,0,0,0
1777320806841000,8311870,8310846,8261694,8257592,4,56,8,16384,32,2621464,3944480,33799,0,0,0,0,0,0,0,0,1,1,0,1,0,0,0,0,0,0,0,0,0,0,0,0,0,0
1777320807381000,8311870,8310846,8261694,8257592,4,56,8,16384,32,2621464,3944480,33799,0,0,0,0,0,0,0,0,1,1,0,1,0,0,0,0,0,0,0,0,0,0,0,0,0,0
1777320807921000,8311870,8310846,8261694,8257592,4,56,8,16384,32,2621464,3944480,33799,0,0,0,0,0,0,0,0,1,1,0,1,0,0,0,0,0,0,0,0,0,0,0,0,0,0
1777320808029000,8311870,8310846,8261694,8257592,4,56,8,16384,32,2621464,3944480,33799,0,0,0,0,0,0,0,0,1,1,0,1,0,0,0,0,1,0,0,0,0,0,0,0,0,0
