timestamp,id,event_sequence,arguments[0],arguments[1],arguments[2],arguments[3],arguments[4],arguments[5],arguments[6],arguments[7],arguments[8],arguments[9],arguments[10],arguments[11],arguments[12],arguments[13],arguments[14],arguments[15],arguments[16],arguments[17],arguments[18],arguments[19],arguments[20],arguments[21],arguments[22],arguments[23],arguments[24],log_levels
1777225786121000,27825120,43,0,0,0,16,0,128,0,0,0,176,58,127,128,176,58,127,128,0,0,0,0,0,0,0,0,136
1777225786121000,17154777,44,8,0,0,0,20,0,0,0,0,0,0,0,0,0,0,0,0,0,0,0,0,0,0,0,0,102
1777225786121000,19865031,45,0,64,0,0,20,0,0,0,0,0,0,0,0,0,0,0,0,0,0,0,0,0,0,0,0,51
1777225786121000,17231145,46,255,255,255,255,7,0,0,0,0,0,0,0,0,0,0,0,0,0,0,0,0,0,0,0,0,68
1777225786121000,18691879,47,0,10,25,2,56,0,0,0,0,0,0,0,0,0,0,0,0,0,0,0,0,0,0,0,0,136
1777225796317000,27825120,48,0,0,0,16,0,128,0,0,0,184,58,127,128,184,58,127,128,0,0,0,0,0,0,0,0,136
1777225796317000,19865031,49,0,64,0,0,20,0,0,0,0,0,0,0,0,0,0,0,0,0,0,0,0,0,0,0,0,51
1777225796317000,17231145,50,255,255,255,255,7,0,0,0,0,0,0,0,0,0,0,0,0,0,0,0,0,0,0,0,0,68
1777225796317000,18691879,51,0,10,25,2,56,0,0,0,0,0,0,0,0,0,0,0,0,0,0,0,0,0,0,0,0,136
1777225797569000,26266355,52,4,0,0,0,0,0,0,0,0,0,0,0,0,0,0,0,0,0,0,0,0,0,0,0,0,102
1777225797569000,32375217,53,0,0,0,0,0,0,0,0,0,0,0,0,0,0,0,0,0,0,0,0,0,0,0,0,0,102
1777225797569000,24986204,54,0,0,112,65,0,0,0,0,0,0,0,0,0,0,0,0,0,0,0,0,0,0,0,0,0,102
1777225797573000,17980399,55,234,7,4,26,17,49,57,0,0,0,0,0,0,0,0,0,0,0,0,0,0,0,0,0,0,102
1777225798325000,27825120,56,0,0,0,16,0,128,0,0,0,184,58,127,128,184,58,127,128,0,0,0,0,0,0,0,0,136
1777225798325000,19865031,57,0,64,0,0,20,0,0,0,0,0,0,0,0,0,0,0,0,0,0,0,0,0,0,0,0,51
1777225798325000,17231145,58,255,255,255,255,7,0,0,0,0,0,0,0,0,0,0,0,0,0,0,0,0,0,0,0,0,68
1777225798325000,18691879,59,0,10,29,2,56,0,0,0,0,0,0,0,0,0,0,0,0,0,0,0,0,0,0,0,0,136
1777225799385000,21054825,60,0,0,0,0,0,0,0,0,0,0,0,0,0,0,0,0,0,0,0,0,0,0,0,0,0,102
1777225835737000,19608877,61,4,0,0,0,0,0,0,0,0,0,0,0,0,0,0,0,0,0,0,0,0,0,0,0,0,99
1777225835741000,27825120,62,0,0,0,16,0,128,0,0,0,176,58,127,128,176,58,127,128,0,0,0,0,0,0,0,0,136
1777225835741000,17154777,63,8,0,0,0,20,0,0,0,0,0,0,0,0,0,0,0,0,0,0,0,0,0,0,0,0,102
1777225835741000,19865031,64,0,64,0,0,20,0,0,0,0,0,0,0,0,0,0,0,0,0,0,0,0,0,0,0,0,51
1777225835741000,17231145,65,255,255,255,255,7,0,0,0,0,0,0,0,0,0,0,0,0,0,0,0,0,0,0,0,0,68
1777225835741000,18691879,66,0,10,29,2,56,0,0,0,0,0,0,0,0,0,0,0,0,0,0,0,0,0,0,0,0,136
1777225835861000,27825120,67,0,0,0,16,0,128,0,0,0,0,0,0,0,176,58,127,128,0,0,0,0,0,0,0,0,136
1777225835861000,17154777,68,8,0,0,0,20,0,0,0,0,0,0,0,0,0,0,0,0,0,0,0,0,0,0,0,0,102
1777225835861000,19865031,69,0,64,0,0,20,0,0,0,0,0,0,0,0,0,0,0,0,0,0,0,0,0,0,0,0,51
1777225835861000,17231145,70,255,255,255,255,7,0,0,0,0,0,0,0,0,0,0,0,0,0,0,0,0,0,0,0,0,68
1777225835861000,16920235,71,255,255,255,255,20,0,0,0,0,0,0,0,0,0,0,0,0,0,0,0,0,0,0,0,0,51
1777225835861000,18691879,72,0,10,29,2,56,0,0,0,0,0,0,0,0,0,0,0,0,0,0,0,0,0,0,0,0,136
1777225835861000,21279712,73,0,0,4,3,6,5,0,0,0,0,0,0,0,0,0,0,0,0,0,0,0,0,0,0,0,66
1777225856441000,17738815,74,0,0,0,0,0,0,0,0,0,0,0,0,0,0,0,0,0,0,0,0,0,0,0,0,0,102
1777225860269000,22161044,75,6,2,0,0,30,0,0,0,0,0,0,0,0,0,0,0,0,0,0,0,0,0,0,0,0,102
1777225878305000,27825120,76,0,0,0,16,0,128,0,0,0,176,58,127,128,176,58,127,128,0,0,0,0,0,0,0,0,136
1777225878305000,17154777,77,8,0,0,0,20,0,0,0,0,0,0,0,0,0,0,0,0,0,0,0,0,0,0,0,0,102
1777225878305000,19865031,78,0,64,0,0,20,0,0,0,0,0,0,0,0,0,0,0,0,0,0,0,0,0,0,0,0,51
1777225878305000,17231145,79,255,255,255,255,7,0,0,0,0,0,0,0,0,0,0,0,0,0,0,0,0,0,0,0,0,68
1777225878305000,18691879,80,0,10,29,2,56,0,0,0,0,0,0,0,0,0,0,0,0,0,0,0,0,0,0,0,0,136
1777225902769000,16962474,81,0,0,0,0,0,0,0,0,0,0,0,0,0,0,0,0,0,0,0,0,0,0,0,0,0,102
1777225931541000,26622124,82,0,0,0,0,0,0,0,0,0,0,0,0,0,0,0,0,0,0,0,0,0,0,0,0,0,102
1777225933545000,32794487,83,6,0,0,0,0,0,0,0,0,0,0,0,0,0,0,0,0,0,0,0,0,0,0,0,0,102
