timestamp,timestamp_sample,gyro_device_id,gyro_bias[0],gyro_bias[1],gyro_bias[2],gyro_bias_limit,gyro_bias_variance[0],gyro_bias_variance[1],gyro_bias_variance[2],accel_device_id,accel_bias[0],accel_bias[1],accel_bias[2],accel_bias_limit,accel_bias_variance[0],accel_bias_variance[1],accel_bias_variance[2],mag_device_id,mag_bias[0],mag_bias[1],mag_bias[2],mag_bias_limit,mag_bias_variance[0],mag_bias_variance[1],mag_bias_variance[2],gyro_bias_valid,gyro_bias_stable,accel_bias_valid,accel_bias_stable,mag_bias_valid,mag_bias_stable
1777225796593000,1777225796441000,1310988,0.0006917915,-0.00011851589,0.0005941043,0.15,1.4618692e-07,1.4606483e-07,3.0660632e-07,1310988,0.0027402805,0.0060737063,0.008370102,0.4,0.00015425532,0.00016953242,9.9636345e-06,197388,-0.00019435912,-0.0008010413,0.0016575492,0.5,2.5856682e-06,3.0597644e-06,0.000236142,1,1,1,1,1,1
1777225797593000,1777225797441000,1310988,0.00070074404,-0.00011800761,0.00058907387,0.15,1.461771e-07,1.4604954e-07,3.0569154e-07,1310988,0.0027422982,0.0060592946,0.008308851,0.4,0.00015431135,0.00016955707,9.939233e-06,197388,-0.00019218291,-0.00080147345,0.0016621466,0.5,2.5824345e-06,3.0584022e-06,0.0002361352,1,1,1,1,1,1
1777225798593000,1777225798441000,1310988,0.00071202265,-0.00011481854,0.00058115297,0.15,1.4619472e-07,1.4606839e-07,3.052697e-07,1310988,0.0027347254,0.006048394,0.008250284,0.4,0.0001543686,0.00016958671,9.915242e-06,197388,-0.00018787647,-0.0007994113,0.0016727841,0.5,2.5794827e-06,3.0571807e-06,0.0002361291,1,1,1,1,1,1
1777225799593000,1777225799441000,1310988,0.0007259208,-0.00010978631,0.00058027304,0.15,1.4584523e-07,1.4572959e-07,3.052875e-07,1310988,0.002739428,0.006035648,0.008182028,0.4,0.00015442687,0.0001696203,9.886913e-06,197388,-0.00019485918,-0.0007975975,0.0016611695,0.5,2.5767858e-06,3.056072e-06,0.00023612351,1,0,1,0,1,0
1777225800593000,1777225800441000,1310988,0.0007321442,-0.000103044826,0.0005773948,0.15,1.4650465e-07,1.4647358e-07,3.0642357e-07,1310988,0.002754711,0.006025055,0.008124678,0.4,0.00015448697,0.0001696843,9.863982e-06,197388,-0.00019140169,-0.00079760095,0.0016605253,0.5,2.5737538e-06,3.0560775e-06,0.00023611724,1,0,1,0,1,0
1777225801593000,1777225801441000,1310988,0.0007339006,-9.186313e-05,0.00057605875,0.15,1.47071e-07,1.4709929e-07,3.0791992e-07,1310988,0.0027660362,0.006015473,0.008061802,0.4,0.00015454825,0.00016974958,9.841529e-06,197388,-0.00018729751,-0.0007974562,0.0016706546,0.5,2.5709799e-06,3.05611e-06,0.00023611069,1,0,1,0,1,0
1777225802593000,1777225802441000,1310988,0.00073846866,-8.0784004e-05,0.00057560793,0.15,1.4720196e-07,1.4726679e-07,3.0973678e-07,1310988,0.0027887889,0.006002855,0.007823715,0.4,0.00015460164,0.00016980772,9.819514e-06,197388,-0.0001929204,-0.00079653115,0.001678695,0.5,2.5683926e-06,3.0561553e-06,0.00023610622,1,0,1,0,1,0
1777225803593000,1777225803441000,1310988,0.0007426299,-6.890957e-05,0.0005859625,0.15,1.4682065e-07,1.4689687e-07,3.1105293e-07,1310988,0.0028227894,0.0059946617,0.0076607172,0.4,0.00015464501,0.00016985244,9.793037e-06,197388,-0.00019373721,-0.0007961196,0.0016822303,0.5,2.565555e-06,3.056164e-06,0.00023609216,1,0,1,0,1,0
1777225804593000,1777225804441000,1310988,0.0007457368,-4.920819e-05,0.000585893,0.15,1.4707406e-07,1.4705725e-07,3.1229064e-07,1310988,0.0028430598,0.005983087,0.0076223942,0.4,0.00015470576,0.00016991686,9.771937e-06,197388,-0.00020044745,-0.00079495634,0.0016707106,0.5,2.562842e-06,3.0561878e-06,0.0002360832,1,0,1,0,1,0
1777225805593000,1777225805441000,1310988,0.00074656465,-3.9731196e-05,0.0005788813,0.15,1.4748719e-07,1.4740536e-07,3.1347358e-07,1310988,0.0028405269,0.0059789503,0.0076001007,0.4,0.00015476995,0.00016998632,9.751226e-06,197388,-0.00019870004,-0.0007946326,0.0016743087,0.5,2.560227e-06,3.0562192e-06,0.00023607358,1,0,1,0,1,0
1777225806593000,1777225806441000,1310988,0.0007395098,-3.112249e-05,0.00057359185,0.15,1.4788115e-07,1.4776147e-07,3.141226e-07,1310988,0.0028524015,0.005968562,0.007588087,0.4,0.00015483187,0.0001700531,9.730953e-06,197388,-0.0001973275,-0.00079403067,0.0016672519,0.5,2.5575182e-06,3.05621e-06,0.00023606865,1,0,1,0,1,0
1777225807593000,1777225807441000,1310988,0.00072931417,-2.6384201e-05,0.0005677184,0.15,1.478142e-07,1.4768838e-07,3.146782e-07,1310988,0.0028557926,0.0059574773,0.0075638536,0.4,0.00015489222,0.0001701177,9.706252e-06,197388,-0.00019676593,-0.00079300214,0.0016668084,0.5,2.5548866e-06,3.0561491e-06,0.0002360655,1,0,1,0,1,0
1777225808593000,1777225808441000,1310988,0.0007150216,-2.5094863e-05,0.0005731516,0.15,1.4810927e-07,1.4799679e-07,3.161617e-07,1310988,0.0028627734,0.0059478735,0.0075494805,0.4,0.0001549538,0.00017018354,9.686784e-06,197388,-0.00019454249,-0.00079344586,0.0016680517,0.5,2.5526663e-06,3.0560668e-06,0.00023606319,1,0,1,0,1,0
1777225809593000,1777225809441000,1310988,0.0007029194,-2.34957e-05,0.0005742516,0.15,1.48335e-07,1.4822561e-07,3.1702524e-07,1310988,0.002873694,0.005939913,0.0075368783,0.4,0.00015501623,0.0001702515,9.667725e-06,197388,-0.00019136377,-0.0007936199,0.0016655338,0.5,2.5503225e-06,3.0559397e-06,0.00023606032,1,1,1,1,1,1
1777225810593000,1777225810441000,1310988,0.00068885094,-2.7826563e-05,0.0005842261,0.15,1.4833753e-07,1.4822763e-07,3.1735385e-07,1310988,0.0028727322,0.0059471224,0.0075084628,0.4,0.00015507951,0.00017032171,9.649024e-06,197388,-0.00019268815,-0.0007952176,0.0016639646,0.5,2.547824e-06,3.0557821e-06,0.00023605648,1,1,1,1,1,1
1777225811593000,1777225811441000,1310988,0.0006857878,-4.2216998e-05,0.00057945,0.15,1.4903445e-07,1.4892186e-07,3.181579e-07,1310988,0.002880341,0.00594471,0.0076468363,0.4,0.00015512657,0.00017037276,9.630627e-06,197388,-0.00019696352,-0.0007937958,0.0016609118,0.5,2.5456118e-06,3.055546e-06,0.000236054,1,1,1,1,1,1
1777225812593000,1777225812441000,1310988,0.0006879062,-5.3245552e-05,0.0005794616,0.15,1.4914058e-07,1.4903009e-07,3.188781e-07,1310988,0.002890421,0.005949779,0.0076772543,0.4,0.00015516982,0.00017042049,9.608037e-06,197388,-0.00019808805,-0.0007938342,0.0016612693,0.5,2.5434765e-06,3.055243e-06,0.00023605213,1,1,1,1,1,1
1777225813593000,1777225813441000,1310988,0.0006964963,-6.85932e-05,0.00057376124,0.15,1.4928906e-07,1.4917553e-07,3.1904108e-07,1310988,0.002900224,0.005958719,0.0076279864,0.4,0.00015522413,0.0001704836,9.590443e-06,197388,-0.00019247114,-0.0007933864,0.001600989,0.5,2.5412514e-06,3.0548738e-06,0.00023586377,1,1,1,1,1,1
1777225814593000,1777225814441000,1310988,0.000709912,-0.0002731184,0.0005780691,0.15,1.495418e-07,1.4917167e-07,3.09638e-07,1310988,0.0028748652,0.006088205,0.007507788,0.4,0.00015522861,0.00017041266,9.573482e-06,197388,-0.00017601655,-0.0008083695,0.0008402141,0.5,2.5379047e-06,3.0348301e-06,0.00021529863,1,1,1,1,1,1
1777225815265000,1777225815113000,1310988,0.0007176605,-0.00035292626,0.0005845581,0.15,1.512792e-07,1.4903493e-07,2.9092348e-07,1310988,0.00278838,0.006194326,0.007393906,0.4,0.00015519303,0.00017015716,9.561399e-06,197388,-0.00016444767,-0.0008299837,-0.00022662032,0.5,2.5352915e-06,2.991567e-06,0.00019929839,1,1,1,1,1,1
1777225816265000,1777225816113000,1310988,0.00072701636,-0.00016087483,0.000577731,0.15,1.549075e-07,1.489589e-07,2.8139755e-07,1310988,0.003032534,0.0061155916,0.0073194886,0.4,0.0001552074,0.00017003677,9.545503e-06,197388,-0.0001768234,-0.00083692966,0.0005352171,0.5,2.5332808e-06,2.9622793e-06,0.00019633268,1,1,1,1,1,1
1777225817265000,1777225817113000,1310988,0.00072545075,6.900746e-05,0.0005888391,0.15,1.5401186e-07,1.4856674e-07,2.819921e-07,1310988,0.0032389143,0.005989322,0.0072562494,0.4,0.00015526314,0.00017007183,9.52646e-06,197388,-0.00019889929,-0.0008332412,0.0012164955,0.5,2.5307932e-06,2.9590544e-06,0.00019582498,1,1,1,1,1,1
1777225818265000,1777225818113000,1310988,0.0007215429,0.00012488144,0.0005948984,0.15,1.515748e-07,1.4867888e-07,2.809891e-07,1310988,0.0032557151,0.0059763175,0.0071787518,0.4,0.00015532237,0.00017003086,9.512554e-06,197388,-0.000205699,-0.0008362313,0.0013407946,0.5,2.5285647e-06,2.9482655e-06,0.0001957009,1,1,1,1,1,1
1777225819265000,1777225819113000,1310988,0.000714368,8.473532e-05,0.000599283,0.15,1.5038852e-07,1.4884826e-07,2.8232415e-07,1310988,0.00324511,0.006014654,0.0071127582,0.4,0.00015537922,0.00017000307,9.498701e-06,197388,-0.00020939979,-0.0008450809,0.0013758348,0.5,2.526726e-06,2.9392054e-06,0.00019541502,1,1,1,1,1,1
1777225820265000,1777225820113000,1310988,0.0007151309,4.0854746e-05,0.0005983778,0.15,1.5013104e-07,1.4898897e-07,2.85181e-07,1310988,0.003237132,0.006026211,0.007066164,0.4,0.00015543438,0.00017001493,9.484756e-06,197388,-0.00020447321,-0.0008455323,0.0013122403,0.5,2.524829e-06,2.934967e-06,0.0001949842,1,1,1,1,1,1
1777225821265000,1777225821113000,1310988,0.0007226157,7.129992e-06,0.00060129893,0.15,1.5020073e-07,1.4911404e-07,2.8840128e-07,1310988,0.0032219791,0.006008774,0.007006818,0.4,0.00015548785,0.00017004492,9.470722e-06,197388,-0.0002005117,-0.00084016804,0.001277588,0.5,2.5229338e-06,2.9326166e-06,0.00019476442,1,1,1,1,1,1
1777225822265000,1777225822113000,1310988,0.0007379622,-2.8707638e-05,0.0005922557,0.15,1.4997816e-07,1.488232e-07,2.916165e-07,1310988,0.0032116175,0.0060021095,0.0069608097,0.4,0.00015553781,0.00017008353,9.4524e-06,197388,-0.00020172709,-0.00083460804,0.0012974581,0.5,2.5210675e-06,2.9311414e-06,0.00019456746,1,1,1,1,1,1
1777225823265000,1777225823113000,1310988,0.0007434203,-6.1968436e-05,0.0005910273,0.15,1.5018344e-07,1.4896314e-07,2.953607e-07,1310988,0.0032126002,0.0059957774,0.006928598,0.4,0.0001555872,0.00017013162,9.4386305e-06,197388,-0.00019717592,-0.000832273,0.0012423337,0.5,2.5194868e-06,2.9304001e-06,0.00019440622,1,1,1,1,1,1
1777225824265000,1777225824113000,1310988,0.00074130297,-8.8946115e-05,0.0005954644,0.15,1.5034207e-07,1.4907073e-07,2.9825455e-07,1310988,0.0032158908,0.0059856847,0.0069045904,0.4,0.00015563503,0.00017018114,9.425043e-06,197388,-0.00019608255,-0.00083102944,0.001227881,0.5,2.5176817e-06,2.9300304e-06,0.00019427393,1,1,1,1,1,1
1777225825265000,1777225825113000,1310988,0.0007336703,-0.00010453497,0.0005983121,0.15,1.5048505e-07,1.491768e-07,3.0094685e-07,1310988,0.0032174261,0.0059842663,0.0068885675,0.4,0.00015568051,0.00017023213,9.411698e-06,197388,-0.00019583025,-0.00083215925,0.0012224155,0.5,2.515944e-06,2.9297962e-06,0.00019403225,1,1,1,1,1,1
1777225826265000,1777225826113000,1310988,0.00072896027,-0.000112181864,0.00060024287,0.15,1.5019474e-07,1.4889217e-07,3.0378808e-07,1310988,0.0032032693,0.0059817787,0.0068749767,0.4,0.00015571862,0.00017028426,9.3942745e-06,197388,-0.00019680611,-0.0008325886,0.0012456957,0.5,2.514376e-06,2.92963e-06,0.00019354754,1,1,1,1,1,1
1777225827265000,1777225827113000,1310988,0.000731966,-0.00011524847,0.000601294,0.15,1.5022559e-07,1.4898193e-07,3.0598537e-07,1310988,0.0032128834,0.005976162,0.0068591703,0.4,0.00015575277,0.00017033548,9.381713e-06,197388,-0.00019760513,-0.00083252956,0.0012138195,0.5,2.5127094e-06,2.9295672e-06,0.00019313526,1,1,1,1,1,1
1777225828265000,1777225828113000,1310988,0.0007171399,-0.000110714886,0.0005964979,0.15,1.5025387e-07,1.4906767e-07,3.0796312e-07,1310988,0.0031932786,0.0059817703,0.0068365093,0.4,0.0001557867,0.00017038702,9.369452e-06,197388,-0.00019337135,-0.0008326658,0.001188718,0.5,2.5110558e-06,2.9295627e-06,0.00019292734,1,1,1,1,1,1
1777225829265000,1777225829113000,1310988,0.0006994589,-0.00011476973,0.0005929409,0.15,1.5032157e-07,1.4918089e-07,3.10182e-07,1310988,0.0031547293,0.005982671,0.006776851,0.4,0.00015582141,0.00017044018,9.3575045e-06,197388,-0.00018773314,-0.0008332617,0.0011495979,0.5,2.5095449e-06,2.9295927e-06,0.00019274782,1,1,1,1,1,1
1777225830265000,1777225830113000,1310988,0.00068562245,-0.00013138694,0.000597906,0.15,1.4995432e-07,1.4886784e-07,3.1179374e-07,1310988,0.0031270923,0.005970095,0.0067154444,0.4,0.00015585593,0.00017049293,9.341406e-06,197388,-0.00018323991,-0.0008334694,0.0011071176,0.5,2.5079491e-06,2.9296293e-06,0.00019256899,1,1,1,1,1,1
1777225831265000,1777225831113000,1310988,0.0006739291,-0.00014468492,0.000602673,0.15,1.4998889e-07,1.4895618e-07,3.1321258e-07,1310988,0.0030948054,0.005957804,0.0066529443,0.4,0.00015589586,0.00017054671,9.329921e-06,197388,-0.00018218682,-0.0008331871,0.0011099306,0.5,2.50638e-06,2.9296837e-06,0.0001924421,1,1,1,1,1,1
1777225832265000,1777225832113000,1310988,0.00067420595,-0.00016156968,0.00060787215,0.15,1.5004925e-07,1.4905244e-07,3.1448135e-07,1310988,0.0030604627,0.005944655,0.006587731,0.4,0.00015593812,0.00017060139,9.318681e-06,197388,-0.00018828241,-0.0008329082,0.0011759513,0.5,2.5048519e-06,2.929752e-06,0.00019229058,1,1,1,1,1,1
1777225833265000,1777225833113000,1310988,0.00068008655,-0.00016904387,0.0006023254,0.15,1.5010454e-07,1.4916392e-07,3.1602616e-07,1310988,0.0030331614,0.005949491,0.0065329843,0.4,0.00015598381,0.00017065826,9.307617e-06,197388,-0.00019155892,-0.0008327651,0.0012114273,0.5,2.5034446e-06,2.929829e-06,0.00019217884,1,1,1,1,1,1
1777225834265000,1777225834113000,1310988,0.0006902941,-0.00017678013,0.0006005632,0.15,1.501621e-07,1.4925718e-07,3.169694e-07,1310988,0.0030031374,0.005949136,0.00648003,0.4,0.00015603176,0.00017071475,9.2966775e-06,197388,-0.00019163037,-0.00083242665,0.0012270239,0.5,2.5019597e-06,2.9299022e-06,0.00019208118,1,1,1,1,1,1
1777225835265000,1777225835113000,1310988,0.00070101925,-0.00018113358,0.0006028344,0.15,1.4982035e-07,1.489598e-07,3.1820582e-07,1310988,0.002983761,0.0059444522,0.006434493,0.4,0.00015608167,0.00017077297,9.281741e-06,197388,-0.00018923066,-0.0008322598,0.0012156001,0.5,2.5005945e-06,2.9299806e-06,0.00019200743,1,1,1,1,1,1
1777225836265000,1777225836113000,1310988,0.0007036359,-0.00019063956,0.0005993131,0.15,1.4990076e-07,1.4906274e-07,3.19361e-07,1310988,0.0029732941,0.00594942,0.0064096493,0.4,0.00015613294,0.00017083166,9.271292e-06,197388,-0.00018501403,-0.00083233416,0.0011824904,0.5,2.4992808e-06,2.9300652e-06,0.00019188414,1,1,1,1,1,1
1777225837265000,1777225837113000,1310988,0.0007057922,-0.00019788563,0.0005871686,0.15,1.4995591e-07,1.4917366e-07,3.203483e-07,1310988,0.002966201,0.005965878,0.0063882223,0.4,0.00015618542,0.00017089122,9.261055e-06,197388,-0.00018349131,-0.0008321218,0.0011690889,0.5,2.4979856e-06,2.9301357e-06,0.00019178387,1,1,1,1,1,1
1777225838265000,1777225838113000,1310988,0.00069994247,-0.00020489868,0.0005909843,0.15,1.4999783e-07,1.4925116e-07,3.2066885e-07,1310988,0.0029623515,0.005960519,0.0063778493,0.4,0.00015623898,0.0001709505,9.250983e-06,197388,-0.00018519057,-0.00083208625,0.0011845347,0.5,2.4966048e-06,2.9301996e-06,0.000191711,1,1,1,1,1,1
1777225839265000,1777225839113000,1310988,0.0006962545,-0.0001952271,0.00059271173,0.15,1.4965707e-07,1.4893574e-07,3.2092873e-07,1310988,0.0029598733,0.0059580426,0.006372209,0.4,0.0001562933,0.00017101043,9.236801e-06,197388,-0.0001886797,-0.00083209854,0.0012096938,0.5,2.4952437e-06,2.930263e-06,0.0001916485,1,1,1,1,1,1
1777225840265000,1777225840113000,1310988,0.0006900804,-0.0001897478,0.00059229747,0.15,1.4976987e-07,1.4904438e-07,3.2169018e-07,1310988,0.0029572903,0.005958957,0.0063544074,0.4,0.0001563477,0.00017107157,9.2271885e-06,197388,-0.00019000795,-0.0008323028,0.0012224319,0.5,2.4940327e-06,2.930314e-06,0.00019153394,1,1,1,1,1,1
1777225841265000,1777225841113000,1310988,0.0006980846,-0.00018728414,0.00059717085,0.15,1.4983375e-07,1.4912663e-07,3.218128e-07,1310988,0.0029455328,0.0059530796,0.0063197264,0.4,0.00015640046,0.00017113234,9.217807e-06,197388,-0.00019246803,-0.00083286705,0.0012412675,0.5,2.4927615e-06,2.9303567e-06,0.00019137858,1,1,1,1,1,1
1777225842265000,1777225842113000,1310988,0.00070522306,-0.00018029824,0.00059708883,0.15,1.4988895e-07,1.4922705e-07,3.2232197e-07,1310988,0.0029171703,0.0059514274,0.006273818,0.4,0.00015645336,0.00017119462,9.20867e-06,197388,-0.00019380462,-0.0008328848,0.0012708706,0.5,2.4915964e-06,2.9303917e-06,0.00019125585,1,1,1,1,1,1
1777225843265000,1777225843113000,1310988,0.00071011676,-8.1560705e-05,0.0005944949,0.15,1.4980328e-07,1.4892603e-07,3.228024e-07,1310988,0.0028887605,0.0059423735,0.0062101604,0.4,0.00015650774,0.0001712531,9.195524e-06,197388,-0.00020133289,-0.0008343478,0.0013058077,0.5,2.489542e-06,2.9293221e-06,0.0001888756,1,1,1,1,1,1
1777225844265000,1777225844113000,1310988,0.0007110908,7.3835446e-07,0.00060230994,0.15,1.516631e-07,1.489827e-07,3.1624688e-07,1310988,0.0028708125,0.005914817,0.006144117,0.4,0.00015655954,0.00017127035,9.186885e-06,197388,-0.00022403392,-0.00083211256,0.00069824624,0.5,2.485995e-06,2.9174012e-06,0.00018227512,1,1,1,1,1,1
1777225845265000,1777225845113000,1310988,0.00071286794,-5.4254408e-05,0.00060939183,0.15,1.5468926e-07,1.4903435e-07,3.1178485e-07,1310988,0.0028397075,0.00590193,0.0060979044,0.4,0.0001566169,0.00017127907,9.178155e-06,197388,-0.00022647428,-0.0008296908,0.0005893361,0.5,2.483451e-06,2.9048135e-06,0.00017907575,1,1,1,1,1,1
1777225846265000,1777225846113000,1310988,0.0007094415,-0.00018520353,0.00060933054,0.15,1.5649384e-07,1.4912645e-07,3.1436434e-07,1310988,0.00282893,0.005915296,0.0060771294,0.4,0.00015668188,0.0001713173,9.169444e-06,197388,-0.00021599808,-0.0008319682,0.0008567958,0.5,2.4819474e-06,2.901352e-06,0.00017859196,1,1,1,1,1,1
1777225847265000,1777225847113000,1310988,0.00071112486,-0.00028697276,0.00060291204,0.15,1.5549159e-07,1.4923484e-07,3.1566654e-07,1310988,0.002851279,0.0059298035,0.006055291,0.4,0.00015674776,0.00017136772,9.1608445e-06,197388,-0.00020246505,-0.0008339028,0.0010901842,0.5,2.4806225e-06,2.9000416e-06,0.00017853601,1,1,1,1,1,1
1777225848265000,1777225848113000,1310988,0.0007071512,-0.00031753807,0.0006065533,0.15,1.5273848e-07,1.4896855e-07,3.137398e-07,1310988,0.0028677194,0.0059144637,0.006028527,0.4,0.00015681305,0.00017141516,9.1482025e-06,197388,-0.00020040898,-0.00083061424,0.0011401299,0.5,2.4793783e-06,2.8962031e-06,0.00017845092,1,1,1,1,1,1
1777225849265000,1777225849113000,1310988,0.00069787493,-0.00029130976,0.0006040396,0.15,1.5114206e-07,1.4906297e-07,3.1210348e-07,1310988,0.0028733504,0.005902799,0.00598728,0.4,0.00015687796,0.00017146244,9.13966e-06,197388,-0.00019730577,-0.00082542625,0.0011633298,0.5,2.4780081e-06,2.89273e-06,0.00017827272,1,1,1,1,1,1
1777225850265000,1777225850113000,1310988,0.0006864544,-0.0002564094,0.0005965396,0.15,1.5031405e-07,1.4917212e-07,3.1213213e-07,1310988,0.0028699064,0.00589691,0.0059604524,0.4,0.00015694303,0.0001715153,9.131096e-06,197388,-0.00020065268,-0.000819833,0.0011189687,0.5,2.4767687e-06,2.8905772e-06,0.0001781323,1,1,1,1,1,1
1777225851265000,1777225851113000,1310988,0.00067777507,-0.00022224852,0.0005909228,0.15,1.499184e-07,1.4927299e-07,3.1268343e-07,1310988,0.0028705948,0.005894318,0.005940352,0.4,0.0001570079,0.00017157124,9.122522e-06,197388,-0.00019922333,-0.00081603765,0.0011055883,0.5,2.475609e-06,2.889206e-06,0.00017807711,1,1,1,1,1,1
1777225852265000,1777225852113000,1310988,0.00066647143,-0.00018586745,0.0005963036,0.15,1.493386e-07,1.4894931e-07,3.127792e-07,1310988,0.0028715983,0.005877164,0.005916877,0.4,0.00015707189,0.00017162845,9.109783e-06,197388,-0.00020069955,-0.00081172306,0.0010866914,0.5,2.4744274e-06,2.888182e-06,0.00017805932,1,1,1,1,1,1
1777225853265000,1777225853113000,1310988,0.00064768887,-0.00015557758,0.0005930493,0.15,1.4935145e-07,1.4904954e-07,3.1346855e-07,1310988,0.0028759937,0.005867763,0.0058775567,0.4,0.00015713648,0.00017168878,9.1013835e-06,197388,-0.00020294091,-0.00080674613,0.0010710469,0.5,2.4733454e-06,2.887583e-06,0.00017804251,1,1,1,1,1,1
1777225854265000,1777225854113000,1310988,0.00061600073,-0.0001278266,0.0005889619,0.15,1.4941949e-07,1.4912561e-07,3.138499e-07,1310988,0.0028837654,0.005855972,0.0058411695,0.4,0.00015720118,0.00017175038,9.093084e-06,197388,-0.0002049158,-0.0008003885,0.0010584473,0.5,2.4721996e-06,2.8873167e-06,0.00017802273,1,1,1,1,1,1
1777225855265000,1777225855113000,1310988,0.0005866643,-9.643537e-05,0.0005795245,0.15,1.495146e-07,1.4921204e-07,3.14304e-07,1310988,0.0029016307,0.005856044,0.0058020316,0.4,0.00015726604,0.00017181324,9.084943e-06,197388,-0.00020283161,-0.00079615274,0.0010566278,0.5,2.4710723e-06,2.8872548e-06,0.00017799689,1,1,1,1,1,1
1777225856265000,1777225856113000,1310988,0.0005595929,-7.3533745e-05,0.0005695892,0.15,1.4920461e-07,1.4890205e-07,3.1475332e-07,1310988,0.0029130962,0.005861116,0.0057662367,0.4,0.00015733072,0.00017187696,9.072739e-06,197388,-0.00020148372,-0.000793721,0.0010541711,0.5,2.4699614e-06,2.8872823e-06,0.00017797209,1,1,1,1,1,1
1777225857265000,1777225857113000,1310988,0.00053889747,-6.039045e-05,0.00057571393,0.15,1.4948859e-07,1.4919407e-07,3.1568638e-07,1310988,0.0028855347,0.005844434,0.0058882856,0.4,0.00015739087,0.00017193775,9.064898e-06,197388,-0.00020162706,-0.00079268875,0.0010467848,0.5,2.468967e-06,2.8873462e-06,0.00017795879,1,1,1,1,1,1
1777225858265000,1777225858113000,1310988,0.00052586815,-5.270374e-05,0.00057220215,0.15,1.5031081e-07,1.5001724e-07,3.1607203e-07,1310988,0.0028228064,0.0058098715,0.0060327654,0.4,0.00015740222,0.00017195113,9.057227e-06,197388,-0.00020091521,-0.0007912769,0.0010442804,0.5,2.4679496e-06,2.8873583e-06,0.00017794814,1,1,1,1,1,1
1777225859265000,1777225859113000,1310988,0.00051532435,-5.326933e-05,0.0005606392,0.15,1.5030524e-07,1.5002136e-07,3.1637944e-07,1310988,0.0028245384,0.0058056023,0.005978426,0.4,0.0001574534,0.00017201006,9.049695e-06,197388,-0.00020217059,-0.000790772,0.0010394045,0.5,2.4669691e-06,2.887424e-06,0.00017793271,1,1,1,1,1,1
1777225860265000,1777225860113000,1310988,0.0005109701,-5.5386256e-05,0.0005484694,0.15,1.500182e-07,1.4975515e-07,3.171389e-07,1310988,0.002834872,0.0058154846,0.005898739,0.4,0.00015751492,0.00017207544,9.042254e-06,197388,-0.00020503045,-0.0007906407,0.0010287584,0.5,2.4660503e-06,2.8874977e-06,0.00017792315,1,1,1,1,1,1
1777225861265000,1777225861113000,1310988,0.00051788904,-5.9299444e-05,0.0005273856,0.15,1.4899015e-07,1.4875137e-07,3.1730733e-07,1310988,0.0028916742,0.005824686,0.005555112,0.4,0.00015754595,0.00017209542,9.030953e-06,197388,-0.00020496274,-0.0007900192,0.001035715,0.5,2.4649642e-06,2.8875268e-06,0.00017791336,1,1,1,1,1,1
1777225862265000,1777225862113000,1310988,0.0005274168,-4.8054906e-05,0.00052500126,0.15,1.4713477e-07,1.4693231e-07,3.1789352e-07,1310988,0.003095577,0.0057695066,0.0048217364,0.4,0.00015729084,0.00017174047,9.023859e-06,197388,-0.0002137469,-0.00078850775,0.0010384126,0.5,2.4633357e-06,2.8871636e-06,0.00017790405,1,1,1,1,1,1
1777225863265000,1777225863113000,1310988,0.00053701975,-3.0129131e-05,0.0005312853,0.15,1.4707393e-07,1.4689273e-07,3.1845948e-07,1310988,0.0031794917,0.0057249796,0.004805817,0.4,0.00015721677,0.00017160962,9.01695e-06,197388,-0.00021963342,-0.0007875968,0.0010316507,0.5,2.4619883e-06,2.8870163e-06,0.0001778869,1,1,1,1,1,1
1777225864265000,1777225864113000,1310988,0.0005628773,-1.697881e-05,0.0005277863,0.15,1.4802484e-07,1.478556e-07,3.1854884e-07,1310988,0.0031671107,0.0057185516,0.004901347,0.4,0.00015727559,0.00017165547,9.010174e-06,197388,-0.00022277345,-0.0007862853,0.0010210106,0.5,2.4608748e-06,2.8870656e-06,0.00017786479,1,1,1,1,1,1
1777225865265000,1777225865113000,1310988,0.00059156405,2.8674435e-07,0.00052558223,0.15,1.485132e-07,1.4835292e-07,3.186297e-07,1310988,0.0031187185,0.0057656723,0.005019454,0.4,0.00015731156,0.00017168609,8.999403e-06,197388,-0.00022000461,-0.0007866346,0.0010218088,0.5,2.4598348e-06,2.8871357e-06,0.00017784975,1,1,1,1,1,1
1777225866265000,1777225866113000,1310988,0.0006179553,1.5140569e-05,0.0005369382,0.15,1.4903314e-07,1.4887546e-07,3.1868214e-07,1310988,0.0030645565,0.005823477,0.005127066,0.4,0.0001573281,0.00017169873,8.99291e-06,197388,-0.0002186452,-0.00078832026,0.0010144415,0.5,2.45884e-06,2.8871896e-06,0.00017783814,1,1,1,1,1,1
1777225867265000,1777225867113000,1310988,0.0006324207,2.5597377e-05,0.0005269842,0.15,1.4960484e-07,1.494546e-07,3.1972385e-07,1310988,0.002984102,0.0058749686,0.0053593004,0.4,0.00015731492,0.00017168076,8.986521e-06,197388,-0.00021540443,-0.00078899134,0.0010132404,0.5,2.458009e-06,2.8872048e-06,0.00017782864,1,1,1,1,1,1
1777225868265000,1777225868113000,1310988,0.0006371487,3.776915e-05,0.00053016277,0.15,1.5028871e-07,1.5012843e-07,3.1964626e-07,1310988,0.002888365,0.0058987145,0.0055601476,0.4,0.0001572571,0.00017161437,8.980276e-06,197388,-0.00021312042,-0.00078960793,0.0010102837,0.5,2.4570732e-06,2.8871546e-06,0.00017781928,1,1,1,1,1,1
1777225869265000,1777225869113000,1310988,0.00063564675,6.1046034e-05,0.000532299,0.15,1.5021855e-07,1.5005403e-07,3.195364e-07,1310988,0.002804819,0.005895532,0.005639483,0.4,0.00015723378,0.00017159127,8.970053e-06,197388,-0.00020922058,-0.00078892254,0.0010124964,0.5,2.4562219e-06,2.8871239e-06,0.00017780803,1,1,1,1,1,1
1777225870265000,1777225870113000,1310988,0.00063372543,9.445871e-05,0.00053645496,0.15,1.5018541e-07,1.5002516e-07,3.199747e-07,1310988,0.0027627076,0.0058938446,0.005613073,0.4,0.00015726889,0.00017163539,8.964075e-06,197388,-0.00020270348,-0.0007883682,0.0010360228,0.5,2.4554902e-06,2.8871598e-06,0.00017779201,1,1,1,1,1,1
1777225871265000,1777225871113000,1310988,0.0006298752,0.00013785911,0.0005434124,0.15,1.4997943e-07,1.4982064e-07,3.1992792e-07,1310988,0.0027735173,0.0058886535,0.005538803,0.4,0.00015732713,0.00017170288,8.958237e-06,197388,-0.00020111498,-0.00078827125,0.0010729516,0.5,2.4546573e-06,2.8872e-06,0.00017764312,1,1,1,1,1,1
1777225872265000,1777225872113000,1310988,0.00063098484,0.00037594224,0.0005447719,0.15,1.5019936e-07,1.4962298e-07,3.1498502e-07,1310988,0.0030126402,0.0056352434,0.005406499,0.4,0.00015736338,0.000171699,8.952731e-06,197388,-0.00023138887,-0.000780167,0.000510251,0.5,2.449979e-06,2.8794236e-06,0.00016445611,1,1,1,1,1,1
1777225873265000,1777225873113000,1310988,0.0006334474,0.0004678486,0.0005435014,0.15,1.5343939e-07,1.495973e-07,2.9728412e-07,1310988,0.0031622525,0.005339777,0.005265272,0.4,0.00015708804,0.00017102255,8.947451e-06,197388,-0.00024330395,-0.0007977269,-0.0004232015,0.5,2.4365743e-06,2.8405982e-06,0.00015253318,1,1,1,1,1,1
1777225873585000,1777225873433000,1310988,0.00063437596,0.0004048042,0.0005510991,0.15,1.546575e-07,1.4933939e-07,2.9508038e-07,1310988,0.0026966718,0.0064377016,0.0052445084,0.4,0.00015659267,0.00017018164,8.942034e-06,197388,-0.00021200297,-0.00084178534,-0.00024061018,0.5,2.4275591e-06,2.8217228e-06,0.00015208195,1,1,1,1,1,1
1777225873793000,1777225873641000,1310988,0.00063905254,0.00034820728,0.0005590974,0.15,1.5541471e-07,1.4945095e-07,2.9537438e-07,1310988,0.0020954662,0.0075943684,0.0052434416,0.4,0.0001560477,0.0001694178,8.9406985e-06,197388,-0.00018746009,-0.00087519956,-2.5024116e-05,0.5,2.4181447e-06,2.8061595e-06,0.00015200311,1,1,1,1,1,1
1777225873945000,1777225873793000,1310988,0.0006438005,0.00030445112,0.00056628685,0.15,1.5583943e-07,1.4954362e-07,2.9582748e-07,1310988,0.001516888,0.008600684,0.005247311,0.4,0.00015544918,0.0001686714,8.9394125e-06,197388,-0.00016500396,-0.0009031844,0.00013166136,0.5,2.4063766e-06,2.7885058e-06,0.00015190696,1,1,1,1,1,1
1777225874105000,1777225873953000,1310988,0.00065024087,0.00026461628,0.00057349313,0.15,1.5623323e-07,1.497652e-07,2.966446e-07,1310988,0.00085116137,0.009592674,0.0052495236,0.4,0.00015469451,0.0001677681,8.938678e-06,197388,-0.00014090471,-0.00093133404,0.00027121045,0.5,2.3968591e-06,2.7748818e-06,0.00015183774,1,1,1,1,1,1
1777225874257000,1777225874105000,1310988,0.0006590457,0.00022875257,0.00058037293,0.15,1.5648027e-07,1.4998159e-07,2.9734744e-07,1310988,8.0854035e-05,0.010518327,0.0052498914,0.4,0.00015375685,0.0001666918,8.93737e-06,197388,-0.000104241124,-0.00096355187,0.00040766544,0.5,2.3861817e-06,2.7602775e-06,0.00015177207,1,1,1,1,1,1
1777225874417000,1777225874265000,1310988,0.0006675476,0.00019895646,0.0005886769,0.15,1.5672164e-07,1.5032148e-07,2.979535e-07,1310988,-0.0006521869,0.011321131,0.00524923,0.4,0.0001526297,0.00016542972,8.9366085e-06,197388,-9.475221e-05,-0.0009841461,0.00049382064,0.5,2.374467e-06,2.7448543e-06,0.00015170997,1,1,1,1,1,1
1777225874569000,1777225874417000,1310988,0.0006786079,0.00017351551,0.00059761433,0.15,1.5685526e-07,1.5065598e-07,2.980833e-07,1310988,-0.001475284,0.011973411,0.005251837,0.4,0.00015130435,0.00016398318,8.935276e-06,197388,-6.701869e-05,-0.0010099616,0.0005862483,0.5,2.3561079e-06,2.7210185e-06,0.00015163311,1,1,1,1,1,1
1777225874777000,1777225874625000,1310988,0.00069468026,0.00014865545,0.00060856534,0.15,1.5707187e-07,1.5125907e-07,2.9811517e-07,1310988,-0.002550496,0.012534994,0.0052512093,0.4,0.0001493291,0.0001618082,8.933867e-06,197388,-3.1107138e-05,-0.0010242594,0.0006632663,0.5,2.3361372e-06,2.6962523e-06,0.00015157808,1,1,1,1,1,1
1777225875041000,1777225874889000,1310988,0.0007140227,0.000128289,0.00062690757,0.15,1.5746168e-07,1.5221612e-07,2.976266e-07,1310988,-0.0037116476,0.012836868,0.00524668,0.4,0.00014656785,0.00015876298,8.932386e-06,197388,-8.076222e-06,-0.0010465804,0.0007198168,0.5,2.3087575e-06,2.6631517e-06,0.0001515425,1,1,1,1,1,1
1777225875353000,1777225875201000,1310988,0.00073487003,0.00011758606,0.0006444359,0.15,1.5817601e-07,1.5358017e-07,2.9676582e-07,1310988,-0.004762372,0.012632241,0.005240932,0.4,0.00014301705,0.00015484712,8.930306e-06,197388,2.5035586e-05,-0.0010312696,0.00077355094,0.5,2.280565e-06,2.6303715e-06,0.0001515202,1,1,1,1,1,1
1777225876025000,1777225875873000,1310988,0.0007530635,0.0001175152,0.0006673929,0.15,1.6095761e-07,1.573287e-07,2.9482175e-07,1310988,-0.005286056,0.011734222,0.00521104,0.4,0.00013501721,0.0001463894,8.9257055e-06,197388,2.2662578e-05,-0.000980377,0.00085161993,0.5,2.2135055e-06,2.5524637e-06,0.00015145747,1,1,1,1,1,1
1777225876753000,1777225876601000,1310988,0.00075076096,0.000120443015,0.00068242743,0.15,1.6544577e-07,1.6223325e-07,2.9470834e-07,1310988,-0.004422392,0.011154166,0.0051714205,0.4,0.00012699334,0.00013834871,8.921329e-06,197388,1.2675244e-05,-0.00095659954,0.0008332889,0.5,2.1469152e-06,2.4746462e-06,0.000151293,1,1,1,1,1,1
1777225877537000,1777225877385000,1310988,0.0007424246,0.00011138413,0.0006813255,0.15,1.7084339e-07,1.6769611e-07,2.972143e-07,1310988,-0.0034564924,0.011420814,0.005132534,0.4,0.00012000838,0.0001313596,8.917157e-06,197388,-4.83521e-06,-0.0009434734,0.00082240126,0.5,2.0972304e-06,2.417294e-06,0.00015115547,1,1,1,1,1,1
1777225878537000,1777225878385000,1310988,0.0007417289,9.922606e-05,0.0006754072,0.15,1.7684279e-07,1.7365699e-07,3.0067332e-07,1310988,-0.003130346,0.011750485,0.0051086457,0.4,0.00011395364,0.00012532863,8.912641e-06,197388,-3.320402e-05,-0.0009333814,0.00084878213,0.5,2.0254583e-06,2.3356843e-06,0.0001510109,1,1,1,1,1,1
1777225879537000,1777225879385000,1310988,0.0007322132,8.317624e-05,0.0006630391,0.15,1.8084309e-07,1.7760466e-07,3.047285e-07,1310988,-0.0028973166,0.0117891105,0.0050842394,0.4,0.000110558525,0.00012203602,8.9082705e-06,197388,-4.621198e-05,-0.00088626286,0.00082206563,0.5,1.9667427e-06,2.272529e-06,0.00015092816,1,1,1,1,1,1
1777225880537000,1777225880385000,1310988,0.00071445736,6.133077e-05,0.0006640158,0.15,1.8253454e-07,1.7922801e-07,3.088176e-07,1310988,-0.0026793594,0.011589691,0.0050692745,0.4,0.000108932094,0.00012053044,8.904013e-06,197388,-3.845959e-05,-0.0008713691,0.0008097069,0.5,1.9144477e-06,2.2196518e-06,0.00015084016,1,1,1,1,1,1
1777225881537000,1777225881385000,1310988,0.00069520157,3.3862005e-05,0.00066967506,0.15,1.8161722e-07,1.7839308e-07,3.1298302e-07,1310988,-0.0025012635,0.011406704,0.0050602495,0.4,0.00010821779,0.00011989589,8.895823e-06,197388,-2.2264807e-05,-0.0008727332,0.00079814316,0.5,1.8667469e-06,2.1748106e-06,0.00015073949,1,1,1,1,1,1
1777225882537000,1777225882385000,1310988,0.0006738963,1.4905483e-05,0.0006685253,0.15,1.7961352e-07,1.7661387e-07,3.1711156e-07,1310988,-0.0025352135,0.011248483,0.0050532944,0.4,0.00010792377,0.000119679615,8.891709e-06,197388,-1.544908e-05,-0.00085718563,0.0007947413,0.5,1.8222755e-06,2.1363508e-06,0.00015066977,1,1,1,1,1,1
1777225883537000,1777225883385000,1310988,0.000669086,-6.065641e-07,0.00066599523,0.15,1.7684918e-07,1.7414601e-07,3.2085768e-07,1310988,-0.002588655,0.011163329,0.005051683,0.4,0.00010772656,0.00011957113,8.887703e-06,197388,-3.5363273e-06,-0.0008429697,0.0007791464,0.5,1.7777472e-06,2.1010046e-06,0.00015060794,1,1,1,1,1,1
1777225884537000,1777225884385000,1310988,0.00067379215,-2.5097197e-05,0.00066576543,0.15,1.739271e-07,1.7151775e-07,3.2477544e-07,1310988,-0.0026134881,0.011055805,0.00504003,0.4,0.00010754397,0.00011946619,8.883773e-06,197388,9.962588e-06,-0.0008348033,0.0007669562,0.5,1.7386485e-06,2.0725165e-06,0.00015055492,1,1,1,1,1,1
1777225885537000,1777225885385000,1310988,0.0006724446,-4.5422046e-05,0.000656868,0.15,1.7106463e-07,1.6895163e-07,3.2828055e-07,1310988,-0.0026313663,0.010952872,0.0050199963,0.4,0.000107346066,0.00011933766,8.879859e-06,197388,1.5396137e-05,-0.0008090387,0.00075368746,0.5,1.6993201e-06,2.0463765e-06,0.00015051533,1,1,1,1,1,1
1777225886537000,1777225886385000,1310988,0.00066772185,-7.221005e-05,0.00064237125,0.15,1.6793977e-07,1.6608635e-07,3.3160663e-07,1310988,-0.0027222193,0.010806369,0.004975188,0.4,0.00010713906,0.000119198136,8.872198e-06,197388,1.7931967e-05,-0.00077274983,0.000737855,0.5,1.6624526e-06,2.0240402e-06,0.00015047195,1,1,1,1,1,1
1777225887537000,1777225887385000,1310988,0.00068333145,-9.733971e-05,0.0006475166,0.15,1.6564005e-07,1.6403511e-07,3.351248e-07,1310988,-0.0026684878,0.010702157,0.0049208957,0.4,0.0001069593,0.00011907924,8.86851e-06,197388,4.210749e-05,-0.0007737315,0.00072225695,0.5,1.6299534e-06,2.0061702e-06,0.00015045081,1,1,1,1,1,1
1777225888537000,1777225888385000,1310988,0.00069338805,-0.000117136864,0.00064840814,0.15,1.6365291e-07,1.6223676e-07,3.3841502e-07,1310988,-0.0026611646,0.0106207095,0.0048729884,0.4,0.00010679547,0.00011898233,8.864906e-06,197388,4.5724275e-05,-0.0007697438,0.000720588,0.5,1.5993455e-06,1.990925e-06,0.00015042622,1,1,1,1,1,1
1777225889537000,1777225889385000,1310988,0.0007051571,-0.00012984543,0.0006477719,0.15,1.6191173e-07,1.6065758e-07,3.4118344e-07,1310988,-0.0026281679,0.010569358,0.004832899,0.4,0.00010664451,0.000118898024,8.861385e-06,197388,7.00947e-05,-0.00076268235,0.0006891171,0.5,1.5687897e-06,1.9772044e-06,0.0001503682,1,1,1,1,1,1
1777225890537000,1777225890385000,1310988,0.00071521354,-0.00012770462,0.00063900714,0.15,1.5990767e-07,1.5883543e-07,3.4381506e-07,1310988,-0.0025926502,0.010565133,0.004810981,0.4,0.00010650691,0.00011881707,8.853996e-06,197388,6.601551e-05,-0.0007499407,0.0006889653,0.5,1.5398109e-06,1.9656718e-06,0.00015033869,1,1,1,1,1,1
1777225891537000,1777225891385000,1310988,0.00072295946,-0.00011640885,0.00064180966,0.15,1.5868983e-07,1.5771496e-07,3.4687034e-07,1310988,-0.00258685,0.010607506,0.0047944207,0.4,0.000106401545,0.00011876903,8.850681e-06,197388,5.4024524e-05,-0.0007563247,0.0006973533,0.5,1.5159119e-06,1.957341e-06,0.0001503204,1,1,1,1,1,1
1777225892537000,1777225892385000,1310988,0.0007153812,-0.00010650354,0.00063107756,0.15,1.5759097e-07,1.5670109e-07,3.489689e-07,1310988,-0.0025885836,0.010631937,0.0047823805,0.4,0.000106298794,0.00011873565,8.847426e-06,197388,5.08229e-05,-0.00074615225,0.0006978918,0.5,1.4898739e-06,1.9494405e-06,0.0001503056,1,1,1,1,1,0
1777225893537000,1777225893385000,1310988,0.0007046769,-0.000107965905,0.0006331741,0.15,1.5667375e-07,1.55847e-07,3.5120388e-07,1310988,-0.002642115,0.010637775,0.0047736536,0.4,0.00010621501,0.00011871907,8.844274e-06,197388,6.10034e-05,-0.0007468777,0.00068628683,0.5,1.4669216e-06,1.9433705e-06,0.00015028108,1,1,1,1,1,0
1777225894537000,1777225894385000,1310988,0.0006810218,-0.000108720575,0.0006277194,0.15,1.5540361e-07,1.5467008e-07,3.5331004e-07,1310988,-0.0026888312,0.010637508,0.004766819,0.4,0.00010614092,0.000118709235,8.837251e-06,197388,6.18028e-05,-0.00074349873,0.0006886366,0.5,1.4451106e-06,1.9383092e-06,0.0001502549,1,1,1,1,1,0
1777225895537000,1777225895385000,1310988,0.0006542586,-9.752976e-05,0.0006342062,0.15,1.5466594e-07,1.5402415e-07,3.5484928e-07,1310988,-0.002758184,0.010682993,0.004769134,0.4,0.00010607546,0.00011871333,8.834248e-06,197388,6.3087944e-05,-0.00075289985,0.0006886149,0.5,1.4229403e-06,1.9339248e-06,0.00015023671,1,1,1,1,1,0
1777225896537000,1777225896385000,1310988,0.00063268724,-8.585672e-05,0.0006369249,0.15,1.5408554e-07,1.535018e-07,3.5657055e-07,1310988,-0.0028005228,0.010723203,0.0047772243,0.4,0.00010602337,0.000118727534,8.831346e-06,197388,7.795994e-05,-0.0007556111,0.0006776284,0.5,1.4032404e-06,1.9306556e-06,0.000150218,1,1,1,1,1,0
1777225897537000,1777225897385000,1310988,0.0006259955,-7.995231e-05,0.0006327338,0.15,1.5358106e-07,1.530448e-07,3.5806488e-07,1310988,-0.002796607,0.010735932,0.0047904816,0.4,0.000105978776,0.000118742195,8.828526e-06,197388,7.294598e-05,-0.00075517816,0.0006801547,0.5,1.3845474e-06,1.928178e-06,0.00015018934,1,1,1,1,1,0
1777225898537000,1777225898385000,1310988,0.0006287691,-8.41729e-05,0.00062618434,0.15,1.5312415e-07,1.526444e-07,3.589827e-07,1310988,-0.002776435,0.010718334,0.0047979276,0.4,0.00010593595,0.00011875405,8.825737e-06,197388,6.307445e-05,-0.00075321156,0.0006885856,0.5,1.3655512e-06,1.926203e-06,0.0001501531,1,1,1,1,1,0
1777225899537000,1777225899385000,1310988,0.0006323413,-8.673645e-05,0.0006251465,0.15,1.5231498e-07,1.5189782e-07,3.6018426e-07,1310988,-0.002745966,0.010712628,0.0048016985,0.4,0.000105901476,0.000118764954,8.8192355e-06,197388,7.662016e-05,-0.0007517137,0.0006738079,0.5,1.3484693e-06,1.9248162e-06,0.00015013338,1,1,1,1,1,0
1777225900537000,1777225900385000,1310988,0.0006388389,-4.8206606e-05,0.00061376253,0.15,1.52023e-07,1.5162531e-07,3.6102006e-07,1310988,-0.002754674,0.010774989,0.0047859424,0.4,0.000105867,0.00011878088,8.816622e-06,197388,6.422967e-05,-0.0007507891,0.00063590985,0.5,1.3310624e-06,1.9238028e-06,0.00014980251,1,1,1,1,1,0
1777225901537000,1777225901385000,1310988,0.00064339803,0.00010062731,0.00059669855,0.15,1.5274247e-07,1.5138536e-07,3.498587e-07,1310988,-0.0027122654,0.0109863,0.004756609,0.4,0.0001057807,0.00011852663,8.814185e-06,197388,3.2756216e-05,-0.00077905104,0.00067824346,0.5,1.3097141e-06,1.9069273e-06,0.00014564296,1,1,1,1,1,0
1777225902537000,1777225902385000,1310988,0.000659163,0.00011798926,0.0005710898,0.15,1.5521168e-07,1.5117166e-07,3.2988322e-07,1310988,-0.002703919,0.010877141,0.004732863,0.4,0.00010569553,0.00011801513,8.811682e-06,197388,1.0794355e-05,-0.000818482,0.00047004677,0.5,1.2905626e-06,1.8716609e-06,0.00014240213,1,1,1,1,1,0
1777225903537000,1777225903385000,1310988,0.0006743723,1.658612e-05,0.0005421079,0.15,1.5728604e-07,1.5072209e-07,3.2158465e-07,1310988,-0.0026537206,0.010577125,0.004874927,0.4,0.00010563915,0.00011781527,8.805173e-06,197388,2.0543352e-05,-0.0008410254,0.00059822324,0.5,1.2731916e-06,1.8564272e-06,0.00014148516,1,1,1,1,1,0
1777225904537000,1777225904385000,1310988,0.00069301756,-9.909295e-05,0.0005325897,0.15,1.5802482e-07,1.5142064e-07,3.2136808e-07,1310988,-0.0024307813,0.010489656,0.0050648926,0.4,0.000105604,0.000117840435,8.8027255e-06,197388,4.773636e-05,-0.00083997333,0.00083721336,0.5,1.259143e-06,1.8535677e-06,0.00014135434,1,1,1,1,1,0
1777225905537000,1777225905385000,1310988,0.000717027,-0.00017116575,0.000552346,0.15,1.5609102e-07,1.5152465e-07,3.1931154e-07,1310988,-0.0025314542,0.010778384,0.0050282944,0.4,0.00010536639,0.000117653544,8.8002225e-06,197388,9.243052e-05,-0.0008159565,0.0009677571,0.5,1.2465678e-06,1.834268e-06,0.00014131678,1,1,1,1,1,0
1777225906537000,1777225906385000,1310988,0.0007259596,-0.00017843157,0.00056779763,0.15,1.5501791e-07,1.5239108e-07,3.1552085e-07,1310988,-0.0026007055,0.010773045,0.004961145,0.4,0.000103726765,0.00011612774,8.797429e-06,197388,0.00010752672,-0.000779284,0.0009864576,0.5,1.2373041e-06,1.7818104e-06,0.00014128932,1,1,1,1,1,0
1777225907537000,1777225907385000,1310988,0.00072760816,-0.000151562,0.00059032586,0.15,1.5709162e-07,1.5544632e-07,3.123378e-07,1310988,-0.0019784411,0.010005736,0.0048782434,0.4,9.936253e-05,0.000111777656,8.790266e-06,197388,8.112381e-05,-0.0007047303,0.0009802852,0.5,1.2269932e-06,1.7144108e-06,0.00014124169,1,1,1,1,1,0
1777225908369000,1777225908217000,1310988,0.0007327838,-0.00013279218,0.0006031041,0.15,1.6153523e-07,1.6013999e-07,3.1238517e-07,1310988,-0.0015862723,0.009055472,0.0048168777,0.4,9.483601e-05,0.00010694642,8.786708e-06,197388,6.518353e-05,-0.0006485853,0.0009527318,0.5,1.2175761e-06,1.6743005e-06,0.0001412213,1,1,1,1,1,0
1777225909257000,1777225909105000,1310988,0.0007320225,-0.000119206874,0.0006120747,0.15,1.6748788e-07,1.6616043e-07,3.1199298e-07,1310988,-0.0012082123,0.008079408,0.004748994,0.4,9.0290785e-05,0.00010197214,8.783249e-06,197388,4.5744648e-05,-0.0005992432,0.00095188676,0.5,1.2078117e-06,1.6358407e-06,0.00014121851,1,1,1,1,1,0
1777225910257000,1777225910105000,1310988,0.00072156935,-0.00010878176,0.000632245,0.15,1.7404938e-07,1.7266197e-07,3.1169324e-07,1310988,-0.001015836,0.0072103785,0.004702686,0.4,8.648141e-05,9.773249e-05,8.780127e-06,197388,3.0089968e-05,-0.0005331097,0.0009576442,0.5,1.1994405e-06,1.6004635e-06,0.0001412131,1,1,1,1,1,0
1777225911257000,1777225911105000,1310988,0.0007075909,-9.9807e-05,0.00064580096,0.15,1.7896924e-07,1.7747531e-07,3.1180838e-07,1310988,-0.0009566756,0.006761486,0.0046753427,0.4,8.420395e-05,9.512441e-05,8.777213e-06,197388,3.1188196e-05,-0.0004951337,0.0009535528,0.5,1.1939081e-06,1.5725252e-06,0.00014120126,1,1,1,1,1,0
1777225912257000,1777225912105000,1310988,0.0006912135,-8.4613945e-05,0.0006564709,0.15,1.815162e-07,1.7993003e-07,3.117405e-07,1310988,-0.0010216412,0.0064578634,0.004674788,0.4,8.3086285e-05,9.375821e-05,8.77449e-06,197388,3.3541775e-05,-0.00046827242,0.00094345515,0.5,1.1902583e-06,1.5484692e-06,0.00014119396,1,1,1,1,1,0
1777225913257000,1777225913105000,1310988,0.0006828369,-7.027778e-05,0.000656631,0.15,1.813066e-07,1.797268e-07,3.118837e-07,1310988,-0.0011448326,0.0063914163,0.0046829493,0.4,8.262084e-05,9.309183e-05,8.767968e-06,197388,3.7307633e-05,-0.00046661665,0.00094018364,0.5,1.1876858e-06,1.5282642e-06,0.00014118823,1,1,1,1,1,0
1777225914257000,1777225914105000,1310988,0.00068268925,-5.498837e-05,0.00066615193,0.15,1.7977743e-07,1.7828864e-07,3.1265358e-07,1310988,-0.0011947076,0.006431301,0.0046892073,0.4,8.247591e-05,9.280623e-05,8.765452e-06,197388,3.3567954e-05,-0.00045294568,0.00092713797,0.5,1.1856896e-06,1.5116821e-06,0.0001411824,1,1,1,1,1,0
1777225915257000,1777225915105000,1310988,0.00069540646,-3.944848e-05,0.0006801543,0.15,1.772854e-07,1.7593626e-07,3.134445e-07,1310988,-0.0011733612,0.0065484256,0.0046880264,0.4,8.2411636e-05,9.2633236e-05,8.763017e-06,197388,2.951552e-05,-0.00043499915,0.00091310946,0.5,1.1837747e-06,1.4967113e-06,0.00014117664,1,1,1,1,1,0
1777225916257000,1777225916105000,1310988,0.0007184679,-3.0059904e-05,0.000684123,0.15,1.7440274e-07,1.7319779e-07,3.1376524e-07,1310988,-0.0011196084,0.0066243284,0.0046919095,0.4,8.234921e-05,9.24763e-05,8.7606195e-06,197388,2.4785886e-05,-0.00043074685,0.00091220526,0.5,1.1817161e-06,1.4822683e-06,0.00014116876,1,1,1,1,1,0
1777225917257000,1777225917105000,1310988,0.0007407225,-1.8106692e-05,0.00069365784,0.15,1.7154677e-07,1.7050246e-07,3.146316e-07,1310988,-0.0010352961,0.006708315,0.004679568,0.4,8.227417e-05,9.232408e-05,8.758218e-06,197388,1.9675657e-05,-0.00041941286,0.00090528146,0.5,1.1797666e-06,1.4701028e-06,0.00014116212,1,1,1,1,1,0
1777225918257000,1777225918105000,1310988,0.0007745479,-3.492904e-06,0.00070453266,0.15,1.6819918e-07,1.6731062e-07,3.1502728e-07,1310988,-0.00088574947,0.0067902207,0.0046344926,0.4,8.218183e-05,9.216391e-05,8.752112e-06,197388,1.7677085e-05,-0.00040646692,0.0009015924,0.5,1.1776798e-06,1.4584016e-06,0.00014115713,1,1,1,1,1,0
1777225919257000,1777225919105000,1310988,0.0008054803,4.316399e-06,0.0006995436,0.15,1.6570303e-07,1.6492983e-07,3.1547538e-07,1310988,-0.00077047263,0.0067897155,0.0045936266,0.4,8.210076e-05,9.202806e-05,8.749882e-06,197388,6.17033e-06,-0.00041146076,0.0008967633,0.5,1.1756467e-06,1.4480353e-06,0.00014115105,1,1,1,1,1,0
1777225920257000,1777225920105000,1310988,0.0008315763,1.6211827e-05,0.00070843124,0.15,1.6361477e-07,1.6293501e-07,3.164611e-07,1310988,-0.0006647392,0.0068390616,0.004563086,0.4,8.2033286e-05,9.191696e-05,8.747723e-06,197388,8.0135754e-07,-0.00040171426,0.0008919811,0.5,1.1737906e-06,1.4394321e-06,0.00014114556,1,1,1,1,1,0
1777225921257000,1777225921105000,1310988,0.00085638574,2.9723842e-05,0.0007030004,0.15,1.618629e-07,1.612568e-07,3.174302e-07,1310988,-0.0005705632,0.006862832,0.0045527196,0.4,8.1981605e-05,9.182836e-05,8.7456e-06,197388,-2.6926912e-06,-0.00040741847,0.0008947918,0.5,1.1720102e-06,1.4318148e-06,0.00014114146,1,1,1,1,1,0
1777225922257000,1777225922105000,1310988,0.00087850314,5.0051378e-05,0.00070874044,0.15,1.598932e-07,1.5935873e-07,3.178978e-07,1310988,-0.00048072607,0.006935736,0.0045530666,0.4,8.1939856e-05,9.175035e-05,8.739647e-06,197388,-4.6193672e-06,-0.00040328526,0.00089072785,0.5,1.170177e-06,1.4246465e-06,0.0001411381,1,1,1,1,1,0
1777225923257000,1777225923105000,1310988,0.0008882192,7.9129335e-05,0.0007120789,0.15,1.5868613e-07,1.5820346e-07,3.1837644e-07,1310988,-0.00044369427,0.0070346063,0.004549909,0.4,8.1918544e-05,9.1696435e-05,8.737646e-06,197388,-2.8626787e-06,-0.0004030866,0.0008946112,0.5,1.1684242e-06,1.4184295e-06,0.00014113433,1,1,1,1,1,0
1777225924257000,1777225924105000,1310988,0.00088544487,0.0001071255,0.0007184368,0.15,1.5766007e-07,1.5721909e-07,3.19387e-07,1310988,-0.00042845763,0.007131915,0.004538993,0.4,8.1909195e-05,9.166202e-05,8.735696e-06,197388,-8.1203925e-06,-0.00040079842,0.0008818105,0.5,1.1668343e-06,1.4133446e-06,0.00014112893,1,1,1,1,1,0
1777225925257000,1777225925105000,1310988,0.00088065554,0.0001187452,0.0007120368,0.15,1.5673561e-07,1.5631569e-07,3.1993054e-07,1310988,-0.00043793037,0.007152545,0.004525213,0.4,8.190868e-05,9.163948e-05,8.733813e-06,197388,-1.3618993e-05,-0.00040728567,0.00087120204,0.5,1.1652005e-06,1.408616e-06,0.00014112481,1,1,1,1,1,0
1777225926257000,1777225926105000,1310988,0.000867694,0.00011575487,0.00071336067,0.15,1.5545841e-07,1.5507827e-07,3.20421e-07,1310988,-0.00046731642,0.007148868,0.0045151687,0.4,8.191326e-05,9.1625334e-05,8.728086e-06,197388,-1.0055361e-05,-0.0004066953,0.0008722385,0.5,1.1636229e-06,1.4045049e-06,0.0001411238,1,1,1,1,1,0
1777225927257000,1777225927105000,1310988,0.00085092627,0.00010620799,0.0007209139,0.15,1.5472102e-07,1.54389e-07,3.2080527e-07,1310988,-0.00051258295,0.007139974,0.004496677,0.4,8.1927974e-05,9.162336e-05,8.726281e-06,197388,-8.9043715e-06,-0.0004012678,0.0008748522,0.5,1.1621049e-06,1.4009782e-06,0.0001411232,1,1,1,1,1,0
1777225928257000,1777225928105000,1310988,0.0008421446,8.9250054e-05,0.0007170689,0.15,1.5409134e-07,1.5381511e-07,3.2161594e-07,1310988,-0.00053377455,0.00709585,0.004466957,0.4,8.194941e-05,9.16306e-05,8.724537e-06,197388,-9.358783e-06,-0.00040227387,0.0008755757,0.5,1.1607139e-06,1.3981338e-06,0.0001411226,1,1,1,1,1,0
1777225929257000,1777225929105000,1310988,0.0008416683,6.970099e-05,0.0007126367,0.15,1.5356818e-07,1.5333893e-07,3.2290663e-07,1310988,-0.00056854746,0.0070475256,0.0046632728,0.4,8.197669e-05,9.164519e-05,8.722819e-06,197388,-7.0168808e-06,-0.0004029407,0.00087978505,0.5,1.1594486e-06,1.3958409e-06,0.00014112165,1,1,1,1,1,0
1777225929953000,1777225929801000,1310988,0.0008257154,5.520793e-05,0.0007075855,0.15,1.5291081e-07,1.5270726e-07,3.2372714e-07,1310988,-0.00069312996,0.0070142983,0.005670971,0.4,8.1997176e-05,9.165733e-05,8.718647e-06,197388,9.926189e-07,-0.00040504182,0.0008774771,0.5,1.1585873e-06,1.3944393e-06,0.000141121,1,1,1,1,1,0
1777225930729000,1777225930577000,1310988,0.00081344025,3.224859e-05,0.00069941074,0.15,1.524956e-07,1.5231255e-07,3.246571e-07,1310988,-0.0008275149,0.006962797,0.006705968,0.4,8.202364e-05,9.167529e-05,8.716393e-06,197388,5.91528e-06,-0.00040782205,0.0008783519,0.5,1.1576543e-06,1.3930489e-06,0.00014112021,1,1,1,1,1,0
1777225931617000,1777225931465000,1310988,0.000800045,1.3131826e-05,0.000705723,0.15,1.5211315e-07,1.5193272e-07,3.2484596e-07,1310988,-0.0009497239,0.006942538,0.0077320365,0.4,8.205631e-05,9.1698304e-05,8.714468e-06,197388,1.0155345e-05,-0.00040395392,0.0008736745,0.5,1.1564711e-06,1.39149e-06,0.0001411192,1,1,1,1,1,0
1777225932617000,1777225932465000,1310988,0.00078629114,-2.0762895e-06,0.00070868945,0.15,1.5142952e-07,1.5125674e-07,3.2357408e-07,1310988,-0.001056162,0.0069041173,0.008633122,0.4,8.209601e-05,9.171737e-05,8.712923e-06,197388,1.521803e-05,-0.00040903589,0.0008721131,0.5,1.1552237e-06,1.3898225e-06,0.00014111822,1,1,1,1,1,0
1777225933617000,1777225933465000,1310988,0.00077236537,-1.5741422e-05,0.0007104437,0.15,1.5074068e-07,1.5056763e-07,3.2146244e-07,1310988,-0.0011391258,0.0068802508,0.009284885,0.4,8.213837e-05,9.1739654e-05,8.711401e-06,197388,1.7619566e-05,-0.00040967227,0.00086926937,0.5,1.1539179e-06,1.3882643e-06,0.00014111697,1,1,1,1,1,0
