timestamp,timestamp_sample,position_drift_rate_horizontal_m_s,position_drift_rate_vertical_m_s,filtered_horizontal_speed_m_s,checks_passed,check_fail_gps_fix,check_fail_min_sat_count,check_fail_max_pdop,check_fail_max_horz_err,check_fail_max_vert_err,check_fail_max_spd_err,check_fail_max_horz_drift,check_fail_max_vert_drift,check_fail_max_horz_spd_err,check_fail_max_vert_spd_err
1777318627623000,1777318627509000,0.0,0.0,0.0,0,1,0,0,1,0,0,0,0,0,0
1777318627679000,1777318627561000,0.0013427451,0.0010009765,0.0,0,1,0,0,1,0,0,0,0,0,0
1777318627727000,1777318627613000,0.001501465,5.205162e-06,0.0,0,1,0,0,1,0,0,0,0,0,0
1777318627783000,1777318627665000,0.0014936575,0.00060637435,0.0,0,1,0,0,1,0,0,0,0,0,0
1777318627839000,1777318627717000,0.0007332177,0.0013020737,0.0,0,1,0,0,1,0,0,0,0,0,0
1777318627887000,1777318627769000,0.0011178844,0.0011945949,0.0,0,1,0,0,1,0,0,0,0,0,0
1777318627943000,1777318627821000,2.3180424e-05,0.00028811448,0.0,0,1,0,0,1,0,0,0,0,0,0
1777318627991000,1777318627873000,2.3059885e-05,0.00051294424,0.0,0,1,0,0,1,0,0,0,0,0,0
1777318628039000,1777318627925000,0.00072974426,0.00060793315,0.0,0,1,0,0,1,0,0,0,0,0,0
1777318628095000,1777318627977000,2.673463e-05,0.0005071156,0.0,0,1,0,0,1,0,0,0,0,0,0
1777318628143000,1777318628029000,0.0011123844,0.00030306255,0.0,0,1,0,0,1,0,0,0,0,0,0
1777318628199000,1777318628081000,0.0014789217,0.0009985622,0.0,0,1,0,0,1,0,0,0,0,0,0
1777318628247000,1777318628133000,0.0007185587,0.00039217336,0.0,0,1,0,0,1,0,0,0,0,0,0
1777318628303000,1777318628185000,0.0014674948,0.0009913302,0.0,0,1,0,0,1,0,0,0,0,0,0
1777318628359000,1777318628237000,0.0007071912,0.00078475924,0.0,0,0,0,0,0,0,0,0,0,0,0
1777318628407000,1777318628289000,4.9504077e-05,0.00048160623,0.0,0,0,0,0,0,0,0,0,0,0,0
1777318628463000,1777318628341000,0.0007037693,0.0007202389,0.0,0,0,0,0,0,0,0,0,0,0,0
1777318628511000,1777318628393000,0.0011186777,0.00018377486,0.0,0,0,0,0,0,0,0,0,0,0,0
1777318628559000,1777318628445000,0.0015576902,0.000119304794,0.0,0,0,0,0,0,0,0,0,0,0,0
1777318628615000,1777318628497000,0.00190708,0.0001186844,0.0,0,0,0,0,0,0,0,0,0,0,0
1777318628663000,1777318628549000,0.0013583769,0.00011806724,0.0,0,0,0,0,0,0,0,0,0,0,0
1777318628719000,1777318628601000,0.0015374759,0.0009842312,0.0,0,0,0,0,0,0,0,0,0,0,0
1777318628767000,1777318628653000,0.0011239942,0.0014796015,0.0,0,0,0,0,0,0,0,0,0,0,0
1777318628823000,1777318628705000,0.0011181494,0.002372176,0.0,1,0,0,0,0,0,0,0,0,0,0
1777318628879000,1777318628757000,0.001112335,0.0018593522,0.0,1,0,0,0,0,0,0,0,0,0,0
1777318628927000,1777318628809000,2.4358917e-05,0.0017489756,0.0,1,0,0,0,0,0,0,0,0,0,0
1777318628983000,1777318628861000,0.001324977,0.0006412481,0.0,1,0,0,0,0,0,0,0,0,0,0
1777318629031000,1777318628913000,0.00072541094,3.6717334e-05,0.0,1,0,0,0,0,0,0,0,0,0,0
1777318629079000,1777318628965000,0.001101073,0.00026254583,0.0,1,0,0,0,0,0,0,0,0,0,0
1777318629135000,1777318629017000,0.0026540663,0.00063908787,0.0,1,0,0,0,0,0,0,0,0,0,0
1777318629183000,1777318629069000,0.0010841225,0.0006357646,0.0,1,0,0,0,0,0,0,0,0,0,0
1777318629239000,1777318629121000,0.001078485,0.0006675902,0.0,1,0,0,0,0,0,0,0,0,0,0
1777318629295000,1777318629173000,0.0007919205,0.00036504644,0.0,1,0,0,0,0,0,0,0,0,0,0
1777318629343000,1777318629225000,5.2235326e-05,0.00023499629,0.0,1,0,0,0,0,0,0,0,0,0,0
1777318629399000,1777318629277000,0.0013943674,0.0013354588,0.0,1,0,0,0,0,0,0,0,0,0,0
1777318629447000,1777318629329000,0.0013871166,0.00082802615,0.0,1,0,0,0,0,0,0,0,0,0,0
1777318629503000,1777318629381000,0.0022840044,7.654808e-05,0.0,1,0,0,0,0,0,0,0,0,0,0
1777318629551000,1777318629433000,0.0015195245,0.00012526599,0.0,1,0,0,0,0,0,0,0,0,0,0
1777318629607000,1777318629485000,0.002264226,0.0001246146,0.0,1,0,0,0,0,0,0,0,0,0,0
1777318629655000,1777318629537000,0.0018509434,0.0010784259,0.0,1,0,0,0,0,0,0,0,0,0,0
1777318629703000,1777318629589000,0.0022447295,0.00012957444,0.0,1,0,0,0,0,0,0,0,0,0,0
1777318629759000,1777318629641000,0.0013017354,0.0012275334,0.0,1,0,0,0,0,0,0,0,0,0,0
1777318629815000,1777318629693000,0.0007826232,0.0015202225,0.0,1,0,0,0,0,0,0,0,0,0,0
1777318629863000,1777318629745000,4.5342604e-05,0.0010148808,0.0,1,0,0,0,0,0,0,0,0,0,0
1777318629911000,1777318629797000,0.00077841437,0.00049186137,0.0,1,0,0,0,0,0,0,0,0,0,0
1777318629967000,1777318629849000,0.0018664462,8.952341e-05,0.0,1,0,0,0,0,0,0,0,0,0,0
1777318630015000,1777318629901000,0.0018567407,0.0015100632,0.0,1,0,0,0,0,0,0,0,0,0,0
1777318630071000,1777318629953000,0.0022635187,0.0016029188,0.0,1,0,0,0,0,0,0,0,0,0,0
1777318630119000,1777318630005000,0.0012990484,0.00089573115,0.0,1,0,0,0,0,0,0,0,0,0,0
1777318630175000,1777318630057000,0.0014956379,0.0014892179,0.0,1,0,0,0,0,0,0,0,0,0,0
1777318630231000,1777318630109000,0.001165708,0.0014814739,0.0,1,0,0,0,0,0,0,0,0,0,0
1777318630279000,1777318630161000,0.0007358443,0.0017758943,0.0,1,0,0,0,0,0,0,0,0,0,0
1777318630327000,1777318630213000,0.0007763226,0.00026519492,0.0,1,0,0,0,0,0,0,0,0,0,0
1777318630383000,1777318630265000,0.0027346665,0.0003343286,0.0,1,0,0,0,0,0,0,0,0,0,0
1777318630431000,1777318630317000,0.0023844931,0.00046697044,0.0,1,0,0,0,0,0,0,0,0,0,0
1777318630487000,1777318630369000,0.0022474087,0.00096503046,0.0,1,0,0,0,0,0,0,0,0,0,0
1777318630535000,1777318630421000,0.0036731209,0.0015581567,0.0,1,0,0,0,0,0,0,0,0,0,0
1777318630591000,1777318630473000,0.0026799531,0.0013516899,0.0,1,0,0,0,0,0,0,0,0,0,0
1777318630647000,1777318630525000,0.002328573,0.0014423174,0.0,1,0,0,0,0,0,0,0,0,0,0
1777318630695000,1777318630577000,0.0010834273,0.0004368925,0.0,1,0,0,0,0,0,0,0,0,0,0
1777318630751000,1777318630629000,0.0013221536,0.00013249664,0.0,1,0,0,0,0,0,0,0,0,0,0
1777318630799000,1777318630681000,0.0023131468,0.0008337119,0.0,1,0,0,0,0,0,0,0,0,0,0
1777318630847000,1777318630733000,0.0023011183,0.00042959632,0.0,1,0,0,0,0,0,0,0,0,0,0
1777318630903000,1777318630785000,0.0010494537,0.00022594638,0.0,1,0,0,0,0,0,0,0,0,0,0
1777318630951000,1777318630837000,0.0010439965,0.0010752773,0.0,1,0,0,0,0,0,0,0,0,0,0
1777318631007000,1777318630889000,0.0018299626,0.0013687582,0.0,1,0,0,0,0,0,0,0,0,0,0
1777318631063000,1777318630941000,0.00075032783,0.00076044427,0.0,1,0,0,0,0,0,0,0,0,0,0
1777318631111000,1777318630993000,0.00076708203,0.00055812567,0.0,1,0,0,0,0,0,0,0,0,0,0
1777318631167000,1777318631045000,0.0012827137,0.0019559802,0.0,1,0,0,0,0,0,0,0,0,0,0
1777318631215000,1777318631097000,0.0012760435,0.001945809,0.0,1,0,0,0,0,0,0,0,0,0,0
1777318631271000,1777318631149000,0.0021352074,0.0011361302,0.0,1,0,0,0,0,0,0,0,0,0,0
1777318631319000,1777318631201000,0.0012622107,0.0013285865,0.0,1,0,0,0,0,0,0,0,0,0,0
1777318631367000,1777318631253000,0.0012556472,0.0014223858,0.0,1,0,0,0,0,0,0,0,0,0,0
1777318631423000,1777318631305000,0.0007544179,0.0007130851,0.0,1,0,0,0,0,0,0,0,0,0,0
1777318631479000,1777318631357000,0.0012472639,0.00081008504,0.0,1,0,0,0,0,0,0,0,0,0,0
1777318631527000,1777318631409000,0.001240778,6.3120387e-06,0.0,1,0,0,0,0,0,0,0,0,0,0
1777318631575000,1777318631461000,0.0012560316,0.00020769522,0.0,1,0,0,0,0,0,0,0,0,0,0
1777318631631000,1777318631513000,0.0009867739,9.55088e-05,0.0,1,0,0,0,0,0,0,0,0,0,0
1777318631679000,1777318631565000,0.001245408,0.0014927171,0.0,1,0,0,0,0,0,0,0,0,0,0
1777318631735000,1777318631617000,0.0009764905,0.00038632203,0.0,1,0,0,0,0,0,0,0,0,0,0
1777318631791000,1777318631669000,0.00014092999,0.00028360513,0.0,1,0,0,0,0,0,0,0,0,0,0
1777318631839000,1777318631721000,0.0012518427,0.00071579445,0.0,1,0,0,0,0,0,0,0,0,0,0
1777318631895000,1777318631773000,0.0015015659,8.748821e-05,0.0,1,0,0,0,0,0,0,0,0,0,0
1777318631943000,1777318631825000,0.0022444634,0.00081323524,0.0,1,0,0,0,0,0,0,0,0,0,0
1777318631991000,1777318631877000,0.0014820917,0.00021086191,0.0,1,0,0,0,0,0,0,0,0,0,0
1777318632047000,1777318631929000,0.0012141471,9.235859e-05,0.0,1,0,0,0,0,0,0,0,0,0,0
1777318632095000,1777318631981000,0.00222168,0.0004916586,0.0,1,0,0,0,0,0,0,0,0,0,0
1777318632151000,1777318632033000,0.0017507534,8.9321664e-05,0.0,1,0,0,0,0,0,0,0,0,0,0
1777318632207000,1777318632085000,0.0025356729,0.001086782,0.0,1,0,0,0,0,0,0,0,0,0,0
1777318632255000,1777318632137000,0.0011799365,0.0005836942,0.0,1,0,0,0,0,0,0,0,0,0,0
1777318632311000,1777318632189000,0.00095799397,0.0006783152,0.0,1,0,0,0,0,0,0,0,0,0,0
1777318632359000,1777318632241000,0.0007011811,0.0017764724,0.0,1,0,0,0,0,0,0,0,0,0,0
1777318632415000,1777318632293000,0.0017187042,0.002066307,0.0,1,0,0,0,0,0,0,0,0,0,0
1777318632463000,1777318632345000,0.0014336138,0.0016557819,0.0,1,0,0,0,0,0,0,0,0,0,0
1777318632511000,1777318632397000,0.0006840669,0.00064619526,0.0,1,0,0,0,0,0,0,0,0,0,0
1777318632567000,1777318632449000,0.0017016914,0.0023426642,0.0,1,0,0,0,0,0,0,0,0,0,0
1777318632615000,1777318632501000,0.0016928426,0.002132118,0.0,1,0,0,0,0,0,0,0,0,0,0
1777318632671000,1777318632553000,0.0009442565,0.0028198832,0.0,1,0,0,0,0,0,0,0,0,0,0
1777318632719000,1777318632605000,0.0024779895,0.0030066357,0.0,1,0,0,0,0,0,0,0,0,0,0
1777318632775000,1777318632657000,0.0020377925,0.0024905128,0.0,1,0,0,0,0,0,0,0,0,0,0
1777318632823000,1777318632709000,0.00022958852,0.0017787096,0.0,1,0,0,0,0,0,0,0,0,0,0
1777318632879000,1777318632761000,0.0008876486,0.00066777575,0.0,1,0,0,0,0,0,0,0,0,0,0
1777318632935000,1777318632813000,0.0016253607,0.0005635953,0.0,1,0,0,0,0,0,0,0,0,0,0
1777318632983000,1777318632865000,0.0012505379,0.0004372602,0.0,1,0,0,0,0,0,0,0,0,0,0
1777318633031000,1777318632917000,0.0012440351,0.0014632068,0.0,1,0,0,0,0,0,0,0,0,0,0
1777318633087000,1777318632969000,0.0012375661,0.0013548902,0.0,1,0,0,0,0,0,0,0,0,0,0
1777318633143000,1777318633021000,0.0011206502,0.0012501884,0.0,1,0,0,0,0,0,0,0,0,0,0
1777318633191000,1777318633073000,0.00090079184,0.0015427597,0.0,1,0,0,0,0,0,0,0,0,0,0
1777318633247000,1777318633125000,0.00023771223,0.0016665565,0.0,1,0,0,0,0,0,0,0,0,0,0
1777318633295000,1777318633177000,0.0012268787,0.00015642552,0.0,1,0,0,0,0,0,0,0,0,0,0
1777318633343000,1777318633229000,0.0012204989,0.00024416816,0.0,1,0,0,0,0,0,0,0,0,0,0
1777318633399000,1777318633281000,0.001601842,0.0002575898,0.0,1,0,0,0,0,0,0,0,0,0,0
1777318633455000,1777318633333000,0.0015935123,5.483431e-05,0.0,1,0,0,0,0,0,0,0,0,0,0
1777318633503000,1777318633385000,0.0015852262,0.00024452308,0.0,1,0,0,0,0,0,0,0,0,0,0
1777318633559000,1777318633437000,0.0015769829,0.00074373983,0.0,1,0,0,0,0,0,0,0,0,0,0
1777318633607000,1777318633489000,0.0030521816,0.0010389446,0.0,1,0,0,0,0,0,0,0,0,0,0
1777318633655000,1777318633541000,0.0024557097,0.0002665067,0.0,1,0,0,0,0,0,0,0,0,0,0
1777318633711000,1777318633593000,0.0030243138,0.0001346594,0.0,1,0,0,0,0,0,0,0,0,0,0
1777318633767000,1777318633645000,0.0017452511,3.3251163e-05,0.0,1,0,0,0,0,0,0,0,0,0,0
1777318633815000,1777318633697000,0.0030823702,0.0008641385,0.0,1,0,0,0,0,0,0,0,0,0,0
1777318633871000,1777318633749000,0.003066342,0.0007619887,0.0,1,0,0,0,0,0,0,0,0,0,0
1777318633919000,1777318633801000,0.001115395,0.0015575868,0.0,1,0,0,0,0,0,0,0,0,0,0
1777318633967000,1777318633853000,0.00081360067,0.0012504151,0.0,1,0,0,0,0,0,0,0,0,0,0
1777318634023000,1777318633905000,0.0011133677,0.00044130074,0.0,1,0,0,0,0,0,0,0,0,0,0
1777318634079000,1777318633957000,0.0011075783,0.00036055455,0.0,1,0,0,0,0,0,0,0,0,0,0
1777318634127000,1777318634009000,0.0017018985,5.655564e-05,0.0,1,0,0,0,0,0,0,0,0,0,0
1777318634183000,1777318634061000,0.0033791943,0.0006574578,0.0,1,0,0,0,0,0,0,0,0,0,0
1777318634231000,1777318634113000,0.0031050572,0.00045567472,0.0,1,0,0,0,0,0,0,0,0,0,0
1777318634287000,1777318634165000,0.0033458653,0.0004533052,0.0,1,0,0,0,0,0,0,0,0,0,0
1777318634335000,1777318634217000,0.0020071946,0.0012505085,0.0,1,0,0,0,0,0,0,0,0,0,0
1777318634391000,1777318634269000,0.001996757,0.0010425898,0.0,1,0,0,0,0,0,0,0,0,0,0
1777318634439000,1777318634321000,0.0019863737,0.00036358845,0.0,1,0,0,0,0,0,0,0,0,0,0
1777318634487000,1777318634373000,0.0010170502,0.00093835103,0.0,1,0,0,0,0,0,0,0,0,0,0
1777318634543000,1777318634425000,0.001493948,0.0009334716,0.0,1,0,0,0,0,0,0,0,0,0,0
1777318634591000,1777318634477000,0.002077476,0.0015298137,0.0,1,0,0,0,0,0,0,0,0,0,0
1777318634647000,1777318634529000,0.0014905427,0.0010213703,0.0,1,0,0,0,0,0,0,0,0,0,0
1777318634703000,1777318634581000,0.0020600639,0.00058306183,0.0,1,0,0,0,0,0,0,0,0,0,0
1777318634751000,1777318634633000,0.0014698759,0.00038166565,0.0,1,0,0,0,0,0,0,0,0,0,0
1777318634799000,1777318634685000,0.0007620252,0.0010210758,0.0,1,0,0,0,0,0,0,0,0,0,0
1777318634855000,1777318634737000,0.0014683766,0.00061598595,0.0,1,0,0,0,0,0,0,0,0,0,0
1777318634903000,1777318634789000,0.0007719945,0.0011132711,0.0,1,0,0,0,0,0,0,0,0,0,0
1777318634959000,1777318634841000,0.00075287826,0.0018063346,0.0,1,0,0,0,0,0,0,0,0,0,0
1777318635007000,1777318634893000,0.0010128445,0.0015985774,0.0,1,0,0,0,0,0,0,0,0,0,0
1777318635063000,1777318634945000,0.0019859849,0.0004885802,0.0,1,0,0,0,0,0,0,0,0,0,0
1777318635111000,1777318634997000,0.001865718,0.0010123735,0.0,1,0,0,0,0,0,0,0,0,0,0
1777318635167000,1777318635049000,0.000747717,0.0007080368,0.0,1,0,0,0,0,0,0,0,0,0,0
1777318635223000,1777318635101000,0.0009884819,0.00060364703,0.0,1,0,0,0,0,0,0,0,0,0,0
1777318635271000,1777318635153000,0.0009833418,0.0017998489,0.0,1,0,0,0,0,0,0,0,0,0,0
1777318635319000,1777318635205000,0.0014547445,0.0016928334,0.0,1,0,0,0,0,0,0,0,0,0,0
1777318635375000,1777318635257000,0.0007474684,0.00078376214,0.0,1,0,0,0,0,0,0,0,0,0,0
1777318635431000,1777318635309000,0.0016216378,0.00012058194,0.0,1,0,0,0,0,0,0,0,0,0,0
1777318635479000,1777318635361000,0.0016132053,1.9246909e-05,0.0,1,0,0,0,0,0,0,0,0,0,0
1777318635527000,1777318635413000,0.00073007436,0.00082175905,0.0,1,0,0,0,0,0,0,0,0,0,0
1777318635583000,1777318635465000,0.0014293704,0.00028419867,0.0,1,0,0,0,0,0,0,0,0,0,0
1777318635631000,1777318635517000,0.0014219376,0.00011705942,0.0,1,0,0,0,0,0,0,0,0,0,0
1777318635687000,1777318635569000,0.0014145435,0.0010167192,0.0,1,0,0,0,0,0,0,0,0,0,0
1777318635735000,1777318635621000,0.0022458006,0.0021131167,0.0,1,0,0,0,0,0,0,0,0,0,0
1777318635791000,1777318635673000,0.0009616261,0.0033014691,0.0,1,0,0,0,0,0,0,0,0,0,0
1777318635839000,1777318635725000,0.0006967973,0.002582397,0.0,1,0,0,0,0,0,0,0,0,0,0
1777318635895000,1777318635777000,0.0015400355,0.0015710437,0.0,1,0,0,0,0,0,0,0,0,0,0
1777318635943000,1777318635829000,0.0015320271,0.0022617267,0.0,1,0,0,0,0,0,0,0,0,0,0
1777318635999000,1777318635881000,0.0013806826,0.0017494773,0.0,1,0,0,0,0,0,0,0,0,0,0
1777318636055000,1777318635933000,0.0009387454,0.0023415764,0.0,1,0,0,0,0,0,0,0,0,0,0
1777318636103000,1777318635985000,0.00076395675,0.0008279353,0.0,1,0,0,0,0,0,0,0,0,0,0
1777318636159000,1777318636037000,0.0018584908,0.00042384976,0.0,1,0,0,0,0,0,0,0,0,0,0
1777318636207000,1777318636089000,0.0022658196,0.00092213403,0.0,1,0,0,0,0,0,0,0,0,0,0
1777318636255000,1777318636141000,0.0021895368,0.0007189746,0.0,1,0,0,0,0,0,0,0,0,0,0
1777318636311000,1777318636193000,0.002178151,0.0006855208,0.0,1,0,0,0,0,0,0,0,0,0,0
1777318636367000,1777318636245000,0.0013549806,0.0019820048,0.0,1,0,0,0,0,0,0,0,0,0,0
1777318636415000,1777318636297000,0.0019851532,0.0005709416,0.0,1,0,0,0,0,0,0,0,0,0,0
1777318636463000,1777318636349000,0.0021574483,0.0008700967,0.0,1,0,0,0,0,0,0,0,0,0,0
1777318636519000,1777318636401000,0.0014586266,0.00046579188,0.0,1,0,0,0,0,0,0,0,0,0,0
1777318636567000,1777318636453000,0.0008773946,0.0010615143,0.0,1,0,0,0,0,0,0,0,0,0,0
1777318636623000,1777318636505000,0.0006482895,0.002255335,0.0,1,0,0,0,0,0,0,0,0,0,0
1777318636679000,1777318636557000,0.0004703871,0.00064448605,0.0,1,0,0,0,0,0,0,0,0,0,0
1777318636727000,1777318636609000,0.0008754413,0.0006411347,0.0,1,0,0,0,0,0,0,0,0,0,0
1777318636783000,1777318636661000,0.0014436533,0.000936873,0.0,1,0,0,0,0,0,0,0,0,0,0
1777318636831000,1777318636713000,0.0021240127,0.000966192,0.0,1,0,0,0,0,0,0,0,0,0,0
1777318636879000,1777318636765000,0.002775739,0.00096116774,0.0,1,0,0,0,0,0,0,0,0,0,0
1777318636935000,1777318636817000,0.0021002225,0.0006570974,0.0,1,0,0,0,0,0,0,0,0,0,0
1777318636991000,1777318636869000,0.0012830183,0.00075438846,0.0,1,0,0,0,0,0,0,0,0,0,0
1777318637039000,1777318636921000,0.00061268767,0.0016507341,0.0,1,0,0,0,0,0,0,0,0,0,0
1777318637095000,1777318636973000,0.00076597877,0.0013400263,0.0,1,0,0,0,0,0,0,0,0,0,0
1777318637143000,1777318637025000,0.0011270414,0.0018335464,0.0,1,0,0,0,0,0,0,0,0,0,0
1777318637191000,1777318637077000,0.0011211807,0.0009237434,0.0,1,0,0,0,0,0,0,0,0,0,0
1777318637247000,1777318637129000,0.0015880046,0.00091893994,0.0,1,0,0,0,0,0,0,0,0,0,0
1777318637295000,1777318637181000,0.0026378187,0.0018144299,0.0,1,0,0,0,0,0,0,0,0,0,0
1777318637351000,1777318637233000,0.0028788398,0.0010054342,0.0,1,0,0,0,0,0,0,0,0,0,0
1777318637399000,1777318637285000,0.00059032696,0.0007011336,0.0,1,0,0,0,0,0,0,0,0,0,0
1777318637455000,1777318637337000,0.0007997077,0.000795144,0.0,1,0,0,0,0,0,0,0,0,0,0
1777318637503000,1777318637389000,0.0014188286,0.0008917172,0.0,1,0,0,0,0,0,0,0,0,0,0
1777318637559000,1777318637441000,0.0008631641,0.0014882765,0.0,1,0,0,0,0,0,0,0,0,0,0
1777318637607000,1777318637493000,0.0018974835,0.00018048869,0.0,1,0,0,0,0,0,0,0,0,0,0
1777318637663000,1777318637545000,0.0018590541,0.00012257387,0.0,1,0,0,0,0,0,0,0,0,0,0
1777318637711000,1777318637597000,0.0006010884,0.00012193648,0.0,1,0,0,0,0,0,0,0,0,0,0
1777318637767000,1777318637649000,0.0015741878,2.0594402e-05,0.0,1,0,0,0,0,0,0,0,0,0,0
1777318637815000,1777318637701000,0.0028746712,0.00037929293,0.0,1,0,0,0,0,0,0,0,0,0,0
1777318637871000,1777318637753000,0.002722292,0.00012316767,0.0,1,0,0,0,0,0,0,0,0,0,0
1777318637927000,1777318637805000,0.0024354388,0.0010798653,0.0,1,0,0,0,0,0,0,0,0,0,0
1777318637975000,1777318637857000,0.0024227747,0.0003265068,0.0,1,0,0,0,0,0,0,0,0,0,0
1777318638023000,1777318637909000,0.0018711038,0.0008745318,0.0,1,0,0,0,0,0,0,0,0,0,0
1777318638079000,1777318637961000,0.00053077895,0.00047020396,0.0,1,0,0,0,0,0,0,0,0,0,0
1777318638127000,1777318638013000,0.0005280189,0.00036705087,0.0,1,0,0,0,0,0,0,0,0,0,0
1777318638183000,1777318638065000,0.00052527315,0.0012654107,0.0,1,0,0,0,0,0,0,0,0,0,0
1777318638231000,1777318638117000,0.00052254176,0.00045927003,0.0,1,0,0,0,0,0,0,0,0,0,0
1777318638287000,1777318638169000,0.00084949454,0.0023581267,0.0,1,0,0,0,0,0,0,0,0,0,0
1777318638335000,1777318638221000,0.0011666677,0.0020437404,0.0,1,0,0,0,0,0,0,0,0,0,0
1777318638391000,1777318638273000,0.0008442607,0.001035188,0.0,1,0,0,0,0,0,0,0,0,0,0
1777318638447000,1777318638325000,0.00049730594,0.0013288772,0.0,1,0,0,0,0,0,0,0,0,0,0
1777318638495000,1777318638377000,0.00084075244,0.001120551,0.0,1,0,0,0,0,0,0,0,0,0,0
1777318638551000,1777318638429000,0.0013387982,0.00041587162,0.0,1,0,0,0,0,0,0,0,0,0,0
1777318638599000,1777318638481000,0.0018832355,0.0014146856,0.0,1,0,0,0,0,0,0,0,0,0,0
1777318638647000,1777318638533000,0.0011432312,0.00050706073,0.0,1,0,0,0,0,0,0,0,0,0,0
1777318638703000,1777318638585000,0.00082758564,0.00029513653,0.0,1,0,0,0,0,0,0,0,0,0,0
1777318638759000,1777318638637000,0.0011368936,0.0011938703,0.0,1,0,0,0,0,0,0,0,0,0,0
1777318638807000,1777318638689000,0.0018176723,0.0008885899,0.0,1,0,0,0,0,0,0,0,0,0,0
1777318638855000,1777318638741000,0.00046904403,0.0008158598,0.0,1,0,0,0,0,0,0,0,0,0,0
1777318638911000,1777318638793000,0.00046660498,0.0013121057,0.0,1,0,0,0,0,0,0,0,0,0,0
1777318638967000,1777318638845000,0.0021613003,0.0017050629,0.0,1,0,0,0,0,0,0,0,0,0,0
1777318639015000,1777318638897000,0.0019232155,0.00020504848,0.0,1,0,0,0,0,0,0,0,0,0,0
1777318639071000,1777318638949000,0.0019132147,0.001504031,0.0,1,0,0,0,0,0,0,0,0,0,0
1777318639119000,1777318639001000,0.0014043109,0.0006935978,0.0,1,0,0,0,0,0,0,0,0,0,0
1777318639175000,1777318639053000,0.0021963716,0.00030793378,0.0,1,0,0,0,0,0,0,0,0,0,0
1777318639223000,1777318639105000,0.001386708,0.0017070892,0.0,1,0,0,0,0,0,0,0,0,0,0
1777318639279000,1777318639157000,0.0020588401,0.003199677,0.0,1,0,0,0,0,0,0,0,0,0,0
1777318639327000,1777318639209000,0.0013689904,0.0017822819,0.0,1,0,0,0,0,0,0,0,0,0,0
1777318639375000,1777318639261000,0.000568361,0.0025725744,0.0,1,0,0,0,0,0,0,0,0,0,0
1777318639431000,1777318639313000,0.00082304695,0.002858269,0.0,1,0,0,0,0,0,0,0,0,0,0
1777318639487000,1777318639365000,0.0008187671,0.0017447732,0.0,1,0,0,0,0,0,0,0,0,0,0
1777318639535000,1777318639417000,0.0008145095,0.00033494364,0.0,1,0,0,0,0,0,0,0,0,0,0
1777318639583000,1777318639469000,0.00081027404,0.0005346179,0.0,1,0,0,0,0,0,0,0,0,0,0
1777318639639000,1777318639521000,0.00078741147,3.13496e-05,0.0,1,0,0,0,0,0,0,0,0,0,0
1777318639695000,1777318639573000,0.0021221945,0.0005700097,0.0,1,0,0,0,0,0,0,0,0,0,0
1777318639743000,1777318639625000,0.001845611,0.0002679734,0.0,1,0,0,0,0,0,0,0,0,0,0
1777318639799000,1777318639677000,0.0007649351,0.0007640164,0.0,1,0,0,0,0,0,0,0,0,0,0
1777318639847000,1777318639729000,0.0026154341,0.0008607515,0.0,1,0,0,0,0,0,0,0,0,0,0
1777318639903000,1777318639781000,0.0020125287,0.0016558361,0.0,1,0,0,0,0,0,0,0,0,0,0
1777318639951000,1777318639833000,0.0007662513,0.0012474455,0.0,1,0,0,0,0,0,0,0,0,0,0
1777318640007000,1777318639885000,0.00076226675,0.00024303386,0.0,1,0,0,0,0,0,0,0,0,0,0
1777318640055000,1777318639937000,0.0018086676,0.0018408911,0.0,1,0,0,0,0,0,0,0,0,0,0
1777318640103000,1777318639989000,0.0017992622,0.0004305616,0.0,1,0,0,0,0,0,0,0,0,0,0
1777318640159000,1777318640041000,0.00074112223,0.00012925043,0.0,1,0,0,0,0,0,0,0,0,0,0
1777318640207000,1777318640093000,0.0012940785,0.0013279191,0.0,1,0,0,0,0,0,0,0,0,0,0
1777318640263000,1777318640145000,0.0006059224,0.0020198664,0.0,1,0,0,0,0,0,0,0,0,0,0
1777318640319000,1777318640197000,0.001217658,0.0005109499,0.0,1,0,0,0,0,0,0,0,0,0,0
1777318640367000,1777318640249000,0.0005972608,0.0005933916,0.0,1,0,0,0,0,0,0,0,0,0,0
1777318640423000,1777318640301000,0.0019565616,0.0007886702,0.0,1,0,0,0,0,0,0,0,0,0,0
1777318640471000,1777318640353000,0.001304523,0.0005862049,0.0,1,0,0,0,0,0,0,0,0,0,0
1777318640527000,1777318640405000,0.0012977395,0.0003171119,0.0,1,0,0,0,0,0,0,0,0,0,0
1777318640575000,1777318640457000,0.0007403935,0.000117098665,0.0,1,0,0,0,0,0,0,0,0,0,0
1777318640623000,1777318640509000,0.0012296655,0.0015172465,0.0,1,0,0,0,0,0,0,0,0,0,0
1777318640679000,1777318640561000,0.001982758,0.0011065247,0.0,1,0,0,0,0,0,0,0,0,0,0
1777318640735000,1777318640613000,0.0019724476,0.0009024065,0.0,1,0,0,0,0,0,0,0,0,0,0
1777318640783000,1777318640665000,0.001921318,0.00059864175,0.0,1,0,0,0,0,0,0,0,0,0,0
1777318640831000,1777318640717000,0.0005923262,0.00039411278,0.0,1,0,0,0,0,0,0,0,0,0,0
1777318640887000,1777318640769000,0.002059569,0.0009079854,0.0,1,0,0,0,0,0,0,0,0,0,0
1777318640935000,1777318640821000,0.0020488591,0.0007965652,0.0,1,0,0,0,0,0,0,0,0,0,0
1777318640991000,1777318640873000,0.002660942,0.0012929114,0.0,1,0,0,0,0,0,0,0,0,0,0
1777318641047000,1777318640925000,0.0018904762,0.0007856999,0.0,1,0,0,0,0,0,0,0,0,0,0
1777318641095000,1777318640977000,0.00058580627,0.00028112595,0.0,1,0,0,0,0,0,0,0,0,0,0
1777318641151000,1777318641029000,0.0024222278,1.9408151e-05,0.0,1,0,0,0,0,0,0,0,0,0,0
1777318641199000,1777318641081000,0.0006671358,0.00012001523,0.0,1,0,0,0,0,0,0,0,0,0,0
1777318641255000,1777318641133000,0.00066366664,0.0006801694,0.0,1,0,0,0,0,0,0,0,0,0,0
1777318641303000,1777318641185000,0.001296611,0.00082178053,0.0,1,0,0,0,0,0,0,0,0,0,0
1777318641359000,1777318641237000,0.0012898686,0.00091821526,0.0,1,0,0,0,0,0,0,0,0,0,0
1777318641407000,1777318641289000,0.0007714008,0.00011387997,0.0,1,0,0,0,0,0,0,0,0,0,0
1777318641463000,1777318641341000,0.0013460966,0.00018883622,0.0,1,0,0,0,0,0,0,0,0,0,0
1777318641511000,1777318641393000,0.0005815874,0.00051404996,0.0,1,0,0,0,0,0,0,0,0,0,0
1777318641567000,1777318641445000,0.0006465128,0.00041066887,0.0,1,0,0,0,0,0,0,0,0,0,0
1777318641615000,1777318641497000,0.0007108979,0.00030782536,0.0,1,0,0,0,0,0,0,0,0,0,0
1777318641663000,1777318641549000,0.00064672506,0.0007060049,0.0,1,0,0,0,0,0,0,0,0,0,0
1777318641719000,1777318641601000,0.0016483101,0.0005039694,0.0,1,0,0,0,0,0,0,0,0,0,0
1777318641767000,1777318641653000,0.0016397389,0.0007987001,0.0,1,0,0,0,0,0,0,0,0,0,0
1777318641823000,1777318641705000,0.00062813726,0.0007945468,0.0,1,0,0,0,0,0,0,0,0,0,0
1777318641879000,1777318641757000,0.0016069857,0.00030821766,0.0,1,0,0,0,0,0,0,0,0,0,0
1777318641927000,1777318641809000,0.00055933924,0.0009934339,0.0,1,0,0,0,0,0,0,0,0,0,0
1777318641975000,1777318641861000,0.00061949855,0.0002863637,0.0,1,0,0,0,0,0,0,0,0,0,0
1777318642031000,1777318641913000,0.0016162037,0.00058699865,0.0,1,0,0,0,0,0,0,0,0,0,0
1777318642087000,1777318641965000,0.0015866637,8.345797e-05,0.0,1,0,0,0,0,0,0,0,0,0,0
1777318642135000,1777318642017000,0.0012523349,0.00091795257,0.0,1,0,0,0,0,0,0,0,0,0,0
1777318642191000,1777318642069000,0.00079976046,0.00041269092,0.0,1,0,0,0,0,0,0,0,0,0,0
1777318642239000,1777318642121000,0.00054928125,0.00011147268,0.0,1,0,0,0,0,0,0,0,0,0,0
1777318642287000,1777318642173000,0.000546425,0.00070903753,0.0,1,0,0,0,0,0,0,0,0,0,0
1777318642343000,1777318642225000,0.0007609832,0.0005069863,0.0,1,0,0,0,0,0,0,0,0,0,0
1777318642399000,1777318642277000,0.0007570261,0.0002052777,0.0,1,0,0,0,0,0,0,0,0,0,0
1777318642447000,1777318642329000,0.0018373895,0.001101427,0.0,1,0,0,0,0,0,0,0,0,0,0
1777318642503000,1777318642381000,0.0007880072,0.00039684714,0.0,1,0,0,0,0,0,0,0,0,0,0
1777318642551000,1777318642433000,0.0007436049,0.00019641929,0.0,1,0,0,0,0,0,0,0,0,0,0
1777318642607000,1777318642485000,0.0012712542,0.0005065063,0.0,1,0,0,0,0,0,0,0,0,0,0
1777318642655000,1777318642537000,0.0005610822,0.0010043607,0.0,1,0,0,0,0,0,0,0,0,0,0
1777318642711000,1777318642589000,0.0015984387,0.00020325452,0.0,1,0,0,0,0,0,0,0,0,0,0
1777318642759000,1777318642641000,0.0007927534,0.0006980709,0.0,1,0,0,0,0,0,0,0,0,0,0
1777318642815000,1777318642693000,0.00055469637,0.00030348392,0.0,1,0,0,0,0,0,0,0,0,0,0
1777318642863000,1777318642745000,0.00055181194,0.0004026138,0.0,1,0,0,0,0,0,0,0,0,0,0
1777318642911000,1777318642797000,0.00079437473,0.00029833228,0.0,1,0,0,0,0,0,0,0,0,0,0
1777318642967000,1777318642849000,0.0018274952,0.0010963414,0.0,1,0,0,0,0,0,0,0,0,0,0
1777318643015000,1777318642901000,0.0018179922,0.0008922762,0.0,1,0,0,0,0,0,0,0,0,0,0
1777318643071000,1777318642953000,0.0017892085,0.00048785607,0.0,1,0,0,0,0,0,0,0,0,0,0
1777318643119000,1777318643005000,0.0017799046,0.0010834637,0.0,1,0,0,0,0,0,0,0,0,0,0
1777318643175000,1777318643057000,0.0017916189,0.00022221915,0.0,1,0,0,0,0,0,0,0,0,0,0
1777318643231000,1777318643109000,0.0028745497,0.00062084384,0.0,1,0,0,0,0,0,0,0,0,0,0
1777318643279000,1777318643161000,0.0017480616,0.0003154914,0.0,1,0,0,0,0,0,0,0,0,0,0
1777318643327000,1777318643213000,0.0011990089,0.0005864176,0.0,1,0,0,0,0,0,0,0,0,0,0
1777318643383000,1777318643265000,0.0017631324,0.0008824405,0.0,1,0,0,0,0,0,0,0,0,0,0
1777318643439000,1777318643317000,0.0006734963,0.00087785174,0.0,1,0,0,0,0,0,0,0,0,0,0
1777318643487000,1777318643369000,0.00066999404,0.0006281779,0.0,1,0,0,0,0,0,0,0,0,0,0
1777318643543000,1777318643421000,0.0017255954,0.0014244718,0.0,1,0,0,0,0,0,0,0,0,0,0
1777318643591000,1777318643473000,0.0017407363,0.00041608803,0.0,1,0,0,0,0,0,0,0,0,0,0
1777318643639000,1777318643525000,0.00071020547,0.0011851967,0.0,1,0,0,0,0,0,0,0,0,0,0
1777318643695000,1777318643577000,0.00070651236,0.0013804496,0.0,1,0,0,0,0,0,0,0,0,0,0
1777318643743000,1777318643629000,0.0007028385,0.0002715867,0.0,1,0,0,0,0,0,0,0,0,0,0
1777318643799000,1777318643681000,0.00064571283,0.00047159044,0.0,1,0,0,0,0,0,0,0,0,0,0
1777318643847000,1777318643733000,0.0006423551,0.00033042236,0.0,1,0,0,0,0,0,0,0,0,0,0
1777318643903000,1777318643785000,0.0006953046,0.00042941218,0.0,1,0,0,0,0,0,0,0,0,0,0
1777318643959000,1777318643837000,0.0012974096,0.00062859524,0.0,1,0,0,0,0,0,0,0,0,0,0
1777318644007000,1777318643889000,0.0019986257,2.4130277e-05,0.0,1,0,0,0,0,0,0,0,0,0,0
1777318644055000,1777318643941000,0.0006773919,0.0008762637,0.0,1,0,0,0,0,0,0,0,0,0,0
1777318644111000,1777318643993000,0.0006706424,0.0012714873,0.0,1,0,0,0,0,0,0,0,0,0,0
1777318644159000,1777318644045000,0.00064168486,0.0011641675,0.0,1,0,0,0,0,0,0,0,0,0,0
1777318644215000,1777318644097000,0.0006383481,0.00055996934,0.0,1,0,0,0,0,0,0,0,0,0,0
1777318644263000,1777318644149000,0.0017227175,0.0002549335,0.0,1,0,0,0,0,0,0,0,0,0,0
1777318644319000,1777318644201000,0.0006616794,0.00085480406,0.0,1,0,0,0,0,0,0,0,0,0,0
1777318644367000,1777318644253000,0.00064308237,0.0005512868,0.0,1,0,0,0,0,0,0,0,0,0,0
1777318644423000,1777318644305000,0.002046481,0.0011465645,0.0,1,0,0,0,0,0,0,0,0,0,0
1777318644479000,1777318644357000,0.0012904082,0.0010398943,0.0,1,0,0,0,0,0,0,0,0,0,0
1777318644527000,1777318644409000,0.001283698,0.00013727008,0.0,1,0,0,0,0,0,0,0,0,0,0
1777318644583000,1777318644461000,0.00066168356,0.00043562852,0.0,1,0,0,0,0,0,0,0,0,0,0
1777318644631000,1777318644513000,0.0006582428,0.0005676133,0.0,1,0,0,0,0,0,0,0,0,0,0
1777318644679000,1777318644565000,0.001280268,0.0013642223,0.0,1,0,0,0,0,0,0,0,0,0,0
1777318644735000,1777318644617000,0.0012736105,0.0014578362,0.0,1,0,0,0,0,0,0,0,0,0,0
1777318644791000,1777318644669000,0.000672017,0.00025091472,0.0,1,0,0,0,0,0,0,0,0,0,0
1777318644839000,1777318644721000,0.0012639306,0.0010491705,0.0,1,0,0,0,0,0,0,0,0,0,0
1777318644895000,1777318644773000,0.0012573581,0.00045774993,0.0,1,0,0,0,0,0,0,0,0,0,0
1777318644943000,1777318644825000,0.0012508199,0.00014582663,0.0,1,0,0,0,0,0,0,0,0,0,0
1777318644999000,1777318644877000,0.001994163,0.00024577635,0.0,1,0,0,0,0,0,0,0,0,0,0
1777318645047000,1777318644929000,0.00064106827,0.0011417151,0.0,1,0,0,0,0,0,0,0,0,0,0
1777318645095000,1777318644981000,0.0006901876,0.0009374139,0.0,1,0,0,0,0,0,0,0,0,0,0
1777318645151000,1777318645033000,0.0007035734,3.2270793e-05,0.0,1,0,0,0,0,0,0,0,0,0,0
1777318645207000,1777318645085000,0.00068509235,0.00016931303,0.0,1,0,0,0,0,0,0,0,0,0,0
1777318645255000,1777318645137000,0.001970889,6.772459e-05,0.0,1,0,0,0,0,0,0,0,0,0,0
1777318645303000,1777318645189000,0.00065412326,0.00026573666,0.0,1,0,0,0,0,0,0,0,0,0,0
1777318645359000,1777318645241000,0.00069253845,6.599056e-05,0.0,1,0,0,0,0,0,0,0,0,0,0
1777318645415000,1777318645293000,0.0017327562,0.0005661357,0.0,1,0,0,0,0,0,0,0,0,0,0
1777318645463000,1777318645345000,0.0017270338,0.00096297206,0.0,1,0,0,0,0,0,0,0,0,0,0
1777318645519000,1777318645397000,0.0006742423,0.00065584056,0.0,1,0,0,0,0,0,0,0,0,0,0
1777318645567000,1777318645449000,0.0006790662,0.00055477396,0.0,1,0,0,0,0,0,0,0,0,0,0
1777318645623000,1777318645501000,0.0012628313,4.9307127e-05,0.0,1,0,0,0,0,0,0,0,0,0,0
1777318645671000,1777318645553000,0.0012562645,0.00025046675,0.0,1,0,0,0,0,0,0,0,0,0,0
1777318645719000,1777318645605000,0.0006619967,0.0012523005,0.0,1,0,0,0,0,0,0,0,0,0,0
1777318645775000,1777318645657000,0.0006678822,0.0016455686,0.0,1,0,0,0,0,0,0,0,0,0,0
1777318645831000,1777318645709000,0.0012585183,0.0017377196,0.0,1,0,0,0,0,0,0,0,0,0,0
1777318645879000,1777318645761000,0.000684505,0.00062699895,0.0,1,0,0,0,0,0,0,0,0,0,0
1777318645935000,1777318645813000,0.0006809456,0.00072444655,0.0,1,0,0,0,0,0,0,0,0,0,0
1777318645983000,1777318645865000,0.0006813829,0.0012211676,0.0,1,0,0,0,0,0,0,0,0,0,0
1777318646039000,1777318645917000,0.0020094723,0.002014378,0.0,1,0,0,0,0,0,0,0,0,0,0
1777318646087000,1777318645969000,0.0012479443,0.0020039033,0.0,1,0,0,0,0,0,0,0,0,0,0
1777318646143000,1777318646021000,0.001957679,0.00079414214,0.0,1,0,0,0,0,0,0,0,0,0,0
1777318646191000,1777318646073000,0.001233996,0.00021096395,0.0,1,0,0,0,0,0,0,0,0,0,0
1777318646247000,1777318646125000,0.0012275792,0.00079110963,0.0,1,0,0,0,0,0,0,0,0,0,0
1777318646295000,1777318646177000,0.0012211958,0.0006137609,0.0,1,0,0,0,0,0,0,0,0,0,0
1777318646343000,1777318646229000,0.0024711627,0.0011110576,0.0,1,0,0,0,0,0,0,0,0,0,0
1777318646399000,1777318646281000,0.00067420304,0.00050408376,0.0,1,0,0,0,0,0,0,0,0,0,0
1777318646455000,1777318646333000,0.0006706972,0.0010976585,0.0,1,0,0,0,0,0,0,0,0,0,0
1777318646503000,1777318646385000,0.0012259118,0.00010739011,0.0,1,0,0,0,0,0,0,0,0,0,0
1777318646551000,1777318646437000,0.0006220079,9.4584335e-05,0.0,1,0,0,0,0,0,0,0,0,0,0
1777318646607000,1777318646489000,0.0011956654,0.0013066643,0.0,1,0,0,0,0,0,0,0,0,0,0
1777318646663000,1777318646541000,0.0019555618,0.00070172513,0.0,1,0,0,0,0,0,0,0,0,0,0
1777318646711000,1777318646593000,0.0016904491,3.828085e-06,0.0,1,0,0,0,0,0,0,0,0,0,0
1777318646767000,1777318646645000,0.0019395553,3.808179e-06,0.0,1,0,0,0,0,0,0,0,0,0,0
1777318646815000,1777318646697000,0.0006728589,0.00040356864,0.0,1,0,0,0,0,0,0,0,0,0,0
1777318646863000,1777318646749000,0.0011714589,0.00039809043,0.0,1,0,0,0,0,0,0,0,0,0,0
1777318646919000,1777318646801000,0.0011653671,0.00060190447,0.0,1,0,0,0,0,0,0,0,0,0,0
1777318646967000,1777318646853000,0.00057608227,0.00050111825,0.0,1,0,0,0,0,0,0,0,0,0,0
1777318647023000,1777318646905000,0.0017570964,0.00089829264,0.0,1,0,0,0,0,0,0,0,0,0,0
1777318647079000,1777318646957000,0.0012111911,0.0009912777,0.0,1,0,0,0,0,0,0,0,0,0,0
1777318647127000,1777318647009000,0.0006726452,0.0019870996,0.0,1,0,0,0,0,0,0,0,0,0,0
1777318647175000,1777318647061000,0.00076404173,0.0010764981,0.0,1,0,0,0,0,0,0,0,0,0,0
1777318647231000,1777318647113000,0.0017378542,0.00027133973,0.0,1,0,0,0,0,0,0,0,0,0,0
1777318647279000,1777318647165000,0.0013243959,0.0006303397,0.0,1,0,0,0,0,0,0,0,0,0,0
1777318647335000,1777318647217000,0.0006638753,0.0009261342,0.0,1,0,0,0,0,0,0,0,0,0,0
1777318647391000,1777318647269000,0.0005957713,0.0014218065,0.0,1,0,0,0,0,0,0,0,0,0,0
1777318647439000,1777318647321000,0.0016543583,0.0020156093,0.0,1,0,0,0,0,0,0,0,0,0,0
1777318647487000,1777318647373000,0.0006882048,0.002005128,0.0,1,0,0,0,0,0,0,0,0,0,0
1777318647543000,1777318647425000,0.0006725778,0.0018939934,0.0,1,0,0,0,0,0,0,0,0,0,0
1777318647591000,1777318647477000,0.0017393832,0.0018841445,0.0,1,0,0,0,0,0,0,0,0,0,0
1777318647647000,1777318647529000,0.0006603934,0.00027522584,0.0,1,0,0,0,0,0,0,0,0,0,0
1777318647695000,1777318647581000,0.000594456,0.0011269621,0.0,1,0,0,0,0,0,0,0,0,0,0
1777318647751000,1777318647633000,0.0019323739,0.00017894688,0.0,1,0,0,0,0,0,0,0,0,0,0
1777318647807000,1777318647685000,0.0005813372,0.00042317988,0.0,1,0,0,0,0,0,0,0,0,0,0
1777318647855000,1777318647737000,0.0006659066,7.950893e-05,0.0,1,0,0,0,0,0,0,0,0,0,0
1777318647911000,1777318647789000,0.00069761556,0.00047887574,0.0,1,0,0,0,0,0,0,0,0,0,0
1777318647959000,1777318647841000,0.0016433186,0.00052459096,0.0,1,0,0,0,0,0,0,0,0,0,0
1777318648007000,1777318647893000,0.0016347732,0.00028074917,0.0,1,0,0,0,0,0,0,0,0,0,0
1777318648063000,1777318647945000,0.0027560298,0.0003769455,0.0,1,0,0,0,0,0,0,0,0,0,0
1777318648119000,1777318647997000,0.00161279,0.0016750342,0.0,1,0,0,0,0,0,0,0,0,0,0
1777318648167000,1777318648049000,0.0011315508,0.00056769117,0.0,1,0,0,0,0,0,0,0,0,0,0
1777318648223000,1777318648101000,0.0018813732,0.00096451945,0.0,1,0,0,0,0,0,0,0,0,0,0
1777318648271000,1777318648153000,0.00066752406,0.00095950393,0.0,1,0,0,0,0,0,0,0,0,0,0
1777318648319000,1777318648205000,0.0016400816,0.0002448263,0.0,1,0,0,0,0,0,0,0,0,0,0
1777318648375000,1777318648257000,0.0015825784,0.00024355321,0.0,1,0,0,0,0,0,0,0,0,0,0
1777318648431000,1777318648309000,0.001624227,0.00044370274,0.0,1,0,0,0,0,0,0,0,0,0,0
1777318648479000,1777318648361000,0.0005100714,4.1615218e-05,0.0,1,0,0,0,0,0,0,0,0,0,0
1777318648527000,1777318648413000,0.000507419,0.0013414476,0.0,1,0,0,0,0,0,0,0,0,0,0
1777318648583000,1777318648465000,0.002068016,0.001032348,0.0,1,0,0,0,0,0,0,0,0,0,0
1777318648639000,1777318648517000,0.0008338192,0.00042883528,0.0,1,0,0,0,0,0,0,0,0,0,0
1777318648687000,1777318648569000,0.0018494029,0.00017459094,0.0,1,0,0,0,0,0,0,0,0,0,0
1777318648743000,1777318648621000,0.001839786,0.00062587747,0.0,1,0,0,0,0,0,0,0,0,0,0
1777318648791000,1777318648673000,0.0028908502,0.0002776456,0.0,1,0,0,0,0,0,0,0,0,0,0
1777318648839000,1777318648725000,0.0013901283,0.00082548265,0.0,1,0,0,0,0,0,0,0,0,0,0
1777318648895000,1777318648777000,0.0018926571,0.0016207506,0.0,1,0,0,0,0,0,0,0,0,0,0
1777318648951000,1777318648829000,0.0018370629,0.0005136898,0.0,1,0,0,0,0,0,0,0,0,0,0
1777318648999000,1777318648881000,0.0011183002,0.00081009086,0.0,1,0,0,0,0,0,0,0,0,0,0
1777318649055000,1777318648933000,0.0018217856,0.0013063666,0.0,1,0,0,0,0,0,0,0,0,0,0
1777318649103000,1777318648985000,0.0011031611,0.0015986457,0.0,1,0,0,0,0,0,0,0,0,0,0
1777318649159000,1777318649037000,0.001770582,0.0007907722,0.0,1,0,0,0,0,0,0,0,0,0,0
1777318649207000,1777318649089000,0.0011757703,0.00081246084,0.0,1,0,0,0,0,0,0,0,0,0,0
1777318649255000,1777318649141000,0.0011696564,0.0014094323,0.0,1,0,0,0,0,0,0,0,0,0,0
1777318649311000,1777318649193000,0.0025326663,0.00020276243,0.0,1,0,0,0,0,0,0,0,0,0,0
1777318649367000,1777318649245000,0.003598173,0.0002987802,0.0,1,0,0,0,0,0,0,0,0,0,0
1777318649415000,1777318649297000,0.004533251,1.8457067e-06,0.0,1,0,0,0,0,0,0,0,0,0,0
1777318649463000,1777318649349000,0.0018258671,0.0010967967,0.0,1,0,0,0,0,0,0,0,0,0,0
1777318649519000,1777318649401000,0.0018163726,0.00010824751,0.0,1,0,0,0,0,0,0,0,0,0,0
1777318649567000,1777318649453000,0.0018069274,0.0011086612,0.0,1,0,0,0,0,0,0,0,0,0,0
1777318649623000,1777318649505000,0.002810224,0.0006024078,0.0,1,0,0,0,0,0,0,0,0,0,0
1777318649671000,1777318649557000,0.0015374224,0.0005992752,0.0,1,0,0,0,0,0,0,0,0,0,0
1777318649727000,1777318649609000,0.00044061439,0.0014964275,0.0,1,0,0,0,0,0,0,0,0,0,0
1777318649775000,1777318649661000,0.00091876934,0.001387938,0.0,1,0,0,0,0,0,0,0,0,0,0
1777318649831000,1777318649713000,0.0019059546,0.0020795732,0.0,1,0,0,0,0,0,0,0,0,0,0
1777318649879000,1777318649765000,0.0009048063,0.0014706149,0.0,1,0,0,0,0,0,0,0,0,0,0
1777318649935000,1777318649817000,0.0009001013,0.0012615517,0.0,1,0,0,0,0,0,0,0,0,0,0
1777318649991000,1777318649869000,0.0010222921,0.00065684714,0.0,1,0,0,0,0,0,0,0,0,0,0
1777318650039000,1777318649921000,0.0011518013,0.0010463975,0.0,1,0,0,0,0,0,0,0,0,0,0
1777318650087000,1777318649973000,0.0018064787,0.00054351974,0.0,1,0,0,0,0,0,0,0,0,0,0
1777318650143000,1777318650025000,0.00045961936,0.0011388379,0.0,1,0,0,0,0,0,0,0,0,0,0
1777318650191000,1777318650077000,0.0015493167,3.428303e-05,0.0,1,0,0,0,0,0,0,0,0,0,0
1777318650247000,1777318650129000,0.0015412602,0.001366652,0.0,1,0,0,0,0,0,0,0,0,0,0
1777318650295000,1777318650181000,0.0004416725,0.0006606929,0.0,1,0,0,0,0,0,0,0,0,0,0
1777318650351000,1777318650233000,0.0019087464,0.0022563783,0.0,1,0,0,0,0,0,0,0,0,0,0
1777318650407000,1777318650285000,0.0011431869,0.0010453042,0.0,1,0,0,0,0,0,0,0,0,0,0
1777318650455000,1777318650337000,0.00045103178,0.0008613764,0.0,1,0,0,0,0,0,0,0,0,0,0
1777318650511000,1777318650389000,0.0022159023,0.0017571656,0.0,1,0,0,0,0,0,0,0,0,0,0
1777318650559000,1777318650441000,0.0022043798,0.0013482481,0.0,1,0,0,0,0,0,0,0,0,0,0
1777318650607000,1777318650493000,0.0029176178,0.00074004097,0.0,1,0,0,0,0,0,0,0,0,0,0
1777318650663000,1777318650545000,0.0013857973,0.00093760877,0.0,1,0,0,0,0,0,0,0,0,0,0
1777318650719000,1777318650597000,0.00047291227,3.2464683e-05,0.0,1,0,0,0,0,0,0,0,0,0,0
1777318650767000,1777318650649000,0.0013788611,0.001167045,0.0,1,0,0,0,0,0,0,0,0,0,0
1777318650815000,1777318650701000,0.00069663255,0.0011609764,0.0,1,0,0,0,0,0,0,0,0,0,0
1777318650871000,1777318650753000,0.002564403,0.001057283,0.0,1,0,0,0,0,0,0,0,0,0,0
1777318650919000,1777318650805000,0.0025510683,0.00045058882,0.0,1,0,0,0,0,0,0,0,0,0,0
1777318650975000,1777318650857000,0.002072893,0.00064966176,0.0,1,0,0,0,0,0,0,0,0,0,0
1777318651031000,1777318650909000,0.0021415735,0.0005455755,0.0,1,0,0,0,0,0,0,0,0,0,0
1777318651079000,1777318650961000,0.0031550222,0.0017420794,0.0,1,0,0,0,0,0,0,0,0,0,0
1777318651135000,1777318651013000,0.0025056524,0.0004672968,0.0,1,0,0,0,0,0,0,0,0,0,0
1777318651183000,1777318651065000,0.0012951216,0.0001657946,0.0,1,0,0,0,0,0,0,0,0,0,0
1777318651239000,1777318651117000,0.0014231817,0.0013365323,0.0,1,0,0,0,0,0,0,0,0,0,0
1777318651287000,1777318651169000,0.00077092845,7.1174465e-05,0.0,1,0,0,0,0,0,0,0,0,0,0
1777318651343000,1777318651221000,0.0008537629,0.0003289759,0.0,1,0,0,0,0,0,0,0,0,0,0
1777318651391000,1777318651273000,0.0012570925,0.0004722953,0.0,1,0,0,0,0,0,0,0,0,0,0
1777318651439000,1777318651325000,0.001830952,0.0002320649,0.0,1,0,0,0,0,0,0,0,0,0,0
1777318651495000,1777318651377000,0.0015402809,0.0011280748,0.0,1,0,0,0,0,0,0,0,0,0,0
1777318651551000,1777318651429000,0.0006252671,0.0015250408,0.0,1,0,0,0,0,0,0,0,0,0,0
1777318651599000,1777318651481000,0.0012951721,0.0010166224,0.0,1,0,0,0,0,0,0,0,0,0,0
1777318651655000,1777318651533000,0.0007714544,0.00030943175,0.0,1,0,0,0,0,0,0,0,0,0,0
1777318651703000,1777318651585000,0.0007674428,0.000109458444,0.0,1,0,0,0,0,0,0,0,0,0,0
1777318651759000,1777318651637000,0.0007634521,0.00069067127,0.0,1,0,0,0,0,0,0,0,0,0,0
1777318651807000,1777318651689000,0.0007594821,0.00108686,0.0,1,0,0,0,0,0,0,0,0,0,0
1777318651855000,1777318651741000,0.000629695,0.0013833323,0.0,1,0,0,0,0,0,0,0,0,0,0
1777318651911000,1777318651793000,0.0006264206,0.00037516234,0.0,1,0,0,0,0,0,0,0,0,0,0
1777318651967000,1777318651845000,0.00048923097,0.0004739195,0.0,1,0,0,0,0,0,0,0,0,0,0
1777318652015000,1777318651897000,0.0004866869,0.00052952144,0.0,1,0,0,0,0,0,0,0,0,0,0
1777318652071000,1777318651949000,0.00085861166,0.00012698767,0.0,1,0,0,0,0,0,0,0,0,0,0
1777318652119000,1777318652001000,0.0012926575,0.0003246916,0.0,1,0,0,0,0,0,0,0,0,0,0
1777318652175000,1777318652053000,0.0019443751,0.0008234915,0.0,1,0,0,0,0,0,0,0,0,0,0
1777318652223000,1777318652105000,0.00048790756,0.00071850134,0.0,1,0,0,0,0,0,0,0,0,0,0
1777318652279000,1777318652157000,0.0012782685,8.479541e-05,0.0,1,0,0,0,0,0,0,0,0,0,0
1777318652327000,1777318652209000,0.0006006853,0.00038342673,0.0,1,0,0,0,0,0,0,0,0,0,0
1777318652375000,1777318652261000,0.00059756177,0.00088192115,0.0,1,0,0,0,0,0,0,0,0,0,0
1777318652431000,1777318652313000,0.00048723503,0.00087733514,0.0,1,0,0,0,0,0,0,0,0,0,0
1777318652479000,1777318652365000,0.0005943538,0.00062869175,0.0,1,0,0,0,0,0,0,0,0,0,0
1777318652535000,1777318652417000,0.0005912631,0.00022564226,0.0,1,0,0,0,0,0,0,0,0,0,0
1777318652583000,1777318652469000,0.00086060516,7.76551e-05,0.0,1,0,0,0,0,0,0,0,0,0,0
1777318652639000,1777318652521000,0.00085613,0.0006753958,0.0,1,0,0,0,0,0,0,0,0,0,0
1777318652687000,1777318652573000,0.0008516781,0.0009740077,0.0,1,0,0,0,0,0,0,0,0,0,0
1777318652743000,1777318652625000,0.0015658768,0.00033110596,0.0,1,0,0,0,0,0,0,0,0,0,0
1777318652799000,1777318652677000,0.0019834465,0.0014310688,0.0,1,0,0,0,0,0,0,0,0,0,0
1777318652847000,1777318652729000,0.0027155927,0.0017226994,0.0,1,0,0,0,0,0,0,0,0,0,0
1777318652895000,1777318652781000,0.002852758,0.001213253,0.0,1,0,0,0,0,0,0,0,0,0,0
1777318652951000,1777318652833000,0.0026208686,0.0020065047,0.0,1,0,0,0,0,0,0,0,0,0,0
1777318652999000,1777318652885000,0.0015190603,0.0019960708,0.0,1,0,0,0,0,0,0,0,0,0,0
1777318653055000,1777318652937000,0.0015111613,0.0019856913,0.0,1,0,0,0,0,0,0,0,0,0,0
1777318653103000,1777318652989000,0.0018189551,0.0010750971,0.0,1,0,0,0,0,0,0,0,0,0,0
1777318653159000,1777318653041000,0.0018094964,0.00012983417,0.0,1,0,0,0,0,0,0,0,0,0,0
1777318653215000,1777318653093000,0.0005252407,0.0005289393,0.0,1,0,0,0,0,0,0,0,0,0,0
1777318653263000,1777318653145000,0.0008621572,0.0003247728,0.0,1,0,0,0,0,0,0,0,0,0,0
1777318653311000,1777318653197000,0.0005264283,0.00017740432,0.0,1,0,0,0,0,0,0,0,0,0,0
1777318653367000,1777318653249000,0.00046767265,0.00047555406,0.0,1,0,0,0,0,0,0,0,0,0,0
1777318653415000,1777318653301000,0.002077245,0.0005737892,0.0,1,0,0,0,0,0,0,0,0,0,0
1777318653471000,1777318653353000,0.0014003199,0.0019316357,0.0,1,0,0,0,0,0,0,0,0,0,0
1777318653519000,1777318653405000,0.0013558266,0.00022176211,0.0,1,0,0,0,0,0,0,0,0,0,0
1777318653575000,1777318653457000,0.002010615,0.0003805873,0.0,1,0,0,0,0,0,0,0,0,0,0
1777318653631000,1777318653509000,0.002638537,0.00037860824,0.0,1,0,0,0,0,0,0,0,0,0,0
1777318653679000,1777318653561000,0.00083333446,0.00087712775,0.0,1,0,0,0,0,0,0,0,0,0,0
1777318653735000,1777318653613000,0.00082900113,0.001171639,0.0,1,0,0,0,0,0,0,0,0,0,0
1777318653783000,1777318653665000,0.0018978566,0.00013450242,0.0,1,0,0,0,0,0,0,0,0,0,0
1777318653831000,1777318653717000,0.0021489968,0.00033216726,0.0,1,0,0,0,0,0,0,0,0,0,0
1777318653887000,1777318653769000,0.0019007418,0.0017311968,0.0,1,0,0,0,0,0,0,0,0,0,0
1777318653935000,1777318653821000,0.0029700205,0.0017221945,0.0,1,0,0,0,0,0,0,0,0,0,0
1777318653991000,1777318653873000,0.0031680278,0.0009136785,0.0,1,0,0,0,0,0,0,0,0,0,0
1777318654039000,1777318653925000,0.002953237,0.00019275717,0.0,1,0,0,0,0,0,0,0,0,0,0
1777318654095000,1777318653977000,0.001844714,0.0009913153,0.0,1,0,0,0,0,0,0,0,0,0,0
1777318654143000,1777318654029000,0.0018351214,0.0008854525,0.0,1,0,0,0,0,0,0,0,0,0,0
1777318654199000,1777318654081000,0.0018069638,0.0013813364,0.0,1,0,0,0,0,0,0,0,0,0,0
1777318654247000,1777318654133000,0.0012652042,0.002274422,0.0,1,0,0,0,0,0,0,0,0,0,0
1777318654303000,1777318654185000,0.0019420565,0.0017621065,0.0,1,0,0,0,0,0,0,0,0,0,0
1777318654359000,1777318654237000,0.0012487334,0.000651259,0.0,1,0,0,0,0,0,0,0,0,0,0
1777318654407000,1777318654289000,0.0018735111,0.00024809214,0.0,1,0,0,0,0,0,0,0,0,0,0
1777318654455000,1777318654341000,0.0017846575,0.00044821808,0.0,1,0,0,0,0,0,0,0,0,0,0
1777318654511000,1777318654393000,0.0020413527,0.00015530892,0.0,1,0,0,0,0,0,0,0,0,0,0
1777318654559000,1777318654445000,0.00069382886,0.0013538421,0.0,1,0,0,0,0,0,0,0,0,0,0
1777318654615000,1777318654497000,0.000690221,0.0018472904,0.0,1,0,0,0,0,0,0,0,0,0,0
1777318654671000,1777318654549000,0.0020235807,0.00053763564,0.0,1,0,0,0,0,0,0,0,0,0,0
1777318654719000,1777318654601000,0.0012047447,6.6356326e-05,0.0,1,0,0,0,0,0,0,0,0,0,0
1777318654775000,1777318654653000,0.0005737856,3.4696735e-05,0.0,1,0,0,0,0,0,0,0,0,0,0
1777318654823000,1777318654705000,0.00067279243,0.00026455594,0.0,1,0,0,0,0,0,0,0,0,0,0
1777318654871000,1777318654757000,0.0007741338,0.00016552399,0.0,1,0,0,0,0,0,0,0,0,0,0
1777318654927000,1777318654809000,0.00066743605,0.0004637355,0.0,1,0,0,0,0,0,0,0,0,0,0
1777318654975000,1777318654861000,0.0011933742,0.00025990803,0.0,1,0,0,0,0,0,0,0,0,0,0
1777318655031000,1777318654913000,0.001144845,0.00044029596,0.0,1,0,0,0,0,0,0,0,0,0,0
1777318655087000,1777318654965000,0.0018431919,6.248185e-05,0.0,1,0,0,0,0,0,0,0,0,0,0
1777318655135000,1777318655017000,0.0018336072,0.0014393078,0.0,1,0,0,0,0,0,0,0,0,0,0
1777318655183000,1777318655069000,0.001855693,0.0014318234,0.0,1,0,0,0,0,0,0,0,0,0,0
1777318655239000,1777318655121000,0.0011133997,0.0014243778,0.0,1,0,0,0,0,0,0,0,0,0,0
1777318655287000,1777318655173000,0.0025420734,0.0008157747,0.0,1,0,0,0,0,0,0,0,0,0,0
1777318655343000,1777318655225000,0.00064901775,0.0018125093,0.0,1,0,0,0,0,0,0,0,0,0,0
1777318655391000,1777318655277000,0.0006456428,0.00070139964,0.0,1,0,0,0,0,0,0,0,0,0,0
1777318655447000,1777318655329000,0.00055280986,0.0003986801,0.0,1,0,0,0,0,0,0,0,0,0,0
1777318655503000,1777318655381000,0.0007362629,0.00049731496,0.0,1,0,0,0,0,0,0,0,0,0,0
1777318655551000,1777318655433000,0.0013802132,0.0005062476,0.0,1,0,0,0,0,0,0,0,0,0,0
1777318655607000,1777318655485000,0.0020575786,0.00010383487,0.0,1,0,0,0,0,0,0,0,0,0,0
1777318655655000,1777318655537000,0.0013638013,0.0008021474,0.0,1,0,0,0,0,0,0,0,0,0,0
1777318655703000,1777318655589000,0.00070863427,0.00019983173,0.0,1,0,0,0,0,0,0,0,0,0,0
1777318655759000,1777318655641000,0.00054363214,0.00010333142,0.0,1,0,0,0,0,0,0,0,0,0,0
1777318655807000,1777318655693000,0.0005408052,0.00060328236,0.0,1,0,0,0,0,0,0,0,0,0,0
1777318655863000,1777318655745000,0.0011033122,0.0006999035,0.0,1,0,0,0,0,0,0,0,0,0,0
1777318655911000,1777318655797000,0.00117299,0.00029648378,0.0,1,0,0,0,0,0,0,0,0,0,0
1777318655967000,1777318655849000,0.0013637586,0.0018971148,0.0,1,0,0,0,0,0,0,0,0,0,0
1777318656015000,1777318655901000,0.0014177578,0.0010846376,0.0,1,0,0,0,0,0,0,0,0,0,0
1777318656071000,1777318655953000,0.0017577229,0.0012804135,0.0,1,0,0,0,0,0,0,0,0,0,0
1777318656127000,1777318656005000,0.0006653046,0.0009746831,0.0,1,0,0,0,0,0,0,0,0,0,0
1777318656175000,1777318656057000,0.0014072194,0.0008309223,0.0,1,0,0,0,0,0,0,0,0,0,0
1777318656223000,1777318656109000,0.00066128734,0.0003261132,0.0,1,0,0,0,0,0,0,0,0,0,0
1777318656279000,1777318656161000,0.001170136,0.0004251254,0.0,1,0,0,0,0,0,0,0,0,0,0
1777318656335000,1777318656213000,0.0017357533,0.0005780618,0.0,1,0,0,0,0,0,0,0,0,0,0
1777318656383000,1777318656265000,0.0017854687,0.0012739083,0.0,1,0,0,0,0,0,0,0,0,0,0
1777318656439000,1777318656317000,0.0007797586,3.276486e-05,0.0,1,0,0,0,0,0,0,0,0,0,0
1777318656487000,1777318656369000,0.0011568032,0.00046789378,0.0,1,0,0,0,0,0,0,0,0,0,0
1777318656543000,1777318656421000,0.0005805129,0.00046546073,0.0,1,0,0,0,0,0,0,0,0,0,0
1777318656591000,1777318656473000,0.0007797071,0.0002616243,0.0,1,0,0,0,0,0,0,0,0,0,0
1777318656647000,1777318656525000,0.00077565265,0.0007607521,0.0,1,0,0,0,0,0,0,0,0,0,0
1777318656695000,1777318656577000,0.00077161926,0.00095821224,0.0,1,0,0,0,0,0,0,0,0,0,0
1777318656751000,1777318656629000,0.0006271078,0.00064894324,0.0,1,0,0,0,0,0,0,0,0,0,0
1777318656799000,1777318656681000,0.001841906,0.0013444212,0.0,1,0,0,0,0,0,0,0,0,0,0
1777318656847000,1777318656733000,0.0011269137,0.0012367222,0.0,1,0,0,0,0,0,0,0,0,0,0
1777318656903000,1777318656785000,nan,nan,nan,1,0,0,0,0,0,0,0,0,0,0
1777318656959000,1777318656837000,nan,nan,nan,1,0,0,0,0,0,0,0,0,0,0
1777318657007000,1777318656889000,nan,nan,nan,1,0,0,0,0,0,0,0,0,0,0
1777318657063000,1777318656941000,nan,nan,nan,1,0,0,0,0,0,0,0,0,0,0
1777318657111000,1777318656993000,nan,nan,nan,1,0,0,0,0,0,0,0,0,0,0
1777318657159000,1777318657045000,nan,nan,nan,1,0,0,0,0,0,0,0,0,0,0
1777318657215000,1777318657097000,nan,nan,nan,1,0,0,0,0,0,0,0,0,0,0
1777318657263000,1777318657149000,nan,nan,nan,1,0,0,0,0,0,0,0,0,0,0
1777318657319000,1777318657201000,nan,nan,nan,1,0,0,0,0,0,0,0,0,0,0
1777318657367000,1777318657253000,nan,nan,nan,1,0,0,0,0,0,0,0,0,0,0
1777318657423000,1777318657305000,nan,nan,nan,1,0,0,0,0,0,0,0,0,0,0
1777318657471000,1777318657357000,nan,nan,nan,1,0,0,0,0,0,0,0,0,0,0
1777318657527000,1777318657409000,nan,nan,nan,1,0,0,0,0,0,0,0,0,0,0
1777318657575000,1777318657461000,nan,nan,nan,1,0,0,0,0,0,0,0,0,0,0
1777318657631000,1777318657513000,nan,nan,nan,1,0,0,0,0,0,0,0,0,0,0
1777318657687000,1777318657565000,nan,nan,nan,1,0,0,0,0,0,0,0,0,0,0
1777318657735000,1777318657617000,nan,nan,nan,1,0,0,0,0,0,0,0,0,0,0
1777318657783000,1777318657669000,nan,nan,nan,1,0,0,0,0,0,0,0,0,0,0
1777318657839000,1777318657721000,nan,nan,nan,1,0,0,0,0,0,0,0,0,0,0
1777318657887000,1777318657773000,nan,nan,nan,1,0,0,0,0,0,0,0,0,0,0
1777318657943000,1777318657825000,nan,nan,nan,1,0,0,0,0,0,0,0,0,0,0
1777318657991000,1777318657877000,nan,nan,nan,1,0,0,0,0,0,0,0,0,0,0
1777318658047000,1777318657929000,nan,nan,nan,1,0,0,0,0,0,0,0,0,0,0
1777318658103000,1777318657981000,nan,nan,nan,1,0,0,0,0,0,0,0,0,0,0
1777318658151000,1777318658033000,nan,nan,nan,1,0,0,0,0,0,0,0,0,0,0
1777318658199000,1777318658085000,nan,nan,nan,1,0,0,0,0,0,0,0,0,0,0
1777318658255000,1777318658137000,nan,nan,nan,1,0,0,0,0,0,0,0,0,0,0
1777318658311000,1777318658189000,nan,nan,nan,1,0,0,0,0,0,0,0,0,0,0
1777318658359000,1777318658241000,nan,nan,nan,1,0,0,0,0,0,0,0,0,0,0
1777318658415000,1777318658293000,nan,nan,nan,1,0,0,0,0,0,0,0,0,0,0
1777318658463000,1777318658345000,nan,nan,nan,1,0,0,0,0,0,0,0,0,0,0
1777318658511000,1777318658397000,nan,nan,nan,1,0,0,0,0,0,0,0,0,0,0
1777318658567000,1777318658449000,nan,nan,nan,1,0,0,0,0,0,0,0,0,0,0
1777318658615000,1777318658501000,nan,nan,nan,1,0,0,0,0,0,0,0,0,0,0
1777318658671000,1777318658553000,nan,nan,nan,1,0,0,0,0,0,0,0,0,0,0
1777318658719000,1777318658605000,nan,nan,nan,1,0,0,0,0,0,0,0,0,0,0
1777318658775000,1777318658657000,nan,nan,nan,1,0,0,0,0,0,0,0,0,0,0
1777318658823000,1777318658709000,nan,nan,nan,1,0,0,0,0,0,0,0,0,0,0
1777318658879000,1777318658761000,nan,nan,nan,1,0,0,0,0,0,0,0,0,0,0
1777318658935000,1777318658813000,nan,nan,nan,1,0,0,0,0,0,0,0,0,0,0
1777318658983000,1777318658865000,nan,nan,nan,1,0,0,0,0,0,0,0,0,0,0
1777318659031000,1777318658917000,nan,nan,nan,1,0,0,0,0,0,0,0,0,0,0
1777318659087000,1777318658969000,nan,nan,nan,1,0,0,0,0,0,0,0,0,0,0
1777318659135000,1777318659021000,nan,nan,nan,1,0,0,0,0,0,0,0,0,0,0
1777318659191000,1777318659073000,nan,nan,nan,1,0,0,0,0,0,0,0,0,0,0
1777318659239000,1777318659125000,nan,nan,nan,1,0,0,0,0,0,0,0,0,0,0
1777318659295000,1777318659177000,nan,nan,nan,1,0,0,0,0,0,0,0,0,0,0
1777318659351000,1777318659229000,nan,nan,nan,1,0,0,0,0,0,0,0,0,0,0
1777318659399000,1777318659281000,nan,nan,nan,1,0,0,0,0,0,0,0,0,0,0
1777318659455000,1777318659333000,nan,nan,nan,1,0,0,0,0,0,0,0,0,0,0
1777318659503000,1777318659385000,nan,nan,nan,1,0,0,0,0,0,0,0,0,0,0
1777318659559000,1777318659437000,nan,nan,nan,1,0,0,0,0,0,0,0,0,0,0
1777318659607000,1777318659489000,nan,nan,nan,1,0,0,0,0,0,0,0,0,0,0
1777318659655000,1777318659541000,nan,nan,nan,1,0,0,0,0,0,0,0,0,0,0
1777318659711000,1777318659593000,nan,nan,nan,1,0,0,0,0,0,0,0,0,0,0
1777318659759000,1777318659645000,nan,nan,nan,1,0,0,0,0,0,0,0,0,0,0
1777318659815000,1777318659697000,nan,nan,nan,1,0,0,0,0,0,0,0,0,0,0
1777318659871000,1777318659749000,nan,nan,nan,1,0,0,0,0,0,0,0,0,0,0
1777318659919000,1777318659801000,nan,nan,nan,1,0,0,0,0,0,0,0,0,0,0
1777318659967000,1777318659853000,nan,nan,nan,1,0,0,0,0,0,0,0,0,0,0
1777318660023000,1777318659905000,nan,nan,nan,1,0,0,0,0,0,0,0,0,0,0
1777318660071000,1777318659957000,nan,nan,nan,1,0,0,0,0,0,0,0,0,0,0
1777318660127000,1777318660009000,nan,nan,nan,1,0,0,0,0,0,0,0,0,0,0
1777318660183000,1777318660061000,nan,nan,nan,1,0,0,0,0,0,0,0,0,0,0
1777318660231000,1777318660113000,nan,nan,nan,1,0,0,0,0,0,0,0,0,0,0
1777318660279000,1777318660165000,nan,nan,nan,1,0,0,0,0,0,0,0,0,0,0
1777318660335000,1777318660217000,nan,nan,nan,1,0,0,0,0,0,0,0,0,0,0
1777318660391000,1777318660269000,nan,nan,nan,1,0,0,0,0,0,0,0,0,0,0
1777318660439000,1777318660321000,nan,nan,nan,1,0,0,0,0,0,0,0,0,0,0
1777318660495000,1777318660373000,nan,nan,nan,1,0,0,0,0,0,0,0,0,0,0
1777318660543000,1777318660425000,nan,nan,nan,1,0,0,0,0,0,0,0,0,0,0
1777318660591000,1777318660477000,nan,nan,nan,1,0,0,0,0,0,0,0,0,0,0
1777318660647000,1777318660529000,nan,nan,nan,1,0,0,0,0,0,0,0,0,0,0
1777318660695000,1777318660581000,nan,nan,nan,1,0,0,0,0,0,0,0,0,0,0
1777318660751000,1777318660633000,nan,nan,nan,1,0,0,0,0,0,0,0,0,0,0
1777318660807000,1777318660685000,nan,nan,nan,1,0,0,0,0,0,0,0,0,0,0
1777318660855000,1777318660737000,nan,nan,nan,1,0,0,0,0,0,0,0,0,0,0
1777318660903000,1777318660789000,nan,nan,nan,1,0,0,0,0,0,0,0,0,0,0
1777318660959000,1777318660841000,nan,nan,nan,1,0,0,0,0,0,0,0,0,0,0
1777318661015000,1777318660893000,nan,nan,nan,1,0,0,0,0,0,0,0,0,0,0
1777318661063000,1777318660945000,nan,nan,nan,1,0,0,0,0,0,0,0,0,0,0
1777318661119000,1777318660997000,nan,nan,nan,1,0,0,0,0,0,0,0,0,0,0
1777318661167000,1777318661049000,nan,nan,nan,1,0,0,0,0,0,0,0,0,0,0
1777318661215000,1777318661101000,nan,nan,nan,1,0,0,0,0,0,0,0,0,0,0
1777318661271000,1777318661153000,nan,nan,nan,1,0,0,0,0,0,0,0,0,0,0
1777318661327000,1777318661205000,nan,nan,nan,1,0,0,0,0,0,0,0,0,0,0
1777318661375000,1777318661257000,nan,nan,nan,1,0,0,0,0,0,0,0,0,0,0
1777318661431000,1777318661309000,nan,nan,nan,1,0,0,0,0,0,0,0,0,0,0
1777318661479000,1777318661361000,nan,nan,nan,1,0,0,0,0,0,0,0,0,0,0
1777318661527000,1777318661413000,nan,nan,nan,1,0,0,0,0,0,0,0,0,0,0
1777318661583000,1777318661465000,nan,nan,nan,1,0,0,0,0,0,0,0,0,0,0
1777318661639000,1777318661517000,nan,nan,nan,1,0,0,0,0,0,0,0,0,0,0
1777318661687000,1777318661569000,nan,nan,nan,1,0,0,0,0,0,0,0,0,0,0
1777318661735000,1777318661621000,nan,nan,nan,1,0,0,0,0,0,0,0,0,0,0
1777318661791000,1777318661673000,nan,nan,nan,1,0,0,0,0,0,0,0,0,0,0
1777318661847000,1777318661725000,nan,nan,nan,1,0,0,0,0,0,0,0,0,0,0
1777318661895000,1777318661777000,nan,nan,nan,1,0,0,0,0,0,0,0,0,0,0
1777318661951000,1777318661829000,nan,nan,nan,1,0,0,0,0,0,0,0,0,0,0
1777318661999000,1777318661881000,nan,nan,nan,1,0,0,0,0,0,0,0,0,0,0
1777318662047000,1777318661933000,nan,nan,nan,1,0,0,0,0,0,0,0,0,0,0
1777318662103000,1777318661985000,nan,nan,nan,1,0,0,0,0,0,0,0,0,0,0
1777318662159000,1777318662037000,nan,nan,nan,1,0,0,0,0,0,0,0,0,0,0
1777318662207000,1777318662089000,nan,nan,nan,1,0,0,0,0,0,0,0,0,0,0
1777318662263000,1777318662141000,nan,nan,nan,1,0,0,0,0,0,0,0,0,0,0
1777318662311000,1777318662193000,nan,nan,nan,1,0,0,0,0,0,0,0,0,0,0
1777318662359000,1777318662245000,nan,nan,nan,1,0,0,0,0,0,0,0,0,0,0
1777318662415000,1777318662297000,nan,nan,nan,1,0,0,0,0,0,0,0,0,0,0
1777318662471000,1777318662349000,nan,nan,nan,1,0,0,0,0,0,0,0,0,0,0
1777318662519000,1777318662401000,nan,nan,nan,1,0,0,0,0,0,0,0,0,0,0
1777318662575000,1777318662453000,nan,nan,nan,1,0,0,0,0,0,0,0,0,0,0
1777318662623000,1777318662505000,nan,nan,nan,1,0,0,0,0,0,0,0,0,0,0
1777318662671000,1777318662557000,nan,nan,nan,1,0,0,0,0,0,0,0,0,0,0
1777318662727000,1777318662609000,nan,nan,nan,1,0,0,0,0,0,0,0,0,0,0
1777318662775000,1777318662661000,nan,nan,nan,1,0,0,0,0,0,0,0,0,0,0
1777318662831000,1777318662713000,nan,nan,nan,1,0,0,0,0,0,0,0,0,0,0
1777318662887000,1777318662765000,nan,nan,nan,1,0,0,0,0,0,0,0,0,0,0
1777318662935000,1777318662817000,nan,nan,nan,1,0,0,0,0,0,0,0,0,0,0
1777318662991000,1777318662869000,nan,nan,nan,1,0,0,0,0,0,0,0,0,0,0
1777318663039000,1777318662921000,nan,nan,nan,1,0,0,0,0,0,0,0,0,0,0
1777318663087000,1777318662973000,nan,nan,nan,1,0,0,0,0,0,0,0,0,0,0
1777318663143000,1777318663025000,nan,nan,nan,1,0,0,0,0,0,0,0,0,0,0
1777318663199000,1777318663077000,nan,nan,nan,1,0,0,0,0,0,0,0,0,0,0
1777318663247000,1777318663129000,nan,nan,nan,1,0,0,0,0,0,0,0,0,0,0
1777318663295000,1777318663181000,nan,nan,nan,1,0,0,0,0,0,0,0,0,0,0
1777318663351000,1777318663233000,nan,nan,nan,1,0,0,0,0,0,0,0,0,0,0
1777318663399000,1777318663285000,nan,nan,nan,1,0,0,0,0,0,0,0,0,0,0
1777318663455000,1777318663337000,nan,nan,nan,1,0,0,0,0,0,0,0,0,0,0
1777318663511000,1777318663389000,nan,nan,nan,1,0,0,0,0,0,0,0,0,0,0
1777318663559000,1777318663441000,nan,nan,nan,1,0,0,0,0,0,0,0,0,0,0
1777318663615000,1777318663493000,nan,nan,nan,1,0,0,0,0,0,0,0,0,0,0
1777318663663000,1777318663545000,nan,nan,nan,1,0,0,0,0,0,0,0,0,0,0
1777318663711000,1777318663597000,nan,nan,nan,1,0,0,0,0,0,0,0,0,0,0
1777318663767000,1777318663649000,nan,nan,nan,1,0,0,0,0,0,0,0,0,0,0
1777318663823000,1777318663701000,nan,nan,nan,1,0,0,0,0,0,0,0,0,0,0
1777318663871000,1777318663753000,nan,nan,nan,1,0,0,0,0,0,0,0,0,0,0
1777318663919000,1777318663805000,nan,nan,nan,1,0,0,0,0,0,0,0,0,0,0
1777318663975000,1777318663857000,nan,nan,nan,1,0,0,0,0,0,0,0,0,0,0
1777318664031000,1777318663909000,nan,nan,nan,1,0,0,0,0,0,0,0,0,0,0
1777318664079000,1777318663961000,nan,nan,nan,1,0,0,0,0,0,0,0,0,0,0
1777318664135000,1777318664013000,nan,nan,nan,1,0,0,0,0,0,0,0,0,0,0
1777318664183000,1777318664065000,nan,nan,nan,1,0,0,0,0,0,0,0,0,0,0
1777318664239000,1777318664117000,nan,nan,nan,1,0,0,0,0,0,0,0,0,0,0
1777318664287000,1777318664169000,nan,nan,nan,1,0,0,0,0,0,0,0,0,0,0
1777318664343000,1777318664221000,nan,nan,nan,1,0,0,0,0,0,0,0,0,0,0
1777318664391000,1777318664273000,nan,nan,nan,1,0,0,0,0,0,0,0,0,0,0
1777318664439000,1777318664325000,nan,nan,nan,1,0,0,0,0,0,0,0,0,0,0
1777318664495000,1777318664377000,nan,nan,nan,1,0,0,0,0,0,0,0,0,0,0
1777318664543000,1777318664429000,nan,nan,nan,1,0,0,0,0,0,0,0,0,0,0
1777318664599000,1777318664481000,nan,nan,nan,1,0,0,0,0,0,0,0,0,0,0
1777318664647000,1777318664533000,nan,nan,nan,1,0,0,0,0,0,0,0,0,0,0
1777318664703000,1777318664585000,nan,nan,nan,1,0,0,0,0,0,0,0,0,0,0
1777318664759000,1777318664637000,nan,nan,nan,1,0,0,0,0,0,0,0,0,0,0
1777318664807000,1777318664689000,nan,nan,nan,1,0,0,0,0,0,0,0,0,0,0
1777318664863000,1777318664741000,nan,nan,nan,1,0,0,0,0,0,0,0,0,0,0
1777318664911000,1777318664793000,nan,nan,nan,1,0,0,0,0,0,0,0,0,0,0
1777318664959000,1777318664845000,nan,nan,nan,1,0,0,0,0,0,0,0,0,0,0
1777318665015000,1777318664897000,nan,nan,nan,1,0,0,0,0,0,0,0,0,0,0
1777318665063000,1777318664949000,nan,nan,nan,1,0,0,0,0,0,0,0,0,0,0
1777318665119000,1777318665001000,nan,nan,nan,1,0,0,0,0,0,0,0,0,0,0
1777318665167000,1777318665053000,nan,nan,nan,1,0,0,0,0,0,0,0,0,0,0
1777318665223000,1777318665105000,nan,nan,nan,1,0,0,0,0,0,0,0,0,0,0
1777318665279000,1777318665157000,nan,nan,nan,1,0,0,0,0,0,0,0,0,0,0
1777318665327000,1777318665209000,nan,nan,nan,1,0,0,0,0,0,0,0,0,0,0
1777318665383000,1777318665261000,nan,nan,nan,1,0,0,0,0,0,0,0,0,0,0
1777318665431000,1777318665313000,nan,nan,nan,1,0,0,0,0,0,0,0,0,0,0
1777318665487000,1777318665365000,nan,nan,nan,1,0,0,0,0,0,0,0,0,0,0
1777318665535000,1777318665417000,nan,nan,nan,1,0,0,0,0,0,0,0,0,0,0
1777318665583000,1777318665469000,nan,nan,nan,1,0,0,0,0,0,0,0,0,0,0
1777318665639000,1777318665521000,nan,nan,nan,1,0,0,0,0,0,0,0,0,0,0
1777318665687000,1777318665573000,nan,nan,nan,1,0,0,0,0,0,0,0,0,0,0
1777318665743000,1777318665625000,nan,nan,nan,1,0,0,0,0,0,0,0,0,0,0
1777318665799000,1777318665677000,nan,nan,nan,1,0,0,0,0,0,0,0,0,0,0
1777318665847000,1777318665729000,nan,nan,nan,1,0,0,0,0,0,0,0,0,0,0
1777318665903000,1777318665781000,nan,nan,nan,1,0,0,0,0,0,0,0,0,0,0
1777318665951000,1777318665833000,nan,nan,nan,1,0,0,0,0,0,0,0,0,0,0
1777318665999000,1777318665885000,nan,nan,nan,1,0,0,0,0,0,0,0,0,0,0
1777318666055000,1777318665937000,nan,nan,nan,1,0,0,0,0,0,0,0,0,0,0
1777318666103000,1777318665989000,nan,nan,nan,1,0,0,0,0,0,0,0,0,0,0
1777318666159000,1777318666041000,nan,nan,nan,1,0,0,0,0,0,0,0,0,0,0
1777318666207000,1777318666093000,nan,nan,nan,1,0,0,0,0,0,0,0,0,0,0
1777318666263000,1777318666145000,nan,nan,nan,1,0,0,0,0,0,0,0,0,0,0
1777318666319000,1777318666197000,nan,nan,nan,1,0,0,0,0,0,0,0,0,0,0
1777318666367000,1777318666249000,nan,nan,nan,1,0,0,0,0,0,0,0,0,0,0
1777318666423000,1777318666301000,nan,nan,nan,1,0,0,0,0,0,0,0,0,0,0
1777318666471000,1777318666353000,nan,nan,nan,1,0,0,0,0,0,0,0,0,0,0
1777318666527000,1777318666405000,nan,nan,nan,1,0,0,0,0,0,0,0,0,0,0
1777318666575000,1777318666457000,nan,nan,nan,1,0,0,0,0,0,0,0,0,0,0
1777318666623000,1777318666509000,nan,nan,nan,1,0,0,0,0,0,0,0,0,0,0
1777318666679000,1777318666561000,nan,nan,nan,1,0,0,0,0,0,0,0,0,0,0
1777318666727000,1777318666613000,nan,nan,nan,1,0,0,0,0,0,0,0,0,0,0
1777318666783000,1777318666665000,nan,nan,nan,1,0,0,0,0,0,0,0,0,0,0
1777318666831000,1777318666717000,nan,nan,nan,1,0,0,0,0,0,0,0,0,0,0
1777318666887000,1777318666769000,nan,nan,nan,1,0,0,0,0,0,0,0,0,0,0
1777318666935000,1777318666821000,nan,nan,nan,1,0,0,0,0,0,0,0,0,0,0
1777318666991000,1777318666873000,nan,nan,nan,1,0,0,0,0,0,0,0,0,0,0
1777318667047000,1777318666925000,nan,nan,nan,1,0,0,0,0,0,0,0,0,0,0
1777318667095000,1777318666977000,nan,nan,nan,1,0,0,0,0,0,0,0,0,0,0
1777318667143000,1777318667029000,nan,nan,nan,1,0,0,0,0,0,0,0,0,0,0
1777318667199000,1777318667081000,nan,nan,nan,1,0,0,0,0,0,0,0,0,0,0
1777318667255000,1777318667133000,nan,nan,nan,1,0,0,0,0,0,0,0,0,0,0
1777318667303000,1777318667185000,nan,nan,nan,1,0,0,0,0,0,0,0,0,0,0
1777318667359000,1777318667237000,nan,nan,nan,1,0,0,0,0,0,0,0,0,0,0
1777318667407000,1777318667289000,nan,nan,nan,1,0,0,0,0,0,0,0,0,0,0
1777318667463000,1777318667341000,nan,nan,nan,1,0,0,0,0,0,0,0,0,0,0
1777318667511000,1777318667393000,nan,nan,nan,1,0,0,0,0,0,0,0,0,0,0
1777318667559000,1777318667445000,nan,nan,nan,1,0,0,0,0,0,0,0,0,0,0
1777318667615000,1777318667497000,nan,nan,nan,1,0,0,0,0,0,0,0,0,0,0
1777318667663000,1777318667549000,nan,nan,nan,1,0,0,0,0,0,0,0,0,0,0
1777318667719000,1777318667601000,nan,nan,nan,1,0,0,0,0,0,0,0,0,0,0
1777318667775000,1777318667653000,nan,nan,nan,1,0,0,0,0,0,0,0,0,0,0
1777318667823000,1777318667705000,nan,nan,nan,1,0,0,0,0,0,0,0,0,0,0
1777318667871000,1777318667757000,nan,nan,nan,1,0,0,0,0,0,0,0,0,0,0
1777318667927000,1777318667809000,nan,nan,nan,1,0,0,0,0,0,0,0,0,0,0
1777318667975000,1777318667861000,nan,nan,nan,1,0,0,0,0,0,0,0,0,0,0
1777318668031000,1777318667913000,nan,nan,nan,1,0,0,0,0,0,0,0,0,0,0
1777318668079000,1777318667965000,nan,nan,nan,1,0,0,0,0,0,0,0,0,0,0
1777318668135000,1777318668017000,nan,nan,nan,1,0,0,0,0,0,0,0,0,0,0
1777318668191000,1777318668069000,nan,nan,nan,1,0,0,0,0,0,0,0,0,0,0
1777318668239000,1777318668121000,nan,nan,nan,1,0,0,0,0,0,0,0,0,0,0
1777318668295000,1777318668173000,nan,nan,nan,1,0,0,0,0,0,0,0,0,0,0
1777318668343000,1777318668225000,nan,nan,nan,1,0,0,0,0,0,0,0,0,0,0
1777318668391000,1777318668277000,nan,nan,nan,1,0,0,0,0,0,0,0,0,0,0
1777318668447000,1777318668329000,nan,nan,nan,1,0,0,0,0,0,0,0,0,0,0
1777318668503000,1777318668381000,nan,nan,nan,1,0,0,0,0,0,0,0,0,0,0
1777318668551000,1777318668433000,nan,nan,nan,1,0,0,0,0,0,0,0,0,0,0
1777318668599000,1777318668485000,nan,nan,nan,1,0,0,0,0,0,0,0,0,0,0
1777318668655000,1777318668537000,nan,nan,nan,1,0,0,0,0,0,0,0,0,0,0
1777318668703000,1777318668589000,nan,nan,nan,1,0,0,0,0,0,0,0,0,0,0
1777318668759000,1777318668641000,nan,nan,nan,1,0,0,0,0,0,0,0,0,0,0
1777318668807000,1777318668693000,nan,nan,nan,1,0,0,0,0,0,0,0,0,0,0
1777318668863000,1777318668745000,nan,nan,nan,1,0,0,0,0,0,0,0,0,0,0
1777318668911000,1777318668797000,nan,nan,nan,1,0,0,0,0,0,0,0,0,0,0
1777318668967000,1777318668849000,nan,nan,nan,1,0,0,0,0,0,0,0,0,0,0
1777318669015000,1777318668901000,nan,nan,nan,1,0,0,0,0,0,0,0,0,0,0
1777318669071000,1777318668953000,nan,nan,nan,1,0,0,0,0,0,0,0,0,0,0
1777318669127000,1777318669005000,nan,nan,nan,1,0,0,0,0,0,0,0,0,0,0
1777318669175000,1777318669057000,nan,nan,nan,1,0,0,0,0,0,0,0,0,0,0
1777318669231000,1777318669109000,nan,nan,nan,1,0,0,0,0,0,0,0,0,0,0
1777318669279000,1777318669161000,nan,nan,nan,1,0,0,0,0,0,0,0,0,0,0
1777318669327000,1777318669213000,nan,nan,nan,1,0,0,0,0,0,0,0,0,0,0
1777318669383000,1777318669265000,nan,nan,nan,1,0,0,0,0,0,0,0,0,0,0
1777318669431000,1777318669317000,nan,nan,nan,1,0,0,0,0,0,0,0,0,0,0
1777318669487000,1777318669369000,nan,nan,nan,1,0,0,0,0,0,0,0,0,0,0
1777318669535000,1777318669421000,nan,nan,nan,1,0,0,0,0,0,0,0,0,0,0
1777318669591000,1777318669473000,nan,nan,nan,1,0,0,0,0,0,0,0,0,0,0
1777318669639000,1777318669525000,nan,nan,nan,1,0,0,0,0,0,0,0,0,0,0
1777318669695000,1777318669577000,nan,nan,nan,1,0,0,0,0,0,0,0,0,0,0
1777318669751000,1777318669629000,nan,nan,nan,1,0,0,0,0,0,0,0,0,0,0
1777318669799000,1777318669681000,nan,nan,nan,1,0,0,0,0,0,0,0,0,0,0
1777318669855000,1777318669733000,nan,nan,nan,1,0,0,0,0,0,0,0,0,0,0
1777318669903000,1777318669785000,nan,nan,nan,1,0,0,0,0,0,0,0,0,0,0
1777318669951000,1777318669837000,nan,nan,nan,1,0,0,0,0,0,0,0,0,0,0
1777318670007000,1777318669889000,nan,nan,nan,1,0,0,0,0,0,0,0,0,0,0
1777318670055000,1777318669941000,nan,nan,nan,1,0,0,0,0,0,0,0,0,0,0
1777318670111000,1777318669993000,nan,nan,nan,1,0,0,0,0,0,0,0,0,0,0
1777318670167000,1777318670045000,nan,nan,nan,1,0,0,0,0,0,0,0,0,0,0
1777318670215000,1777318670097000,nan,nan,nan,1,0,0,0,0,0,0,0,0,0,0
1777318670271000,1777318670149000,nan,nan,nan,1,0,0,0,0,0,0,0,0,0,0
1777318670319000,1777318670201000,nan,nan,nan,1,0,0,0,0,0,0,0,0,0,0
1777318670367000,1777318670253000,nan,nan,nan,1,0,0,0,0,0,0,0,0,0,0
1777318670423000,1777318670305000,nan,nan,nan,1,0,0,0,0,0,0,0,0,0,0
1777318670471000,1777318670357000,nan,nan,nan,1,0,0,0,0,0,0,0,0,0,0
1777318670527000,1777318670409000,nan,nan,nan,1,0,0,0,0,0,0,0,0,0,0
1777318670575000,1777318670461000,nan,nan,nan,1,0,0,0,0,0,0,0,0,0,0
1777318670631000,1777318670513000,nan,nan,nan,1,0,0,0,0,0,0,0,0,0,0
1777318670687000,1777318670565000,nan,nan,nan,1,0,0,0,0,0,0,0,0,0,0
1777318670735000,1777318670617000,nan,nan,nan,1,0,0,0,0,0,0,0,0,0,0
1777318670791000,1777318670669000,nan,nan,nan,1,0,0,0,0,0,0,0,0,0,0
1777318670839000,1777318670721000,nan,nan,nan,1,0,0,0,0,0,0,0,0,0,0
1777318670887000,1777318670773000,nan,nan,nan,1,0,0,0,0,0,0,0,0,0,0
1777318670943000,1777318670825000,nan,nan,nan,1,0,0,0,0,0,0,0,0,0,0
1777318670991000,1777318670877000,nan,nan,nan,1,0,0,0,0,0,0,0,0,0,0
1777318671047000,1777318670929000,nan,nan,nan,1,0,0,0,0,0,0,0,0,0,0
1777318671103000,1777318670981000,nan,nan,nan,1,0,0,0,0,0,0,0,0,0,0
1777318671151000,1777318671033000,nan,nan,nan,1,0,0,0,0,0,0,0,0,0,0
1777318671199000,1777318671085000,nan,nan,nan,1,0,0,0,0,0,0,0,0,0,0
1777318671255000,1777318671137000,nan,nan,nan,1,0,0,0,0,0,0,0,0,0,0
1777318671311000,1777318671189000,nan,nan,nan,1,0,0,0,0,0,0,0,0,0,0
1777318671359000,1777318671241000,nan,nan,nan,1,0,0,0,0,0,0,0,0,0,0
1777318671407000,1777318671293000,nan,nan,nan,1,0,0,0,0,0,0,0,0,0,0
1777318671463000,1777318671345000,nan,nan,nan,1,0,0,0,0,0,0,0,0,0,0
1777318671511000,1777318671397000,nan,nan,nan,1,0,0,0,0,0,0,0,0,0,0
1777318671567000,1777318671449000,nan,nan,nan,1,0,0,0,0,0,0,0,0,0,0
1777318671615000,1777318671501000,nan,nan,nan,1,0,0,0,0,0,0,0,0,0,0
1777318671671000,1777318671553000,nan,nan,nan,1,0,0,0,0,0,0,0,0,0,0
1777318671719000,1777318671605000,nan,nan,nan,1,0,0,0,0,0,0,0,0,0,0
1777318671775000,1777318671657000,nan,nan,nan,1,0,0,0,0,0,0,0,0,0,0
1777318671823000,1777318671709000,nan,nan,nan,1,0,0,0,0,0,0,0,0,0,0
1777318671879000,1777318671761000,nan,nan,nan,1,0,0,0,0,0,0,0,0,0,0
1777318671935000,1777318671813000,nan,nan,nan,1,0,0,0,0,0,0,0,0,0,0
1777318671983000,1777318671865000,nan,nan,nan,1,0,0,0,0,0,0,0,0,0,0
1777318672039000,1777318671917000,nan,nan,nan,1,0,0,0,0,0,0,0,0,0,0
1777318672087000,1777318671969000,nan,nan,nan,1,0,0,0,0,0,0,0,0,0,0
1777318672143000,1777318672021000,nan,nan,nan,1,0,0,0,0,0,0,0,0,0,0
1777318672191000,1777318672073000,nan,nan,nan,1,0,0,0,0,0,0,0,0,0,0
1777318672239000,1777318672125000,nan,nan,nan,1,0,0,0,0,0,0,0,0,0,0
1777318672295000,1777318672177000,nan,nan,nan,1,0,0,0,0,0,0,0,0,0,0
1777318672351000,1777318672229000,nan,nan,nan,1,0,0,0,0,0,0,0,0,0,0
1777318672399000,1777318672281000,nan,nan,nan,1,0,0,0,0,0,0,0,0,0,0
1777318672447000,1777318672333000,nan,nan,nan,1,0,0,0,0,0,0,0,0,0,0
1777318672503000,1777318672385000,nan,nan,nan,1,0,0,0,0,0,0,0,0,0,0
1777318672559000,1777318672437000,nan,nan,nan,1,0,0,0,0,0,0,0,0,0,0
1777318672607000,1777318672489000,nan,nan,nan,1,0,0,0,0,0,0,0,0,0,0
1777318672663000,1777318672541000,nan,nan,nan,1,0,0,0,0,0,0,0,0,0,0
1777318672711000,1777318672593000,nan,nan,nan,1,0,0,0,0,0,0,0,0,0,0
1777318672759000,1777318672645000,nan,nan,nan,1,0,0,0,0,0,0,0,0,0,0
1777318672815000,1777318672697000,nan,nan,nan,1,0,0,0,0,0,0,0,0,0,0
1777318672863000,1777318672749000,nan,nan,nan,1,0,0,0,0,0,0,0,0,0,0
1777318672919000,1777318672801000,nan,nan,nan,1,0,0,0,0,0,0,0,0,0,0
1777318672967000,1777318672853000,nan,nan,nan,1,0,0,0,0,0,0,0,0,0,0
1777318673023000,1777318672905000,nan,nan,nan,1,0,0,0,0,0,0,0,0,0,0
1777318673071000,1777318672957000,nan,nan,nan,1,0,0,0,0,0,0,0,0,0,0
1777318673127000,1777318673009000,nan,nan,nan,1,0,0,0,0,0,0,0,0,0,0
1777318673175000,1777318673061000,nan,nan,nan,1,0,0,0,0,0,0,0,0,0,0
1777318673231000,1777318673113000,nan,nan,nan,1,0,0,0,0,0,0,0,0,0,0
1777318673279000,1777318673165000,nan,nan,nan,1,0,0,0,0,0,0,0,0,0,0
1777318673335000,1777318673217000,nan,nan,nan,1,0,0,0,0,0,0,0,0,0,0
1777318673383000,1777318673269000,nan,nan,nan,1,0,0,0,0,0,0,0,0,0,0
1777318673439000,1777318673321000,nan,nan,nan,1,0,0,0,0,0,0,0,0,0,0
1777318673495000,1777318673373000,nan,nan,nan,1,0,0,0,0,0,0,0,0,0,0
1777318673543000,1777318673425000,nan,nan,nan,1,0,0,0,0,0,0,0,0,0,0
1777318673591000,1777318673477000,nan,nan,nan,1,0,0,0,0,0,0,0,0,0,0
1777318673647000,1777318673529000,nan,nan,nan,1,0,0,0,0,0,0,0,0,0,0
1777318673703000,1777318673581000,nan,nan,nan,1,0,0,0,0,0,0,0,0,0,0
1777318673751000,1777318673633000,nan,nan,nan,1,0,0,0,0,0,0,0,0,0,0
1777318673807000,1777318673685000,nan,nan,nan,1,0,0,0,0,0,0,0,0,0,0
1777318673855000,1777318673737000,nan,nan,nan,1,0,0,0,0,0,0,0,0,0,0
1777318673903000,1777318673789000,nan,nan,nan,1,0,0,0,0,0,0,0,0,0,0
1777318673959000,1777318673841000,nan,nan,nan,1,0,0,0,0,0,0,0,0,0,0
1777318674015000,1777318673893000,nan,nan,nan,1,0,0,0,0,0,0,0,0,0,0
1777318674063000,1777318673945000,nan,nan,nan,1,0,0,0,0,0,0,0,0,0,0
1777318674111000,1777318673997000,nan,nan,nan,1,0,0,0,0,0,0,0,0,0,0
1777318674167000,1777318674049000,nan,nan,nan,1,0,0,0,0,0,0,0,0,0,0
1777318674215000,1777318674101000,nan,nan,nan,1,0,0,0,0,0,0,0,0,0,0
1777318674271000,1777318674153000,nan,nan,nan,1,0,0,0,0,0,0,0,0,0,0
1777318674319000,1777318674205000,nan,nan,nan,1,0,0,0,0,0,0,0,0,0,0
1777318674375000,1777318674257000,nan,nan,nan,1,0,0,0,0,0,0,0,0,0,0
1777318674423000,1777318674309000,nan,nan,nan,1,0,0,0,0,0,0,0,0,0,0
1777318674479000,1777318674361000,nan,nan,nan,1,0,0,0,0,0,0,0,0,0,0
1777318674527000,1777318674413000,nan,nan,nan,1,0,0,0,0,0,0,0,0,0,0
1777318674583000,1777318674465000,nan,nan,nan,1,0,0,0,0,0,0,0,0,0,0
1777318674639000,1777318674517000,nan,nan,nan,1,0,0,0,0,0,0,0,0,0,0
1777318674687000,1777318674569000,nan,nan,nan,1,0,0,0,0,0,0,0,0,0,0
1777318674743000,1777318674621000,nan,nan,nan,1,0,0,0,0,0,0,0,0,0,0
1777318674791000,1777318674673000,nan,nan,nan,1,0,0,0,0,0,0,0,0,0,0
1777318674847000,1777318674725000,nan,nan,nan,1,0,0,0,0,0,0,0,0,0,0
1777318674895000,1777318674777000,nan,nan,nan,1,0,0,0,0,0,0,0,0,0,0
1777318674951000,1777318674829000,nan,nan,nan,1,0,0,0,0,0,0,0,0,0,0
1777318674999000,1777318674881000,nan,nan,nan,1,0,0,0,0,0,0,0,0,0,0
1777318675055000,1777318674933000,nan,nan,nan,1,0,0,0,0,0,0,0,0,0,0
1777318675103000,1777318674985000,nan,nan,nan,1,0,0,0,0,0,0,0,0,0,0
1777318675151000,1777318675037000,nan,nan,nan,1,0,0,0,0,0,0,0,0,0,0
1777318675207000,1777318675089000,nan,nan,nan,1,0,0,0,0,0,0,0,0,0,0
1777318675263000,1777318675141000,nan,nan,nan,1,0,0,0,0,0,0,0,0,0,0
1777318675311000,1777318675193000,nan,nan,nan,1,0,0,0,0,0,0,0,0,0,0
1777318675367000,1777318675245000,nan,nan,nan,1,0,0,0,0,0,0,0,0,0,0
1777318675415000,1777318675297000,nan,nan,nan,1,0,0,0,0,0,0,0,0,0,0
